role,contestant_season_id,contestant_id,season_id,season_round_id,level,current_is_active,contestant_round_id,classification,reason,joined_at,created_at,updated_at
DEACTIVATE,5015,46,8,4,city,True,3,A_EXACT_ONE_AUTHORITATIVE_MATCH,DETERMINISTIC,2026-05-01 00:04:16.989189,2026-05-01 00:04:16.982579,2026-05-01 00:04:16.982579
DEACTIVATE,17143,46,267,28,city,True,3,A_EXACT_ONE_AUTHORITATIVE_MATCH,DETERMINISTIC,2026-09-03 12:08:16.976922,2026-09-03 12:08:16.962694,2026-09-03 12:08:16.962694
DEACTIVATE,14193,48,261,4,continent,True,3,A_EXACT_ONE_AUTHORITATIVE_MATCH,DETERMINISTIC,2026-09-03 13:04:24.665956,2026-07-01 00:05:22.162524,2026-09-03 13:04:07.238422
DEACTIVATE,15811,48,265,21,continent,True,3,A_EXACT_ONE_AUTHORITATIVE_MATCH,DETERMINISTIC,2026-09-03 13:04:15.377171,2026-08-01 02:38:44.536171,2026-09-03 13:04:07.238422
DEACTIVATE,5016,50,8,4,city,True,3,A_EXACT_ONE_AUTHORITATIVE_MATCH,DETERMINISTIC,2026-05-01 00:04:17.006858,2026-05-01 00:04:17.000626,2026-05-01 00:04:17.000626
DEACTIVATE,17175,50,267,28,city,True,3,A_EXACT_ONE_AUTHORITATIVE_MATCH,DETERMINISTIC,2026-09-03 12:08:17.296697,2026-09-03 12:08:17.282014,2026-09-03 12:08:17.282014
DEACTIVATE,5022,54,8,4,city,True,3,A_EXACT_ONE_AUTHORITATIVE_MATCH,DETERMINISTIC,2026-05-01 00:04:17.026205,2026-05-01 00:04:17.019614,2026-05-01 00:04:17.019614
DEACTIVATE,17188,54,267,28,city,True,3,A_EXACT_ONE_AUTHORITATIVE_MATCH,DETERMINISTIC,2026-09-03 12:08:17.370948,2026-09-03 12:08:17.355580,2026-09-03 12:08:17.355580
DEACTIVATE,5455,54,245,1,regional,True,3,A_EXACT_ONE_AUTHORITATIVE_MATCH,DETERMINISTIC,2026-05-02 01:48:58.524845,2026-05-01 23:55:32.895425,2026-05-02 01:48:58.468680
DEACTIVATE,9134,58,8,4,city,True,3,A_EXACT_ONE_AUTHORITATIVE_MATCH,DETERMINISTIC,2026-05-12 11:23:43.919960,2026-05-12 11:23:43.294222,2026-05-12 11:23:43.294222
DEACTIVATE,17241,58,267,28,city,True,3,A_EXACT_ONE_AUTHORITATIVE_MATCH,DETERMINISTIC,2026-09-03 12:08:17.897027,2026-09-03 12:08:17.881411,2026-09-03 12:08:17.881411
DEACTIVATE,4643,62,8,4,city,True,3,A_EXACT_ONE_AUTHORITATIVE_MATCH,DETERMINISTIC,2026-05-01 00:04:15.736968,2026-05-01 00:04:15.729002,2026-05-01 00:04:15.729002
DEACTIVATE,17224,62,267,28,city,True,3,A_EXACT_ONE_AUTHORITATIVE_MATCH,DETERMINISTIC,2026-09-03 12:08:17.508397,2026-09-03 12:08:17.495499,2026-09-03 12:08:17.495499
DEACTIVATE,4739,66,8,4,city,True,3,A_EXACT_ONE_AUTHORITATIVE_MATCH,DETERMINISTIC,2026-05-01 00:04:15.927200,2026-05-01 00:04:15.921036,2026-05-01 00:04:15.921036
DEACTIVATE,17171,66,267,28,city,True,3,A_EXACT_ONE_AUTHORITATIVE_MATCH,DETERMINISTIC,2026-09-03 12:08:17.131856,2026-09-03 12:08:17.119183,2026-09-03 12:08:17.119183
DEACTIVATE,4680,70,8,4,city,True,3,A_EXACT_ONE_AUTHORITATIVE_MATCH,DETERMINISTIC,2026-05-01 00:04:15.794815,2026-05-01 00:04:15.788002,2026-05-01 00:04:15.788002
DEACTIVATE,17225,70,267,28,city,True,3,A_EXACT_ONE_AUTHORITATIVE_MATCH,DETERMINISTIC,2026-09-03 12:08:17.527501,2026-09-03 12:08:17.514704,2026-09-03 12:08:17.514704
DEACTIVATE,4740,74,8,4,city,True,3,A_EXACT_ONE_AUTHORITATIVE_MATCH,DETERMINISTIC,2026-05-01 00:04:15.938374,2026-05-01 00:04:15.931739,2026-05-01 00:04:15.931739
DEACTIVATE,17226,74,267,28,city,True,3,A_EXACT_ONE_AUTHORITATIVE_MATCH,DETERMINISTIC,2026-09-03 12:08:17.551723,2026-09-03 12:08:17.538467,2026-09-03 12:08:17.538467
DEACTIVATE,4741,78,8,4,city,True,3,A_EXACT_ONE_AUTHORITATIVE_MATCH,DETERMINISTIC,2026-05-01 00:04:15.948966,2026-05-01 00:04:15.942865,2026-05-01 00:04:15.942865
DEACTIVATE,17150,78,267,28,city,True,3,A_EXACT_ONE_AUTHORITATIVE_MATCH,DETERMINISTIC,2026-09-03 12:08:17.005407,2026-09-03 12:08:16.993162,2026-09-03 12:08:16.993162
DEACTIVATE,4742,82,8,4,city,True,3,A_EXACT_ONE_AUTHORITATIVE_MATCH,DETERMINISTIC,2026-05-01 00:04:15.958176,2026-05-01 00:04:15.952614,2026-05-01 00:04:15.952614
DEACTIVATE,17227,82,267,28,city,True,3,A_EXACT_ONE_AUTHORITATIVE_MATCH,DETERMINISTIC,2026-09-03 12:08:17.582292,2026-09-03 12:08:17.560098,2026-09-03 12:08:17.560098
DEACTIVATE,4757,86,8,4,city,True,3,A_EXACT_ONE_AUTHORITATIVE_MATCH,DETERMINISTIC,2026-05-01 00:04:15.985902,2026-05-01 00:04:15.979465,2026-05-01 00:04:15.979465
DEACTIVATE,17269,86,267,28,city,True,3,A_EXACT_ONE_AUTHORITATIVE_MATCH,DETERMINISTIC,2026-09-03 12:08:18.472786,2026-09-03 12:08:18.460871,2026-09-03 12:08:18.460871
DEACTIVATE,14291,88,261,4,continent,True,3,A_EXACT_ONE_AUTHORITATIVE_MATCH,DETERMINISTIC,2026-09-03 13:04:24.791590,2026-07-01 00:05:22.718430,2026-09-03 13:04:07.238422
DEACTIVATE,4770,90,8,4,city,True,3,A_EXACT_ONE_AUTHORITATIVE_MATCH,DETERMINISTIC,2026-05-01 00:04:16.017328,2026-05-01 00:04:16.010171,2026-05-01 00:04:16.010171
DEACTIVATE,17270,90,267,28,city,True,3,A_EXACT_ONE_AUTHORITATIVE_MATCH,DETERMINISTIC,2026-09-03 12:08:18.496052,2026-09-03 12:08:18.480414,2026-09-03 12:08:18.480414
DEACTIVATE,4802,94,8,4,city,True,3,A_EXACT_ONE_AUTHORITATIVE_MATCH,DETERMINISTIC,2026-05-01 00:04:16.082045,2026-05-01 00:04:16.073807,2026-05-01 00:04:16.073807
DEACTIVATE,17256,94,267,28,city,True,3,A_EXACT_ONE_AUTHORITATIVE_MATCH,DETERMINISTIC,2026-09-03 12:08:18.213337,2026-09-03 12:08:18.197225,2026-09-03 12:08:18.197225
DEACTIVATE,14311,96,261,4,continent,True,3,A_EXACT_ONE_AUTHORITATIVE_MATCH,DETERMINISTIC,2026-09-03 13:04:24.984441,2026-07-01 00:05:22.875859,2026-09-03 13:04:07.238422
DEACTIVATE,15977,96,265,21,continent,True,3,A_EXACT_ONE_AUTHORITATIVE_MATCH,DETERMINISTIC,2026-09-03 13:04:15.492646,2026-08-01 02:38:45.717153,2026-09-03 13:04:07.238422
DEACTIVATE,4803,98,8,4,city,True,3,A_EXACT_ONE_AUTHORITATIVE_MATCH,DETERMINISTIC,2026-05-01 00:04:16.094018,2026-05-01 00:04:16.086855,2026-05-01 00:04:16.086855
DEACTIVATE,17220,98,267,28,city,True,3,A_EXACT_ONE_AUTHORITATIVE_MATCH,DETERMINISTIC,2026-09-03 12:08:17.433972,2026-09-03 12:08:17.421547,2026-09-03 12:08:17.421547
DEACTIVATE,4804,102,8,4,city,True,3,A_EXACT_ONE_AUTHORITATIVE_MATCH,DETERMINISTIC,2026-05-01 00:04:16.105417,2026-05-01 00:04:16.098794,2026-05-01 00:04:16.098794
DEACTIVATE,17229,102,267,28,city,True,3,A_EXACT_ONE_AUTHORITATIVE_MATCH,DETERMINISTIC,2026-09-03 12:08:17.640043,2026-09-03 12:08:17.612069,2026-09-03 12:08:17.612069
DEACTIVATE,4818,108,8,4,city,True,3,A_EXACT_ONE_AUTHORITATIVE_MATCH,DETERMINISTIC,2026-05-01 00:04:16.145531,2026-05-01 00:04:16.139355,2026-05-01 00:04:16.139355
DEACTIVATE,17230,108,267,28,city,True,3,A_EXACT_ONE_AUTHORITATIVE_MATCH,DETERMINISTIC,2026-09-03 12:08:17.663783,2026-09-03 12:08:17.648111,2026-09-03 12:08:17.648111
DEACTIVATE,14338,110,261,4,continent,True,3,A_EXACT_ONE_AUTHORITATIVE_MATCH,DETERMINISTIC,2026-09-03 13:04:25.078629,2026-07-01 00:05:23.078047,2026-09-03 13:04:07.238422
DEACTIVATE,16012,110,265,21,continent,True,3,A_EXACT_ONE_AUTHORITATIVE_MATCH,DETERMINISTIC,2026-09-03 13:04:15.655641,2026-08-01 02:38:46.023028,2026-09-03 13:04:07.238422
DEACTIVATE,4820,112,8,4,city,True,3,A_EXACT_ONE_AUTHORITATIVE_MATCH,DETERMINISTIC,2026-05-01 00:04:16.166860,2026-05-01 00:04:16.160355,2026-05-01 00:04:16.160355
DEACTIVATE,17231,112,267,28,city,True,3,A_EXACT_ONE_AUTHORITATIVE_MATCH,DETERMINISTIC,2026-09-03 12:08:17.687479,2026-09-03 12:08:17.670915,2026-09-03 12:08:17.670915
DEACTIVATE,4821,114,8,4,city,True,3,A_EXACT_ONE_AUTHORITATIVE_MATCH,DETERMINISTIC,2026-05-01 00:04:16.177626,2026-05-01 00:04:16.171179,2026-05-01 00:04:16.171179
DEACTIVATE,17232,114,267,28,city,True,3,A_EXACT_ONE_AUTHORITATIVE_MATCH,DETERMINISTIC,2026-09-03 12:08:17.708774,2026-09-03 12:08:17.696307,2026-09-03 12:08:17.696307
DEACTIVATE,4854,118,8,4,city,True,3,A_EXACT_ONE_AUTHORITATIVE_MATCH,DETERMINISTIC,2026-05-01 00:04:16.238841,2026-05-01 00:04:16.230780,2026-05-01 00:04:16.230780
DEACTIVATE,17233,118,267,28,city,True,3,A_EXACT_ONE_AUTHORITATIVE_MATCH,DETERMINISTIC,2026-09-03 12:08:17.729096,2026-09-03 12:08:17.717815,2026-09-03 12:08:17.717815
DEACTIVATE,4878,122,8,4,city,True,3,A_EXACT_ONE_AUTHORITATIVE_MATCH,DETERMINISTIC,2026-05-01 00:04:16.283113,2026-05-01 00:04:16.273494,2026-05-01 00:04:16.273494
DEACTIVATE,17221,122,267,28,city,True,3,A_EXACT_ONE_AUTHORITATIVE_MATCH,DETERMINISTIC,2026-09-03 12:08:17.452841,2026-09-03 12:08:17.441924,2026-09-03 12:08:17.441924
DEACTIVATE,16076,124,265,21,continent,True,3,A_EXACT_ONE_AUTHORITATIVE_MATCH,DETERMINISTIC,2026-09-03 13:04:15.894882,2026-08-01 02:38:46.334771,2026-09-03 13:04:07.238422
DEACTIVATE,16086,126,265,21,continent,True,3,A_EXACT_ONE_AUTHORITATIVE_MATCH,DETERMINISTIC,2026-09-03 13:04:16.412569,2026-08-01 02:38:46.406007,2026-09-03 13:04:07.238422
DEACTIVATE,4899,128,8,4,city,True,3,A_EXACT_ONE_AUTHORITATIVE_MATCH,DETERMINISTIC,2026-05-01 00:04:16.331747,2026-05-01 00:04:16.325306,2026-05-01 00:04:16.325306
DEACTIVATE,17236,128,267,28,city,True,3,A_EXACT_ONE_AUTHORITATIVE_MATCH,DETERMINISTIC,2026-09-03 12:08:17.788427,2026-09-03 12:08:17.768115,2026-09-03 12:08:17.768115
DEACTIVATE,4900,130,8,4,city,True,3,A_EXACT_ONE_AUTHORITATIVE_MATCH,DETERMINISTIC,2026-05-01 00:04:16.343320,2026-05-01 00:04:16.336844,2026-05-01 00:04:16.336844
DEACTIVATE,17237,130,267,28,city,True,3,A_EXACT_ONE_AUTHORITATIVE_MATCH,DETERMINISTIC,2026-09-03 12:08:17.807809,2026-09-03 12:08:17.794974,2026-09-03 12:08:17.794974
DEACTIVATE,16100,132,265,21,continent,True,3,A_EXACT_ONE_AUTHORITATIVE_MATCH,DETERMINISTIC,2026-09-03 13:04:16.826467,2026-08-01 02:38:46.472500,2026-09-03 13:04:07.238422
DEACTIVATE,4912,134,8,4,city,True,3,A_EXACT_ONE_AUTHORITATIVE_MATCH,DETERMINISTIC,2026-05-01 00:04:16.372920,2026-05-01 00:04:16.364892,2026-05-01 00:04:16.364892
DEACTIVATE,17223,134,267,28,city,True,3,A_EXACT_ONE_AUTHORITATIVE_MATCH,DETERMINISTIC,2026-09-03 12:08:17.489501,2026-09-03 12:08:17.478034,2026-09-03 12:08:17.478034
DEACTIVATE,16109,136,265,21,continent,True,3,A_EXACT_ONE_AUTHORITATIVE_MATCH,DETERMINISTIC,2026-09-03 13:04:17.416648,2026-08-01 02:38:46.548179,2026-09-03 13:04:07.238422
DEACTIVATE,4923,138,8,4,city,True,3,A_EXACT_ONE_AUTHORITATIVE_MATCH,DETERMINISTIC,2026-05-01 00:04:16.416096,2026-05-01 00:04:16.409092,2026-05-01 00:04:16.409092
DEACTIVATE,17257,138,267,28,city,True,3,A_EXACT_ONE_AUTHORITATIVE_MATCH,DETERMINISTIC,2026-09-03 12:08:18.246040,2026-09-03 12:08:18.229787,2026-09-03 12:08:18.229787
DEACTIVATE,14390,140,261,4,continent,True,3,A_EXACT_ONE_AUTHORITATIVE_MATCH,DETERMINISTIC,2026-09-03 13:04:25.181363,2026-07-01 00:05:23.423873,2026-09-03 13:04:07.238422
DEACTIVATE,16110,140,265,21,continent,True,3,A_EXACT_ONE_AUTHORITATIVE_MATCH,DETERMINISTIC,2026-09-03 13:04:17.830629,2026-08-01 02:38:46.612135,2026-09-03 13:04:07.238422
DEACTIVATE,9230,142,8,4,city,True,3,A_EXACT_ONE_AUTHORITATIVE_MATCH,DETERMINISTIC,2026-05-19 11:18:07.508549,2026-05-19 11:18:07.334464,2026-05-19 11:18:07.334464
DEACTIVATE,17242,142,267,28,city,True,3,A_EXACT_ONE_AUTHORITATIVE_MATCH,DETERMINISTIC,2026-09-03 12:08:17.913833,2026-09-03 12:08:17.903938,2026-09-03 12:08:17.903938
DEACTIVATE,14391,144,261,4,continent,True,3,A_EXACT_ONE_AUTHORITATIVE_MATCH,DETERMINISTIC,2026-09-03 13:04:25.266247,2026-07-01 00:05:23.463528,2026-09-03 13:04:07.238422
DEACTIVATE,16113,144,265,21,continent,True,3,A_EXACT_ONE_AUTHORITATIVE_MATCH,DETERMINISTIC,2026-09-03 13:04:18.008647,2026-08-01 02:38:46.662763,2026-09-03 13:04:07.238422
DEACTIVATE,4929,146,8,4,city,True,3,A_EXACT_ONE_AUTHORITATIVE_MATCH,DETERMINISTIC,2026-05-01 00:04:16.459219,2026-05-01 00:04:16.453313,2026-05-01 00:04:16.453313
DEACTIVATE,17297,146,267,28,city,True,3,A_EXACT_ONE_AUTHORITATIVE_MATCH,DETERMINISTIC,2026-09-03 12:08:19.004081,2026-09-03 12:08:18.984430,2026-09-03 12:08:18.984430
DEACTIVATE,14392,148,261,4,continent,True,3,A_EXACT_ONE_AUTHORITATIVE_MATCH,DETERMINISTIC,2026-09-03 13:04:25.324205,2026-07-01 00:05:23.498529,2026-09-03 13:04:07.238422
DEACTIVATE,16114,148,265,21,continent,True,3,A_EXACT_ONE_AUTHORITATIVE_MATCH,DETERMINISTIC,2026-09-03 13:04:18.169929,2026-08-01 02:38:46.707554,2026-09-03 13:04:07.238422
DEACTIVATE,4931,150,8,4,city,True,3,A_EXACT_ONE_AUTHORITATIVE_MATCH,DETERMINISTIC,2026-05-01 00:04:16.489568,2026-05-01 00:04:16.482651,2026-05-01 00:04:16.482651
DEACTIVATE,17298,150,267,28,city,True,3,A_EXACT_ONE_AUTHORITATIVE_MATCH,DETERMINISTIC,2026-09-03 12:08:19.026683,2026-09-03 12:08:19.013933,2026-09-03 12:08:19.013933
DEACTIVATE,14393,152,261,4,continent,True,3,A_EXACT_ONE_AUTHORITATIVE_MATCH,DETERMINISTIC,2026-09-03 13:04:25.359925,2026-07-01 00:05:23.527652,2026-09-03 13:04:07.238422
DEACTIVATE,16115,152,265,21,continent,True,3,A_EXACT_ONE_AUTHORITATIVE_MATCH,DETERMINISTIC,2026-09-03 13:04:18.292707,2026-08-01 02:38:46.751029,2026-09-03 13:04:07.238422
DEACTIVATE,4933,154,8,4,city,True,3,A_EXACT_ONE_AUTHORITATIVE_MATCH,DETERMINISTIC,2026-05-01 00:04:16.510878,2026-05-01 00:04:16.504156,2026-05-01 00:04:16.504156
DEACTIVATE,17261,154,267,28,city,True,3,A_EXACT_ONE_AUTHORITATIVE_MATCH,DETERMINISTIC,2026-09-03 12:08:18.329198,2026-09-03 12:08:18.319052,2026-09-03 12:08:18.319052
DEACTIVATE,14394,156,261,4,continent,True,3,A_EXACT_ONE_AUTHORITATIVE_MATCH,DETERMINISTIC,2026-09-03 13:04:25.396847,2026-07-01 00:05:23.555326,2026-09-03 13:04:07.238422
DEACTIVATE,16116,156,265,21,continent,True,3,A_EXACT_ONE_AUTHORITATIVE_MATCH,DETERMINISTIC,2026-09-03 13:04:18.374476,2026-08-01 02:38:46.795150,2026-09-03 13:04:07.238422
DEACTIVATE,4935,158,8,4,city,True,3,A_EXACT_ONE_AUTHORITATIVE_MATCH,DETERMINISTIC,2026-05-01 00:04:16.536722,2026-05-01 00:04:16.528440,2026-05-01 00:04:16.528440
DEACTIVATE,17264,158,267,28,city,True,3,A_EXACT_ONE_AUTHORITATIVE_MATCH,DETERMINISTIC,2026-09-03 12:08:18.386643,2026-09-03 12:08:18.368678,2026-09-03 12:08:18.368678
DEACTIVATE,14397,160,261,4,continent,True,3,A_EXACT_ONE_AUTHORITATIVE_MATCH,DETERMINISTIC,2026-09-03 13:04:25.429356,2026-07-01 00:05:23.583867,2026-09-03 13:04:07.238422
DEACTIVATE,16117,160,265,21,continent,True,3,A_EXACT_ONE_AUTHORITATIVE_MATCH,DETERMINISTIC,2026-09-03 13:04:18.459762,2026-08-01 02:38:46.834406,2026-09-03 13:04:07.238422
DEACTIVATE,4939,162,8,4,city,True,3,A_EXACT_ONE_AUTHORITATIVE_MATCH,DETERMINISTIC,2026-05-01 00:04:16.562567,2026-05-01 00:04:16.555675,2026-05-01 00:04:16.555675
DEACTIVATE,17299,162,267,28,city,True,3,A_EXACT_ONE_AUTHORITATIVE_MATCH,DETERMINISTIC,2026-09-03 12:08:19.044975,2026-09-03 12:08:19.034505,2026-09-03 12:08:19.034505
DEACTIVATE,14398,164,261,4,continent,True,3,A_EXACT_ONE_AUTHORITATIVE_MATCH,DETERMINISTIC,2026-09-03 13:04:25.466239,2026-07-01 00:05:23.616178,2026-09-03 13:04:07.238422
DEACTIVATE,16120,164,265,21,continent,True,3,A_EXACT_ONE_AUTHORITATIVE_MATCH,DETERMINISTIC,2026-09-03 13:04:18.535136,2026-08-01 02:38:46.890274,2026-09-03 13:04:07.238422
DEACTIVATE,14400,166,261,4,continent,True,3,A_EXACT_ONE_AUTHORITATIVE_MATCH,DETERMINISTIC,2026-09-03 13:04:25.498865,2026-07-01 00:05:23.647556,2026-09-03 13:04:07.238422
DEACTIVATE,16121,166,265,21,continent,True,3,A_EXACT_ONE_AUTHORITATIVE_MATCH,DETERMINISTIC,2026-09-03 13:04:18.594424,2026-08-01 02:38:46.933321,2026-09-03 13:04:07.238422
DEACTIVATE,4942,168,8,4,city,True,3,A_EXACT_ONE_AUTHORITATIVE_MATCH,DETERMINISTIC,2026-05-01 00:04:16.588001,2026-05-01 00:04:16.579011,2026-05-01 00:04:16.579011
DEACTIVATE,17300,168,267,28,city,True,3,A_EXACT_ONE_AUTHORITATIVE_MATCH,DETERMINISTIC,2026-09-03 12:08:19.069491,2026-09-03 12:08:19.057557,2026-09-03 12:08:19.057557
DEACTIVATE,16125,170,265,21,continent,True,3,A_EXACT_ONE_AUTHORITATIVE_MATCH,DETERMINISTIC,2026-09-03 13:04:18.698207,2026-08-01 02:38:46.980872,2026-09-03 13:04:07.238422
DEACTIVATE,4950,172,8,4,city,True,3,A_EXACT_ONE_AUTHORITATIVE_MATCH,DETERMINISTIC,2026-05-01 00:04:16.620945,2026-05-01 00:04:16.613808,2026-05-01 00:04:16.613808
DEACTIVATE,17301,172,267,28,city,True,3,A_EXACT_ONE_AUTHORITATIVE_MATCH,DETERMINISTIC,2026-09-03 12:08:19.092175,2026-09-03 12:08:19.077990,2026-09-03 12:08:19.077990
DEACTIVATE,14408,174,261,4,continent,True,3,A_EXACT_ONE_AUTHORITATIVE_MATCH,DETERMINISTIC,2026-09-03 13:04:25.534118,2026-07-01 00:05:23.730350,2026-09-03 13:04:07.238422
DEACTIVATE,16130,174,265,21,continent,True,3,A_EXACT_ONE_AUTHORITATIVE_MATCH,DETERMINISTIC,2026-09-03 13:04:18.835626,2026-08-01 02:38:47.046000,2026-09-03 13:04:07.238422
DEACTIVATE,9231,176,8,4,city,True,3,A_EXACT_ONE_AUTHORITATIVE_MATCH,DETERMINISTIC,2026-05-19 11:18:07.544231,2026-05-19 11:18:07.515615,2026-05-19 11:18:07.515615
DEACTIVATE,17247,176,267,28,city,True,3,A_EXACT_ONE_AUTHORITATIVE_MATCH,DETERMINISTIC,2026-09-03 12:08:18.022302,2026-09-03 12:08:18.012466,2026-09-03 12:08:18.012466
DEACTIVATE,14409,178,261,4,continent,True,3,A_EXACT_ONE_AUTHORITATIVE_MATCH,DETERMINISTIC,2026-09-03 13:04:25.574440,2026-07-01 00:05:23.760979,2026-09-03 13:04:07.238422
DEACTIVATE,16131,178,265,21,continent,True,3,A_EXACT_ONE_AUTHORITATIVE_MATCH,DETERMINISTIC,2026-09-03 13:04:18.912618,2026-08-01 02:38:47.091200,2026-09-03 13:04:07.238422
DEACTIVATE,4956,180,8,4,city,True,3,A_EXACT_ONE_AUTHORITATIVE_MATCH,DETERMINISTIC,2026-05-01 00:04:16.694289,2026-05-01 00:04:16.687168,2026-05-01 00:04:16.687168
DEACTIVATE,17302,180,267,28,city,True,3,A_EXACT_ONE_AUTHORITATIVE_MATCH,DETERMINISTIC,2026-09-03 12:08:19.113886,2026-09-03 12:08:19.101782,2026-09-03 12:08:19.101782
DEACTIVATE,14410,182,261,4,continent,True,3,A_EXACT_ONE_AUTHORITATIVE_MATCH,DETERMINISTIC,2026-09-03 13:04:25.616618,2026-07-01 00:05:23.795252,2026-09-03 13:04:07.238422
DEACTIVATE,16132,182,265,21,continent,True,3,A_EXACT_ONE_AUTHORITATIVE_MATCH,DETERMINISTIC,2026-09-03 13:04:18.989133,2026-08-01 02:38:47.142038,2026-09-03 13:04:07.238422
DEACTIVATE,4958,184,8,4,city,True,3,A_EXACT_ONE_AUTHORITATIVE_MATCH,DETERMINISTIC,2026-05-01 00:04:16.717052,2026-05-01 00:04:16.710320,2026-05-01 00:04:16.710320
DEACTIVATE,17140,184,267,28,city,True,3,A_EXACT_ONE_AUTHORITATIVE_MATCH,DETERMINISTIC,2026-09-03 12:08:16.902937,2026-09-03 12:08:16.882868,2026-09-03 12:08:16.882868
DEACTIVATE,16135,186,265,21,continent,True,3,A_EXACT_ONE_AUTHORITATIVE_MATCH,DETERMINISTIC,2026-09-03 13:04:19.075844,2026-08-01 02:38:47.197865,2026-09-03 13:04:07.238422
DEACTIVATE,4962,188,8,4,city,True,3,A_EXACT_ONE_AUTHORITATIVE_MATCH,DETERMINISTIC,2026-05-01 00:04:16.740576,2026-05-01 00:04:16.733228,2026-05-01 00:04:16.733228
DEACTIVATE,17281,188,267,28,city,True,3,A_EXACT_ONE_AUTHORITATIVE_MATCH,DETERMINISTIC,2026-09-03 12:08:18.615338,2026-09-03 12:08:18.598439,2026-09-03 12:08:18.598439
DEACTIVATE,14417,190,261,4,continent,True,3,A_EXACT_ONE_AUTHORITATIVE_MATCH,DETERMINISTIC,2026-09-03 13:04:25.650447,2026-07-01 00:05:23.858397,2026-09-03 13:04:07.238422
DEACTIVATE,16139,190,265,21,continent,True,3,A_EXACT_ONE_AUTHORITATIVE_MATCH,DETERMINISTIC,2026-09-03 13:04:19.172843,2026-08-01 02:38:47.259362,2026-09-03 13:04:07.238422
DEACTIVATE,4952,192,8,4,city,True,3,A_EXACT_ONE_AUTHORITATIVE_MATCH,DETERMINISTIC,2026-05-01 00:04:16.644844,2026-05-01 00:04:16.637998,2026-05-01 00:04:16.637998
DEACTIVATE,17282,192,267,28,city,True,3,A_EXACT_ONE_AUTHORITATIVE_MATCH,DETERMINISTIC,2026-09-03 12:08:18.643293,2026-09-03 12:08:18.628561,2026-09-03 12:08:18.628561
DEACTIVATE,14418,194,261,4,continent,True,3,A_EXACT_ONE_AUTHORITATIVE_MATCH,DETERMINISTIC,2026-09-03 13:04:25.689035,2026-07-01 00:05:23.901100,2026-09-03 13:04:07.238422
DEACTIVATE,16140,194,265,21,continent,True,3,A_EXACT_ONE_AUTHORITATIVE_MATCH,DETERMINISTIC,2026-09-03 13:04:19.273512,2026-08-01 02:38:47.323607,2026-09-03 13:04:07.238422
DEACTIVATE,4968,196,8,4,city,True,3,A_EXACT_ONE_AUTHORITATIVE_MATCH,DETERMINISTIC,2026-05-01 00:04:16.772580,2026-05-01 00:04:16.766294,2026-05-01 00:04:16.766294
DEACTIVATE,17293,196,267,28,city,True,3,A_EXACT_ONE_AUTHORITATIVE_MATCH,DETERMINISTIC,2026-09-03 12:08:18.871484,2026-09-03 12:08:18.843778,2026-09-03 12:08:18.843778
DEACTIVATE,15693,198,261,4,continent,True,3,A_EXACT_ONE_AUTHORITATIVE_MATCH,DETERMINISTIC,2026-09-03 13:04:25.725502,2026-08-01 02:38:41.571896,2026-09-03 13:04:07.238422
DEACTIVATE,4979,200,8,4,city,True,3,A_EXACT_ONE_AUTHORITATIVE_MATCH,DETERMINISTIC,2026-05-01 00:04:16.803490,2026-05-01 00:04:16.796306,2026-05-01 00:04:16.796306
DEACTIVATE,17294,200,267,28,city,True,3,A_EXACT_ONE_AUTHORITATIVE_MATCH,DETERMINISTIC,2026-09-03 12:08:18.919339,2026-09-03 12:08:18.896777,2026-09-03 12:08:18.896777
DEACTIVATE,16159,202,265,21,continent,True,3,A_EXACT_ONE_AUTHORITATIVE_MATCH,DETERMINISTIC,2026-09-03 13:04:19.367119,2026-08-01 02:38:47.521967,2026-09-03 13:04:07.238422
DEACTIVATE,4991,204,8,4,city,True,3,A_EXACT_ONE_AUTHORITATIVE_MATCH,DETERMINISTIC,2026-05-01 00:04:16.832529,2026-05-01 00:04:16.825918,2026-05-01 00:04:16.825918
DEACTIVATE,17271,204,267,28,city,True,3,A_EXACT_ONE_AUTHORITATIVE_MATCH,DETERMINISTIC,2026-09-03 12:08:18.518170,2026-09-03 12:08:18.504327,2026-09-03 12:08:18.504327
DEACTIVATE,14431,206,261,4,continent,True,3,A_EXACT_ONE_AUTHORITATIVE_MATCH,DETERMINISTIC,2026-09-03 13:04:25.791262,2026-07-01 00:05:24.043450,2026-09-03 13:04:07.238422
DEACTIVATE,16160,206,265,21,continent,True,3,A_EXACT_ONE_AUTHORITATIVE_MATCH,DETERMINISTIC,2026-09-03 13:04:19.471042,2026-08-01 02:38:47.603117,2026-09-03 13:04:07.238422
DEACTIVATE,4993,208,8,4,city,True,3,A_EXACT_ONE_AUTHORITATIVE_MATCH,DETERMINISTIC,2026-05-01 00:04:16.854294,2026-05-01 00:04:16.848103,2026-05-01 00:04:16.848103
DEACTIVATE,17238,208,267,28,city,True,3,A_EXACT_ONE_AUTHORITATIVE_MATCH,DETERMINISTIC,2026-09-03 12:08:17.831884,2026-09-03 12:08:17.818481,2026-09-03 12:08:17.818481
DEACTIVATE,16162,210,265,21,continent,True,3,A_EXACT_ONE_AUTHORITATIVE_MATCH,DETERMINISTIC,2026-09-03 13:04:19.530116,2026-08-01 02:38:47.652225,2026-09-03 13:04:07.238422
DEACTIVATE,4996,212,8,4,city,True,3,A_EXACT_ONE_AUTHORITATIVE_MATCH,DETERMINISTIC,2026-05-01 00:04:16.876886,2026-05-01 00:04:16.870106,2026-05-01 00:04:16.870106
DEACTIVATE,17239,212,267,28,city,True,3,A_EXACT_ONE_AUTHORITATIVE_MATCH,DETERMINISTIC,2026-09-03 12:08:17.857907,2026-09-03 12:08:17.839451,2026-09-03 12:08:17.839451
DEACTIVATE,14436,214,261,4,continent,True,3,A_EXACT_ONE_AUTHORITATIVE_MATCH,DETERMINISTIC,2026-09-03 13:04:25.826718,2026-07-01 00:05:24.116518,2026-09-03 13:04:07.238422
DEACTIVATE,16166,214,265,21,continent,True,3,A_EXACT_ONE_AUTHORITATIVE_MATCH,DETERMINISTIC,2026-09-03 13:04:19.590114,2026-08-01 02:38:47.729607,2026-09-03 13:04:07.238422
DEACTIVATE,4999,216,8,4,city,True,3,A_EXACT_ONE_AUTHORITATIVE_MATCH,DETERMINISTIC,2026-05-01 00:04:16.899734,2026-05-01 00:04:16.893485,2026-05-01 00:04:16.893485
DEACTIVATE,17295,216,267,28,city,True,3,A_EXACT_ONE_AUTHORITATIVE_MATCH,DETERMINISTIC,2026-09-03 12:08:18.953200,2026-09-03 12:08:18.936713,2026-09-03 12:08:18.936713
DEACTIVATE,16170,218,265,21,continent,True,3,A_EXACT_ONE_AUTHORITATIVE_MATCH,DETERMINISTIC,2026-09-03 13:04:19.663265,2026-08-01 02:38:47.803973,2026-09-03 13:04:07.238422
DEACTIVATE,5004,220,8,4,city,True,3,A_EXACT_ONE_AUTHORITATIVE_MATCH,DETERMINISTIC,2026-05-01 00:04:16.923480,2026-05-01 00:04:16.916990,2026-05-01 00:04:16.916990
DEACTIVATE,17141,220,267,28,city,True,3,A_EXACT_ONE_AUTHORITATIVE_MATCH,DETERMINISTIC,2026-09-03 12:08:16.930309,2026-09-03 12:08:16.917140,2026-09-03 12:08:16.917140
DEACTIVATE,16173,222,265,21,continent,True,3,A_EXACT_ONE_AUTHORITATIVE_MATCH,DETERMINISTIC,2026-09-03 13:04:19.734860,2026-08-01 02:38:47.864231,2026-09-03 13:04:07.238422
DEACTIVATE,5008,224,8,4,city,True,3,A_EXACT_ONE_AUTHORITATIVE_MATCH,DETERMINISTIC,2026-05-01 00:04:16.946341,2026-05-01 00:04:16.939961,2026-05-01 00:04:16.939961
DEACTIVATE,17296,224,267,28,city,True,3,A_EXACT_ONE_AUTHORITATIVE_MATCH,DETERMINISTIC,2026-09-03 12:08:18.975393,2026-09-03 12:08:18.961902,2026-09-03 12:08:18.961902
DEACTIVATE,16177,226,265,21,continent,True,3,A_EXACT_ONE_AUTHORITATIVE_MATCH,DETERMINISTIC,2026-09-03 13:04:19.826380,2026-08-01 02:38:47.930073,2026-09-03 13:04:07.238422
DEACTIVATE,3475,228,2,1,city,True,3,A_EXACT_ONE_AUTHORITATIVE_MATCH,DETERMINISTIC,2026-04-24 01:52:08.611630,2026-04-24 01:52:08.218325,2026-04-24 01:52:08.218325
DEACTIVATE,9232,228,8,4,city,True,3,A_EXACT_ONE_AUTHORITATIVE_MATCH,DETERMINISTIC,2026-05-19 11:18:07.589362,2026-05-19 11:18:07.551817,2026-05-19 11:18:07.551817
DEACTIVATE,17306,228,267,28,city,True,3,A_EXACT_ONE_AUTHORITATIVE_MATCH,DETERMINISTIC,2026-09-03 12:08:19.243838,2026-09-03 12:08:19.232969,2026-09-03 12:08:19.232969
DEACTIVATE,14448,230,261,4,continent,True,3,A_EXACT_ONE_AUTHORITATIVE_MATCH,DETERMINISTIC,2026-09-03 13:04:25.877114,2026-07-01 00:05:24.270084,2026-09-03 13:04:07.238422
DEACTIVATE,16178,230,265,21,continent,True,3,A_EXACT_ONE_AUTHORITATIVE_MATCH,DETERMINISTIC,2026-09-03 13:04:19.887285,2026-08-01 02:38:47.998027,2026-09-03 13:04:07.238422
DEACTIVATE,9233,232,8,4,city,True,3,A_EXACT_ONE_AUTHORITATIVE_MATCH,DETERMINISTIC,2026-05-19 11:18:07.604741,2026-05-19 11:18:07.595842,2026-05-19 11:18:07.595842
DEACTIVATE,17172,232,267,28,city,True,3,A_EXACT_ONE_AUTHORITATIVE_MATCH,DETERMINISTIC,2026-09-03 12:08:17.228505,2026-09-03 12:08:17.208213,2026-09-03 12:08:17.208213
DEACTIVATE,9228,236,2,1,city,True,3,A_EXACT_ONE_AUTHORITATIVE_MATCH,DETERMINISTIC,2026-05-19 11:18:07.091731,2026-05-19 11:18:06.832638,2026-05-19 11:18:06.832638
DEACTIVATE,9229,236,5,2,city,True,3,A_EXACT_ONE_AUTHORITATIVE_MATCH,DETERMINISTIC,2026-05-19 11:18:07.328190,2026-05-19 11:18:07.107823,2026-05-19 11:18:07.107823
DEACTIVATE,9234,236,8,4,city,True,3,A_EXACT_ONE_AUTHORITATIVE_MATCH,DETERMINISTIC,2026-05-19 11:18:07.619519,2026-05-19 11:18:07.610627,2026-05-19 11:18:07.610627
DEACTIVATE,17173,236,267,28,city,True,3,A_EXACT_ONE_AUTHORITATIVE_MATCH,DETERMINISTIC,2026-09-03 12:08:17.254374,2026-09-03 12:08:17.240562,2026-09-03 12:08:17.240562
DEACTIVATE,14449,238,261,4,continent,True,3,A_EXACT_ONE_AUTHORITATIVE_MATCH,DETERMINISTIC,2026-09-03 13:04:25.964389,2026-07-01 00:05:24.297986,2026-09-03 13:04:07.238422
DEACTIVATE,16179,238,265,21,continent,True,3,A_EXACT_ONE_AUTHORITATIVE_MATCH,DETERMINISTIC,2026-09-03 13:04:19.990099,2026-08-01 02:38:48.046195,2026-09-03 13:04:07.238422
DEACTIVATE,5051,240,8,4,city,True,3,A_EXACT_ONE_AUTHORITATIVE_MATCH,DETERMINISTIC,2026-05-01 00:04:17.143824,2026-05-01 00:04:17.135617,2026-05-01 00:04:17.135617
DEACTIVATE,17186,240,267,28,city,True,3,A_EXACT_ONE_AUTHORITATIVE_MATCH,DETERMINISTIC,2026-09-03 12:08:17.322017,2026-09-03 12:08:17.312604,2026-09-03 12:08:17.312604
DEACTIVATE,16182,242,265,21,continent,True,3,A_EXACT_ONE_AUTHORITATIVE_MATCH,DETERMINISTIC,2026-09-03 13:04:20.057540,2026-08-01 02:38:48.100719,2026-09-03 13:04:07.238422
DEACTIVATE,5055,244,8,4,city,True,3,A_EXACT_ONE_AUTHORITATIVE_MATCH,DETERMINISTIC,2026-05-01 00:04:17.169521,2026-05-01 00:04:17.162547,2026-05-01 00:04:17.162547
DEACTIVATE,17243,244,267,28,city,True,3,A_EXACT_ONE_AUTHORITATIVE_MATCH,DETERMINISTIC,2026-09-03 12:08:17.934693,2026-09-03 12:08:17.922280,2026-09-03 12:08:17.922280
DEACTIVATE,14453,246,261,4,continent,True,3,A_EXACT_ONE_AUTHORITATIVE_MATCH,DETERMINISTIC,2026-09-03 13:04:26.007181,2026-07-01 00:05:24.359482,2026-09-03 13:04:07.238422
DEACTIVATE,16183,246,265,21,continent,True,3,A_EXACT_ONE_AUTHORITATIVE_MATCH,DETERMINISTIC,2026-09-03 13:04:20.150928,2026-08-01 02:38:48.160461,2026-09-03 13:04:07.238422
DEACTIVATE,16185,248,265,21,continent,True,3,A_EXACT_ONE_AUTHORITATIVE_MATCH,DETERMINISTIC,2026-09-03 13:04:20.218067,2026-08-01 02:38:48.241563,2026-09-03 13:04:07.238422
DEACTIVATE,14456,250,261,4,continent,True,3,A_EXACT_ONE_AUTHORITATIVE_MATCH,DETERMINISTIC,2026-09-03 13:04:26.048846,2026-07-01 00:05:24.411333,2026-09-03 13:04:07.238422
DEACTIVATE,16186,250,265,21,continent,True,3,A_EXACT_ONE_AUTHORITATIVE_MATCH,DETERMINISTIC,2026-09-03 13:04:20.292034,2026-08-01 02:38:48.291133,2026-09-03 13:04:07.238422
DEACTIVATE,5058,252,8,4,city,True,3,A_EXACT_ONE_AUTHORITATIVE_MATCH,DETERMINISTIC,2026-05-01 00:04:17.201807,2026-05-01 00:04:17.195317,2026-05-01 00:04:17.195317
DEACTIVATE,17187,252,267,28,city,True,3,A_EXACT_ONE_AUTHORITATIVE_MATCH,DETERMINISTIC,2026-09-03 12:08:17.346204,2026-09-03 12:08:17.329691,2026-09-03 12:08:17.329691
DEACTIVATE,14457,254,261,4,continent,True,3,A_EXACT_ONE_AUTHORITATIVE_MATCH,DETERMINISTIC,2026-09-03 13:04:26.118531,2026-07-01 00:05:24.438864,2026-09-03 13:04:07.238422
DEACTIVATE,16187,254,265,21,continent,True,3,A_EXACT_ONE_AUTHORITATIVE_MATCH,DETERMINISTIC,2026-09-03 13:04:20.365089,2026-08-01 02:38:48.369027,2026-09-03 13:04:07.238422
DEACTIVATE,5060,256,8,4,city,True,3,A_EXACT_ONE_AUTHORITATIVE_MATCH,DETERMINISTIC,2026-05-01 00:04:17.224198,2026-05-01 00:04:17.217498,2026-05-01 00:04:17.217498
DEACTIVATE,17283,256,267,28,city,True,3,A_EXACT_ONE_AUTHORITATIVE_MATCH,DETERMINISTIC,2026-09-03 12:08:18.664332,2026-09-03 12:08:18.651894,2026-09-03 12:08:18.651894
DEACTIVATE,14458,258,261,4,continent,True,3,A_EXACT_ONE_AUTHORITATIVE_MATCH,DETERMINISTIC,2026-09-03 13:04:26.173026,2026-07-01 00:05:24.464829,2026-09-03 13:04:07.238422
DEACTIVATE,16188,258,265,21,continent,True,3,A_EXACT_ONE_AUTHORITATIVE_MATCH,DETERMINISTIC,2026-09-03 13:04:20.423570,2026-08-01 02:38:48.484576,2026-09-03 13:04:07.238422
DEACTIVATE,5062,260,8,4,city,True,3,A_EXACT_ONE_AUTHORITATIVE_MATCH,DETERMINISTIC,2026-05-01 00:04:17.250256,2026-05-01 00:04:17.242216,2026-05-01 00:04:17.242216
DEACTIVATE,17222,260,267,28,city,True,3,A_EXACT_ONE_AUTHORITATIVE_MATCH,DETERMINISTIC,2026-09-03 12:08:17.471471,2026-09-03 12:08:17.461340,2026-09-03 12:08:17.461340
DEACTIVATE,14459,262,261,4,continent,True,3,A_EXACT_ONE_AUTHORITATIVE_MATCH,DETERMINISTIC,2026-09-03 13:04:26.216320,2026-07-01 00:05:24.493256,2026-09-03 13:04:07.238422
DEACTIVATE,16189,262,265,21,continent,True,3,A_EXACT_ONE_AUTHORITATIVE_MATCH,DETERMINISTIC,2026-09-03 13:04:20.674415,2026-08-01 02:38:48.595618,2026-09-03 13:04:07.238422
DEACTIVATE,5064,264,8,4,city,True,3,A_EXACT_ONE_AUTHORITATIVE_MATCH,DETERMINISTIC,2026-05-01 00:04:17.277595,2026-05-01 00:04:17.268636,2026-05-01 00:04:17.268636
DEACTIVATE,17174,264,267,28,city,True,3,A_EXACT_ONE_AUTHORITATIVE_MATCH,DETERMINISTIC,2026-09-03 12:08:17.275998,2026-09-03 12:08:17.266092,2026-09-03 12:08:17.266092
DEACTIVATE,14460,266,261,4,continent,True,3,A_EXACT_ONE_AUTHORITATIVE_MATCH,DETERMINISTIC,2026-09-03 13:04:26.251211,2026-07-01 00:05:24.519200,2026-09-03 13:04:07.238422
DEACTIVATE,16190,266,265,21,continent,True,3,A_EXACT_ONE_AUTHORITATIVE_MATCH,DETERMINISTIC,2026-09-03 13:04:20.962484,2026-08-01 02:38:48.710513,2026-09-03 13:04:07.238422
DEACTIVATE,5066,268,8,4,city,True,3,A_EXACT_ONE_AUTHORITATIVE_MATCH,DETERMINISTIC,2026-05-01 00:04:17.304568,2026-05-01 00:04:17.296655,2026-05-01 00:04:17.296655
DEACTIVATE,17252,268,267,28,city,True,3,A_EXACT_ONE_AUTHORITATIVE_MATCH,DETERMINISTIC,2026-09-03 12:08:18.128495,2026-09-03 12:08:18.103879,2026-09-03 12:08:18.103879
DEACTIVATE,14461,270,261,4,continent,True,3,A_EXACT_ONE_AUTHORITATIVE_MATCH,DETERMINISTIC,2026-09-03 13:04:26.280185,2026-07-01 00:05:24.545999,2026-09-03 13:04:07.238422
DEACTIVATE,16191,270,265,21,continent,True,3,A_EXACT_ONE_AUTHORITATIVE_MATCH,DETERMINISTIC,2026-09-03 13:04:21.089894,2026-08-01 02:38:48.783515,2026-09-03 13:04:07.238422
DEACTIVATE,14462,272,261,4,continent,True,3,A_EXACT_ONE_AUTHORITATIVE_MATCH,DETERMINISTIC,2026-09-03 13:04:26.310353,2026-07-01 00:05:24.573260,2026-09-03 13:04:07.238422
DEACTIVATE,16192,272,265,21,continent,True,3,A_EXACT_ONE_AUTHORITATIVE_MATCH,DETERMINISTIC,2026-09-03 13:04:21.168265,2026-08-01 02:38:48.850094,2026-09-03 13:04:07.238422
DEACTIVATE,5069,274,8,4,city,True,3,A_EXACT_ONE_AUTHORITATIVE_MATCH,DETERMINISTIC,2026-05-01 00:04:17.342534,2026-05-01 00:04:17.334495,2026-05-01 00:04:17.334495
DEACTIVATE,17228,274,267,28,city,True,3,A_EXACT_ONE_AUTHORITATIVE_MATCH,DETERMINISTIC,2026-09-03 12:08:17.601629,2026-09-03 12:08:17.590390,2026-09-03 12:08:17.590390
DEACTIVATE,14463,276,261,4,continent,True,3,A_EXACT_ONE_AUTHORITATIVE_MATCH,DETERMINISTIC,2026-09-03 13:04:26.338860,2026-07-01 00:05:24.601924,2026-09-03 13:04:07.238422
DEACTIVATE,16193,276,265,21,continent,True,3,A_EXACT_ONE_AUTHORITATIVE_MATCH,DETERMINISTIC,2026-09-03 13:04:21.232505,2026-08-01 02:38:48.922439,2026-09-03 13:04:07.238422
DEACTIVATE,5072,278,8,4,city,True,3,A_EXACT_ONE_AUTHORITATIVE_MATCH,DETERMINISTIC,2026-05-01 00:04:17.374160,2026-05-01 00:04:17.367403,2026-05-01 00:04:17.367403
DEACTIVATE,17234,278,267,28,city,True,3,A_EXACT_ONE_AUTHORITATIVE_MATCH,DETERMINISTIC,2026-09-03 12:08:17.744930,2026-09-03 12:08:17.735558,2026-09-03 12:08:17.735558
DEACTIVATE,14464,280,261,4,continent,True,3,A_EXACT_ONE_AUTHORITATIVE_MATCH,DETERMINISTIC,2026-09-03 13:04:26.370849,2026-07-01 00:05:24.631178,2026-09-03 13:04:07.238422
DEACTIVATE,16194,280,265,21,continent,True,3,A_EXACT_ONE_AUTHORITATIVE_MATCH,DETERMINISTIC,2026-09-03 13:04:21.296789,2026-08-01 02:38:48.982317,2026-09-03 13:04:07.238422
DEACTIVATE,5074,282,8,4,city,True,3,A_EXACT_ONE_AUTHORITATIVE_MATCH,DETERMINISTIC,2026-05-01 00:04:17.396495,2026-05-01 00:04:17.389974,2026-05-01 00:04:17.389974
DEACTIVATE,17235,282,267,28,city,True,3,A_EXACT_ONE_AUTHORITATIVE_MATCH,DETERMINISTIC,2026-09-03 12:08:17.760132,2026-09-03 12:08:17.751263,2026-09-03 12:08:17.751263
DEACTIVATE,14467,284,261,4,continent,True,3,A_EXACT_ONE_AUTHORITATIVE_MATCH,DETERMINISTIC,2026-09-03 13:04:26.408506,2026-07-01 00:05:24.657401,2026-09-03 13:04:07.238422
DEACTIVATE,16197,284,265,21,continent,True,3,A_EXACT_ONE_AUTHORITATIVE_MATCH,DETERMINISTIC,2026-09-03 13:04:21.362669,2026-08-01 02:38:49.085872,2026-09-03 13:04:07.238422
DEACTIVATE,5076,286,8,4,city,True,3,A_EXACT_ONE_AUTHORITATIVE_MATCH,DETERMINISTIC,2026-05-01 00:04:17.419503,2026-05-01 00:04:17.412862,2026-05-01 00:04:17.412862
DEACTIVATE,17142,286,267,28,city,True,3,A_EXACT_ONE_AUTHORITATIVE_MATCH,DETERMINISTIC,2026-09-03 12:08:16.953822,2026-09-03 12:08:16.937223,2026-09-03 12:08:16.937223
DEACTIVATE,14470,288,261,4,continent,True,3,A_EXACT_ONE_AUTHORITATIVE_MATCH,DETERMINISTIC,2026-09-03 13:04:26.450344,2026-07-01 00:05:24.692507,2026-09-03 13:04:07.238422
DEACTIVATE,16198,288,265,21,continent,True,3,A_EXACT_ONE_AUTHORITATIVE_MATCH,DETERMINISTIC,2026-09-03 13:04:21.447766,2026-08-01 02:38:49.158753,2026-09-03 13:04:07.238422
DEACTIVATE,5077,290,8,4,city,True,3,A_EXACT_ONE_AUTHORITATIVE_MATCH,DETERMINISTIC,2026-05-01 00:04:17.430685,2026-05-01 00:04:17.424079,2026-05-01 00:04:17.424079
DEACTIVATE,17244,290,267,28,city,True,3,A_EXACT_ONE_AUTHORITATIVE_MATCH,DETERMINISTIC,2026-09-03 12:08:17.954691,2026-09-03 12:08:17.941396,2026-09-03 12:08:17.941396
DEACTIVATE,14471,292,261,4,continent,True,3,A_EXACT_ONE_AUTHORITATIVE_MATCH,DETERMINISTIC,2026-09-03 13:04:26.483875,2026-07-01 00:05:24.719500,2026-09-03 13:04:07.238422
DEACTIVATE,16199,292,265,21,continent,True,3,A_EXACT_ONE_AUTHORITATIVE_MATCH,DETERMINISTIC,2026-09-03 13:04:21.529767,2026-08-01 02:38:49.223734,2026-09-03 13:04:07.238422
DEACTIVATE,9235,294,8,4,city,True,3,A_EXACT_ONE_AUTHORITATIVE_MATCH,DETERMINISTIC,2026-05-19 11:18:07.663085,2026-05-19 11:18:07.624412,2026-05-19 11:18:07.624412
DEACTIVATE,17245,294,267,28,city,True,3,A_EXACT_ONE_AUTHORITATIVE_MATCH,DETERMINISTIC,2026-09-03 12:08:17.973481,2026-09-03 12:08:17.962039,2026-09-03 12:08:17.962039
DEACTIVATE,14472,296,261,4,continent,True,3,A_EXACT_ONE_AUTHORITATIVE_MATCH,DETERMINISTIC,2026-09-03 13:04:26.520495,2026-07-01 00:05:24.745318,2026-09-03 13:04:07.238422
DEACTIVATE,16200,296,265,21,continent,True,3,A_EXACT_ONE_AUTHORITATIVE_MATCH,DETERMINISTIC,2026-09-03 13:04:21.605801,2026-08-01 02:38:49.281680,2026-09-03 13:04:07.238422
DEACTIVATE,5081,298,8,4,city,True,3,A_EXACT_ONE_AUTHORITATIVE_MATCH,DETERMINISTIC,2026-05-01 00:04:17.473390,2026-05-01 00:04:17.467012,2026-05-01 00:04:17.467012
DEACTIVATE,17292,298,267,28,city,True,3,A_EXACT_ONE_AUTHORITATIVE_MATCH,DETERMINISTIC,2026-09-03 12:08:18.760919,2026-09-03 12:08:18.747307,2026-09-03 12:08:18.747307
DEACTIVATE,14473,300,261,4,continent,True,3,A_EXACT_ONE_AUTHORITATIVE_MATCH,DETERMINISTIC,2026-09-03 13:04:26.570417,2026-07-01 00:05:24.771623,2026-09-03 13:04:07.238422
DEACTIVATE,16201,300,265,21,continent,True,3,A_EXACT_ONE_AUTHORITATIVE_MATCH,DETERMINISTIC,2026-09-03 13:04:21.685253,2026-08-01 02:38:49.341377,2026-09-03 13:04:07.238422
DEACTIVATE,5083,302,8,4,city,True,3,A_EXACT_ONE_AUTHORITATIVE_MATCH,DETERMINISTIC,2026-05-01 00:04:17.498073,2026-05-01 00:04:17.490427,2026-05-01 00:04:17.490427
DEACTIVATE,17246,302,267,28,city,True,3,A_EXACT_ONE_AUTHORITATIVE_MATCH,DETERMINISTIC,2026-09-03 12:08:18.003488,2026-09-03 12:08:17.985727,2026-09-03 12:08:17.985727
DEACTIVATE,14474,304,261,4,continent,True,3,A_EXACT_ONE_AUTHORITATIVE_MATCH,DETERMINISTIC,2026-09-03 13:04:26.614930,2026-07-01 00:05:24.801145,2026-09-03 13:04:07.238422
DEACTIVATE,16202,304,265,21,continent,True,3,A_EXACT_ONE_AUTHORITATIVE_MATCH,DETERMINISTIC,2026-09-03 13:04:21.747460,2026-08-01 02:38:49.403630,2026-09-03 13:04:07.238422
DEACTIVATE,5085,306,8,4,city,True,3,A_EXACT_ONE_AUTHORITATIVE_MATCH,DETERMINISTIC,2026-05-01 00:04:17.521218,2026-05-01 00:04:17.513840,2026-05-01 00:04:17.513840
DEACTIVATE,17303,306,267,28,city,True,3,A_EXACT_ONE_AUTHORITATIVE_MATCH,DETERMINISTIC,2026-09-03 12:08:19.149659,2026-09-03 12:08:19.125036,2026-09-03 12:08:19.125036
DEACTIVATE,14475,308,261,4,continent,True,3,A_EXACT_ONE_AUTHORITATIVE_MATCH,DETERMINISTIC,2026-09-03 13:04:26.656135,2026-07-01 00:05:24.831373,2026-09-03 13:04:07.238422
DEACTIVATE,16203,308,265,21,continent,True,3,A_EXACT_ONE_AUTHORITATIVE_MATCH,DETERMINISTIC,2026-09-03 13:04:21.820064,2026-08-01 02:38:49.465774,2026-09-03 13:04:07.238422
DEACTIVATE,5087,310,8,4,city,True,3,A_EXACT_ONE_AUTHORITATIVE_MATCH,DETERMINISTIC,2026-05-01 00:04:17.544472,2026-05-01 00:04:17.538110,2026-05-01 00:04:17.538110
DEACTIVATE,17304,310,267,28,city,True,3,A_EXACT_ONE_AUTHORITATIVE_MATCH,DETERMINISTIC,2026-09-03 12:08:19.175967,2026-09-03 12:08:19.163075,2026-09-03 12:08:19.163075
DEACTIVATE,14476,312,261,4,continent,True,3,A_EXACT_ONE_AUTHORITATIVE_MATCH,DETERMINISTIC,2026-09-03 13:04:26.692435,2026-07-01 00:05:24.858871,2026-09-03 13:04:07.238422
DEACTIVATE,16204,312,265,21,continent,True,3,A_EXACT_ONE_AUTHORITATIVE_MATCH,DETERMINISTIC,2026-09-03 13:04:21.886897,2026-08-01 02:38:49.528672,2026-09-03 13:04:07.238422
DEACTIVATE,5089,314,8,4,city,True,3,A_EXACT_ONE_AUTHORITATIVE_MATCH,DETERMINISTIC,2026-05-01 00:04:17.567002,2026-05-01 00:04:17.559675,2026-05-01 00:04:17.559675
DEACTIVATE,17240,314,267,28,city,True,3,A_EXACT_ONE_AUTHORITATIVE_MATCH,DETERMINISTIC,2026-09-03 12:08:17.874002,2026-09-03 12:08:17.863473,2026-09-03 12:08:17.863473
DEACTIVATE,5094,318,8,4,city,True,3,A_EXACT_ONE_AUTHORITATIVE_MATCH,DETERMINISTIC,2026-05-01 00:04:17.591343,2026-05-01 00:04:17.584350,2026-05-01 00:04:17.584350
DEACTIVATE,17254,318,267,28,city,True,3,A_EXACT_ONE_AUTHORITATIVE_MATCH,DETERMINISTIC,2026-09-03 12:08:18.176200,2026-09-03 12:08:18.167810,2026-09-03 12:08:18.167810
DEACTIVATE,14481,320,261,4,continent,True,3,A_EXACT_ONE_AUTHORITATIVE_MATCH,DETERMINISTIC,2026-09-03 13:04:26.737938,2026-07-01 00:05:24.925736,2026-09-03 13:04:07.238422
DEACTIVATE,16212,320,265,21,continent,True,3,A_EXACT_ONE_AUTHORITATIVE_MATCH,DETERMINISTIC,2026-09-03 13:04:21.957213,2026-08-01 02:38:49.650827,2026-09-03 13:04:07.238422
DEACTIVATE,5096,322,8,4,city,True,3,A_EXACT_ONE_AUTHORITATIVE_MATCH,DETERMINISTIC,2026-05-01 00:04:17.612007,2026-05-01 00:04:17.605433,2026-05-01 00:04:17.605433
DEACTIVATE,17255,322,267,28,city,True,3,A_EXACT_ONE_AUTHORITATIVE_MATCH,DETERMINISTIC,2026-09-03 12:08:18.190679,2026-09-03 12:08:18.181483,2026-09-03 12:08:18.181483
DEACTIVATE,14482,324,261,4,continent,True,3,A_EXACT_ONE_AUTHORITATIVE_MATCH,DETERMINISTIC,2026-09-03 13:04:26.786134,2026-07-01 00:05:24.954194,2026-09-03 13:04:07.238422
DEACTIVATE,16213,324,265,21,continent,True,3,A_EXACT_ONE_AUTHORITATIVE_MATCH,DETERMINISTIC,2026-09-03 13:04:22.024594,2026-08-01 02:38:49.705435,2026-09-03 13:04:07.238422
DEACTIVATE,5098,326,8,4,city,True,3,A_EXACT_ONE_AUTHORITATIVE_MATCH,DETERMINISTIC,2026-05-01 00:04:17.634879,2026-05-01 00:04:17.628316,2026-05-01 00:04:17.628316
DEACTIVATE,17248,326,267,28,city,True,3,A_EXACT_ONE_AUTHORITATIVE_MATCH,DETERMINISTIC,2026-09-03 12:08:18.040033,2026-09-03 12:08:18.029046,2026-09-03 12:08:18.029046
DEACTIVATE,14483,328,261,4,continent,True,3,A_EXACT_ONE_AUTHORITATIVE_MATCH,DETERMINISTIC,2026-09-03 13:04:26.833702,2026-07-01 00:05:24.979417,2026-09-03 13:04:07.238422
DEACTIVATE,16214,328,265,21,continent,True,3,A_EXACT_ONE_AUTHORITATIVE_MATCH,DETERMINISTIC,2026-09-03 13:04:22.094405,2026-08-01 02:38:49.762492,2026-09-03 13:04:07.238422
DEACTIVATE,5100,330,8,4,city,True,3,A_EXACT_ONE_AUTHORITATIVE_MATCH,DETERMINISTIC,2026-05-01 00:04:17.656896,2026-05-01 00:04:17.650093,2026-05-01 00:04:17.650093
DEACTIVATE,17265,330,267,28,city,True,3,A_EXACT_ONE_AUTHORITATIVE_MATCH,DETERMINISTIC,2026-09-03 12:08:18.401480,2026-09-03 12:08:18.392460,2026-09-03 12:08:18.392460
DEACTIVATE,14484,332,261,4,continent,True,3,A_EXACT_ONE_AUTHORITATIVE_MATCH,DETERMINISTIC,2026-09-03 13:04:26.871829,2026-07-01 00:05:25.008746,2026-09-03 13:04:07.238422
DEACTIVATE,16215,332,265,21,continent,True,3,A_EXACT_ONE_AUTHORITATIVE_MATCH,DETERMINISTIC,2026-09-03 13:04:22.162248,2026-08-01 02:38:49.800916,2026-09-03 13:04:07.238422
DEACTIVATE,5102,334,8,4,city,True,3,A_EXACT_ONE_AUTHORITATIVE_MATCH,DETERMINISTIC,2026-05-01 00:04:17.679117,2026-05-01 00:04:17.672735,2026-05-01 00:04:17.672735
DEACTIVATE,17266,334,267,28,city,True,3,A_EXACT_ONE_AUTHORITATIVE_MATCH,DETERMINISTIC,2026-09-03 12:08:18.416487,2026-09-03 12:08:18.407067,2026-09-03 12:08:18.407067
DEACTIVATE,14486,336,261,4,continent,True,3,A_EXACT_ONE_AUTHORITATIVE_MATCH,DETERMINISTIC,2026-09-03 13:04:26.907984,2026-07-01 00:05:25.044866,2026-09-03 13:04:07.238422
DEACTIVATE,16217,336,265,21,continent,True,3,A_EXACT_ONE_AUTHORITATIVE_MATCH,DETERMINISTIC,2026-09-03 13:04:22.228115,2026-08-01 02:38:49.851475,2026-09-03 13:04:07.238422
DEACTIVATE,5105,338,8,4,city,True,3,A_EXACT_ONE_AUTHORITATIVE_MATCH,DETERMINISTIC,2026-05-01 00:04:17.701510,2026-05-01 00:04:17.694911,2026-05-01 00:04:17.694911
DEACTIVATE,17267,338,267,28,city,True,3,A_EXACT_ONE_AUTHORITATIVE_MATCH,DETERMINISTIC,2026-09-03 12:08:18.434664,2026-09-03 12:08:18.423712,2026-09-03 12:08:18.423712
DEACTIVATE,14487,340,261,4,continent,True,3,A_EXACT_ONE_AUTHORITATIVE_MATCH,DETERMINISTIC,2026-09-03 13:04:26.944845,2026-07-01 00:05:25.084555,2026-09-03 13:04:07.238422
DEACTIVATE,16218,340,265,21,continent,True,3,A_EXACT_ONE_AUTHORITATIVE_MATCH,DETERMINISTIC,2026-09-03 13:04:22.293272,2026-08-01 02:38:49.905784,2026-09-03 13:04:07.238422
DEACTIVATE,5107,342,8,4,city,True,3,A_EXACT_ONE_AUTHORITATIVE_MATCH,DETERMINISTIC,2026-05-01 00:04:17.723698,2026-05-01 00:04:17.715904,2026-05-01 00:04:17.715904
DEACTIVATE,17249,342,267,28,city,True,3,A_EXACT_ONE_AUTHORITATIVE_MATCH,DETERMINISTIC,2026-09-03 12:08:18.057174,2026-09-03 12:08:18.047032,2026-09-03 12:08:18.047032
DEACTIVATE,14488,344,261,4,continent,True,3,A_EXACT_ONE_AUTHORITATIVE_MATCH,DETERMINISTIC,2026-09-03 13:04:26.979909,2026-07-01 00:05:25.113981,2026-09-03 13:04:07.238422
DEACTIVATE,16219,344,265,21,continent,True,3,A_EXACT_ONE_AUTHORITATIVE_MATCH,DETERMINISTIC,2026-09-03 13:04:22.360958,2026-08-01 02:38:49.946154,2026-09-03 13:04:07.238422
DEACTIVATE,5109,346,8,4,city,True,3,A_EXACT_ONE_AUTHORITATIVE_MATCH,DETERMINISTIC,2026-05-01 00:04:17.746317,2026-05-01 00:04:17.739973,2026-05-01 00:04:17.739973
DEACTIVATE,17253,346,267,28,city,True,3,A_EXACT_ONE_AUTHORITATIVE_MATCH,DETERMINISTIC,2026-09-03 12:08:18.157822,2026-09-03 12:08:18.136666,2026-09-03 12:08:18.136666
DEACTIVATE,14489,348,261,4,continent,True,3,A_EXACT_ONE_AUTHORITATIVE_MATCH,DETERMINISTIC,2026-09-03 13:04:27.014439,2026-07-01 00:05:25.147130,2026-09-03 13:04:07.238422
DEACTIVATE,16220,348,265,21,continent,True,3,A_EXACT_ONE_AUTHORITATIVE_MATCH,DETERMINISTIC,2026-09-03 13:04:22.432516,2026-08-01 02:38:49.995583,2026-09-03 13:04:07.238422
DEACTIVATE,5111,350,8,4,city,True,3,A_EXACT_ONE_AUTHORITATIVE_MATCH,DETERMINISTIC,2026-05-01 00:04:17.768297,2026-05-01 00:04:17.761602,2026-05-01 00:04:17.761602
DEACTIVATE,17250,350,267,28,city,True,3,A_EXACT_ONE_AUTHORITATIVE_MATCH,DETERMINISTIC,2026-09-03 12:08:18.079099,2026-09-03 12:08:18.067815,2026-09-03 12:08:18.067815
DEACTIVATE,14490,352,261,4,continent,True,3,A_EXACT_ONE_AUTHORITATIVE_MATCH,DETERMINISTIC,2026-09-03 13:04:27.050114,2026-07-01 00:05:25.180208,2026-09-03 13:04:07.238422
DEACTIVATE,16221,352,265,21,continent,True,3,A_EXACT_ONE_AUTHORITATIVE_MATCH,DETERMINISTIC,2026-09-03 13:04:22.507070,2026-08-01 02:38:50.049300,2026-09-03 13:04:07.238422
DEACTIVATE,5113,354,8,4,city,True,3,A_EXACT_ONE_AUTHORITATIVE_MATCH,DETERMINISTIC,2026-05-01 00:04:17.791022,2026-05-01 00:04:17.784115,2026-05-01 00:04:17.784115
DEACTIVATE,17251,354,267,28,city,True,3,A_EXACT_ONE_AUTHORITATIVE_MATCH,DETERMINISTIC,2026-09-03 12:08:18.096954,2026-09-03 12:08:18.086155,2026-09-03 12:08:18.086155
DEACTIVATE,14491,356,261,4,continent,True,3,A_EXACT_ONE_AUTHORITATIVE_MATCH,DETERMINISTIC,2026-09-03 13:04:27.093067,2026-07-01 00:05:25.215179,2026-09-03 13:04:07.238422
DEACTIVATE,16222,356,265,21,continent,True,3,A_EXACT_ONE_AUTHORITATIVE_MATCH,DETERMINISTIC,2026-09-03 13:04:22.575441,2026-08-01 02:38:50.100237,2026-09-03 13:04:07.238422
DEACTIVATE,5115,358,8,4,city,True,3,A_EXACT_ONE_AUTHORITATIVE_MATCH,DETERMINISTIC,2026-05-01 00:04:17.812396,2026-05-01 00:04:17.805492,2026-05-01 00:04:17.805492
DEACTIVATE,17258,358,267,28,city,True,3,A_EXACT_ONE_AUTHORITATIVE_MATCH,DETERMINISTIC,2026-09-03 12:08:18.271581,2026-09-03 12:08:18.256036,2026-09-03 12:08:18.256036
DEACTIVATE,14492,360,261,4,continent,True,3,A_EXACT_ONE_AUTHORITATIVE_MATCH,DETERMINISTIC,2026-09-03 13:04:27.126342,2026-07-01 00:05:25.250529,2026-09-03 13:04:07.238422
DEACTIVATE,16223,360,265,21,continent,True,3,A_EXACT_ONE_AUTHORITATIVE_MATCH,DETERMINISTIC,2026-09-03 13:04:22.639813,2026-08-01 02:38:50.161064,2026-09-03 13:04:07.238422
DEACTIVATE,4597,362,8,4,city,True,3,A_EXACT_ONE_AUTHORITATIVE_MATCH,DETERMINISTIC,2026-05-01 00:04:15.645642,2026-05-01 00:04:15.637729,2026-05-01 00:04:15.637729
DEACTIVATE,17307,362,267,28,city,True,3,A_EXACT_ONE_AUTHORITATIVE_MATCH,DETERMINISTIC,2026-09-03 12:08:19.263756,2026-09-03 12:08:19.251806,2026-09-03 12:08:19.251806
DEACTIVATE,14493,364,261,4,continent,True,3,A_EXACT_ONE_AUTHORITATIVE_MATCH,DETERMINISTIC,2026-09-03 13:04:27.173916,2026-07-01 00:05:25.284735,2026-09-03 13:04:07.238422
DEACTIVATE,16224,364,265,21,continent,True,3,A_EXACT_ONE_AUTHORITATIVE_MATCH,DETERMINISTIC,2026-09-03 13:04:22.708846,2026-08-01 02:38:50.218496,2026-09-03 13:04:07.238422
DEACTIVATE,5118,366,8,4,city,True,3,A_EXACT_ONE_AUTHORITATIVE_MATCH,DETERMINISTIC,2026-05-01 00:04:17.847058,2026-05-01 00:04:17.839527,2026-05-01 00:04:17.839527
DEACTIVATE,17259,366,267,28,city,True,3,A_EXACT_ONE_AUTHORITATIVE_MATCH,DETERMINISTIC,2026-09-03 12:08:18.289384,2026-09-03 12:08:18.279919,2026-09-03 12:08:18.279919
DEACTIVATE,14494,368,261,4,continent,True,3,A_EXACT_ONE_AUTHORITATIVE_MATCH,DETERMINISTIC,2026-09-03 13:04:27.208753,2026-07-01 00:05:25.317319,2026-09-03 13:04:07.238422
DEACTIVATE,16225,368,265,21,continent,True,3,A_EXACT_ONE_AUTHORITATIVE_MATCH,DETERMINISTIC,2026-09-03 13:04:22.778399,2026-08-01 02:38:50.277235,2026-09-03 13:04:07.238422
DEACTIVATE,5119,370,8,4,city,True,3,A_EXACT_ONE_AUTHORITATIVE_MATCH,DETERMINISTIC,2026-05-01 00:04:17.859384,2026-05-01 00:04:17.851992,2026-05-01 00:04:17.851992
DEACTIVATE,17305,370,267,28,city,True,3,A_EXACT_ONE_AUTHORITATIVE_MATCH,DETERMINISTIC,2026-09-03 12:08:19.225780,2026-09-03 12:08:19.211213,2026-09-03 12:08:19.211213
DEACTIVATE,14495,372,261,4,continent,True,3,A_EXACT_ONE_AUTHORITATIVE_MATCH,DETERMINISTIC,2026-09-03 13:04:27.256382,2026-07-01 00:05:25.346258,2026-09-03 13:04:07.238422
DEACTIVATE,16226,372,265,21,continent,True,3,A_EXACT_ONE_AUTHORITATIVE_MATCH,DETERMINISTIC,2026-09-03 13:04:22.851924,2026-08-01 02:38:50.329774,2026-09-03 13:04:07.238422
DEACTIVATE,5121,374,8,4,city,True,3,A_EXACT_ONE_AUTHORITATIVE_MATCH,DETERMINISTIC,2026-05-01 00:04:17.882126,2026-05-01 00:04:17.875225,2026-05-01 00:04:17.875225
DEACTIVATE,17272,374,267,28,city,True,3,A_EXACT_ONE_AUTHORITATIVE_MATCH,DETERMINISTIC,2026-09-03 12:08:18.541121,2026-09-03 12:08:18.528104,2026-09-03 12:08:18.528104
DEACTIVATE,14496,376,261,4,continent,True,3,A_EXACT_ONE_AUTHORITATIVE_MATCH,DETERMINISTIC,2026-09-03 13:04:27.293545,2026-07-01 00:05:25.374652,2026-09-03 13:04:07.238422
DEACTIVATE,16227,376,265,21,continent,True,3,A_EXACT_ONE_AUTHORITATIVE_MATCH,DETERMINISTIC,2026-09-03 13:04:22.927348,2026-08-01 02:38:50.388755,2026-09-03 13:04:07.238422
DEACTIVATE,5123,378,8,4,city,True,3,A_EXACT_ONE_AUTHORITATIVE_MATCH,DETERMINISTIC,2026-05-01 00:04:17.905606,2026-05-01 00:04:17.898554,2026-05-01 00:04:17.898554
DEACTIVATE,17268,378,267,28,city,True,3,A_EXACT_ONE_AUTHORITATIVE_MATCH,DETERMINISTIC,2026-09-03 12:08:18.454494,2026-09-03 12:08:18.441811,2026-09-03 12:08:18.441811
DEACTIVATE,14590,380,261,4,continent,True,3,A_EXACT_ONE_AUTHORITATIVE_MATCH,DETERMINISTIC,2026-09-03 13:04:27.350273,2026-07-01 00:05:26.137876,2026-09-03 13:04:07.238422
DEACTIVATE,16228,380,265,21,continent,True,3,A_EXACT_ONE_AUTHORITATIVE_MATCH,DETERMINISTIC,2026-09-03 13:04:22.986516,2026-08-01 02:38:50.443059,2026-09-03 13:04:07.238422
DEACTIVATE,14497,382,261,4,continent,True,3,A_EXACT_ONE_AUTHORITATIVE_MATCH,DETERMINISTIC,2026-09-03 13:04:27.385700,2026-07-01 00:05:25.407529,2026-09-03 13:04:07.238422
DEACTIVATE,16229,382,265,21,continent,True,3,A_EXACT_ONE_AUTHORITATIVE_MATCH,DETERMINISTIC,2026-09-03 13:04:23.055490,2026-08-01 02:38:50.487140,2026-09-03 13:04:07.238422
DEACTIVATE,14498,384,261,4,continent,True,3,A_EXACT_ONE_AUTHORITATIVE_MATCH,DETERMINISTIC,2026-09-03 13:04:27.417087,2026-07-01 00:05:25.445723,2026-09-03 13:04:07.238422
DEACTIVATE,16230,384,265,21,continent,True,3,A_EXACT_ONE_AUTHORITATIVE_MATCH,DETERMINISTIC,2026-09-03 13:04:23.120846,2026-08-01 02:38:50.529860,2026-09-03 13:04:07.238422
DEACTIVATE,5125,386,8,4,city,True,3,A_EXACT_ONE_AUTHORITATIVE_MATCH,DETERMINISTIC,2026-05-01 00:04:17.928867,2026-05-01 00:04:17.921775,2026-05-01 00:04:17.921775
DEACTIVATE,17260,386,267,28,city,True,3,A_EXACT_ONE_AUTHORITATIVE_MATCH,DETERMINISTIC,2026-09-03 12:08:18.312992,2026-09-03 12:08:18.295387,2026-09-03 12:08:18.295387
DEACTIVATE,14499,388,261,4,continent,True,3,A_EXACT_ONE_AUTHORITATIVE_MATCH,DETERMINISTIC,2026-09-03 13:04:27.449403,2026-07-01 00:05:25.478360,2026-09-03 13:04:07.238422
DEACTIVATE,16231,388,265,21,continent,True,3,A_EXACT_ONE_AUTHORITATIVE_MATCH,DETERMINISTIC,2026-09-03 13:04:23.190523,2026-08-01 02:38:50.579313,2026-09-03 13:04:07.238422
DEACTIVATE,5127,390,8,4,city,True,3,A_EXACT_ONE_AUTHORITATIVE_MATCH,DETERMINISTIC,2026-05-01 00:04:17.952590,2026-05-01 00:04:17.945643,2026-05-01 00:04:17.945643
DEACTIVATE,17262,390,267,28,city,True,3,A_EXACT_ONE_AUTHORITATIVE_MATCH,DETERMINISTIC,2026-09-03 12:08:18.345737,2026-09-03 12:08:18.335062,2026-09-03 12:08:18.335062
DEACTIVATE,14503,392,261,4,continent,True,3,A_EXACT_ONE_AUTHORITATIVE_MATCH,DETERMINISTIC,2026-09-03 13:04:27.487302,2026-07-01 00:05:25.507512,2026-09-03 13:04:07.238422
DEACTIVATE,16234,392,265,21,continent,True,3,A_EXACT_ONE_AUTHORITATIVE_MATCH,DETERMINISTIC,2026-09-03 13:04:23.261670,2026-08-01 02:38:50.622843,2026-09-03 13:04:07.238422
DEACTIVATE,5130,394,8,4,city,True,3,A_EXACT_ONE_AUTHORITATIVE_MATCH,DETERMINISTIC,2026-05-01 00:04:17.975552,2026-05-01 00:04:17.968693,2026-05-01 00:04:17.968693
DEACTIVATE,17263,394,267,28,city,True,3,A_EXACT_ONE_AUTHORITATIVE_MATCH,DETERMINISTIC,2026-09-03 12:08:18.361621,2026-09-03 12:08:18.352382,2026-09-03 12:08:18.352382
DEACTIVATE,17284,398,267,28,city,True,3,A_EXACT_ONE_AUTHORITATIVE_MATCH,DETERMINISTIC,2026-09-03 12:08:18.687369,2026-09-03 12:08:18.673553,2026-09-03 12:08:18.673553
DEACTIVATE,14528,400,261,4,continent,True,3,A_EXACT_ONE_AUTHORITATIVE_MATCH,DETERMINISTIC,2026-09-03 13:04:27.530097,2026-07-01 00:05:25.612289,2026-09-03 13:04:07.238422
DEACTIVATE,5151,402,8,4,city,True,3,A_EXACT_ONE_AUTHORITATIVE_MATCH,DETERMINISTIC,2026-05-01 00:04:18.107061,2026-05-01 00:04:18.099542,2026-05-01 00:04:18.099542
DEACTIVATE,17289,402,267,28,city,True,3,A_EXACT_ONE_AUTHORITATIVE_MATCH,DETERMINISTIC,2026-09-03 12:08:18.711905,2026-09-03 12:08:18.695831,2026-09-03 12:08:18.695831
DEACTIVATE,14534,404,261,4,continent,True,3,A_EXACT_ONE_AUTHORITATIVE_MATCH,DETERMINISTIC,2026-09-03 13:04:27.600266,2026-07-01 00:05:25.665762,2026-09-03 13:04:07.238422
DEACTIVATE,5145,406,8,4,city,True,3,A_EXACT_ONE_AUTHORITATIVE_MATCH,DETERMINISTIC,2026-05-01 00:04:18.067000,2026-05-01 00:04:18.058787,2026-05-01 00:04:18.058787
DEACTIVATE,17276,406,267,28,city,True,3,A_EXACT_ONE_AUTHORITATIVE_MATCH,DETERMINISTIC,2026-09-03 12:08:18.563944,2026-09-03 12:08:18.551114,2026-09-03 12:08:18.551114
DEACTIVATE,14540,408,261,4,continent,True,3,A_EXACT_ONE_AUTHORITATIVE_MATCH,DETERMINISTIC,2026-09-03 13:04:27.662720,2026-07-01 00:05:25.711675,2026-09-03 13:04:07.238422
DEACTIVATE,5160,410,8,4,city,True,3,A_EXACT_ONE_AUTHORITATIVE_MATCH,DETERMINISTIC,2026-05-01 00:04:18.146445,2026-05-01 00:04:18.138192,2026-05-01 00:04:18.138192
DEACTIVATE,17153,410,267,28,city,True,3,A_EXACT_ONE_AUTHORITATIVE_MATCH,DETERMINISTIC,2026-09-03 12:08:17.024808,2026-09-03 12:08:17.012242,2026-09-03 12:08:17.012242
DEACTIVATE,10546,410,241,4,country,True,3,A_EXACT_ONE_AUTHORITATIVE_MATCH,DETERMINISTIC,2026-05-31 00:03:19.880190,2026-05-31 00:03:19.846409,2026-05-31 00:03:19.846409
DEACTIVATE,13347,410,253,21,country,True,3,A_EXACT_ONE_AUTHORITATIVE_MATCH,DETERMINISTIC,2026-06-30 00:20:16.378210,2026-06-30 00:20:16.343070,2026-06-30 00:20:16.343070
DEACTIVATE,15152,410,255,26,country,True,3,A_EXACT_ONE_AUTHORITATIVE_MATCH,DETERMINISTIC,2026-07-31 00:04:57.884701,2026-07-31 00:04:57.835976,2026-07-31 00:04:57.835976
DEACTIVATE,18408,410,257,27,country,True,3,A_EXACT_ONE_AUTHORITATIVE_MATCH,DETERMINISTIC,2026-09-03 12:08:43.407814,2026-09-03 12:08:43.329632,2026-09-03 12:08:43.329632
DEACTIVATE,10544,411,240,4,city,True,3,A_EXACT_ONE_AUTHORITATIVE_MATCH,DETERMINISTIC,2026-05-31 00:03:19.854768,2026-05-31 00:03:19.846409,2026-05-31 00:03:19.846409
DEACTIVATE,11537,411,250,21,city,True,3,A_EXACT_ONE_AUTHORITATIVE_MATCH,DETERMINISTIC,2026-06-01 00:04:25.711361,2026-06-01 00:04:25.702231,2026-06-01 00:04:25.702231
DEACTIVATE,13378,411,258,26,city,True,3,A_EXACT_ONE_AUTHORITATIVE_MATCH,DETERMINISTIC,2026-07-01 00:05:08.393647,2026-07-01 00:05:08.377124,2026-07-01 00:05:08.377124
DEACTIVATE,15324,411,263,27,city,True,3,A_EXACT_ONE_AUTHORITATIVE_MATCH,DETERMINISTIC,2026-08-01 00:05:13.574979,2026-08-01 00:05:13.558132,2026-08-01 00:05:13.558132
DEACTIVATE,17152,411,267,28,city,True,3,A_EXACT_ONE_AUTHORITATIVE_MATCH,DETERMINISTIC,2026-09-03 12:08:17.023851,2026-09-03 12:08:17.012242,2026-09-03 12:08:17.012242
DEACTIVATE,5153,414,8,4,city,True,3,A_EXACT_ONE_AUTHORITATIVE_MATCH,DETERMINISTIC,2026-05-01 00:04:18.126053,2026-05-01 00:04:18.116804,2026-05-01 00:04:18.116804
DEACTIVATE,17164,414,267,28,city,True,3,A_EXACT_ONE_AUTHORITATIVE_MATCH,DETERMINISTIC,2026-09-03 12:08:17.051122,2026-09-03 12:08:17.037098,2026-09-03 12:08:17.037098
DEACTIVATE,5023,451,8,4,city,True,3,A_EXACT_ONE_AUTHORITATIVE_MATCH,DETERMINISTIC,2026-05-01 00:04:17.026966,2026-05-01 00:04:17.019614,2026-05-01 00:04:17.019614
DEACTIVATE,17189,451,267,28,city,True,3,A_EXACT_ONE_AUTHORITATIVE_MATCH,DETERMINISTIC,2026-09-03 12:08:17.372160,2026-09-03 12:08:17.355580,2026-09-03 12:08:17.355580
DEACTIVATE,5365,451,247,2,regional,True,3,A_EXACT_ONE_AUTHORITATIVE_MATCH,DETERMINISTIC,2026-05-02 01:00:30.911809,2026-05-01 23:55:30.501072,2026-05-02 01:00:30.839543
DEACTIVATE,5458,451,245,1,regional,True,3,A_EXACT_ONE_AUTHORITATIVE_MATCH,DETERMINISTIC,2026-05-02 01:48:58.532979,2026-05-01 23:55:32.895425,2026-05-02 01:48:58.468680
DEACTIVATE,18184,456,265,21,continent,True,3,A_EXACT_ONE_AUTHORITATIVE_MATCH,DETERMINISTIC,2026-09-03 13:04:16.877337,2026-09-03 12:08:33.729481,2026-09-03 13:04:07.238422
DEACTIVATE,18176,457,265,21,continent,True,3,A_EXACT_ONE_AUTHORITATIVE_MATCH,DETERMINISTIC,2026-09-03 13:04:15.964405,2026-09-03 12:08:33.729481,2026-09-03 13:04:07.238422
DEACTIVATE,18180,459,265,21,continent,True,3,A_EXACT_ONE_AUTHORITATIVE_MATCH,DETERMINISTIC,2026-09-03 13:04:16.472358,2026-09-03 12:08:33.729481,2026-09-03 13:04:07.238422
DEACTIVATE,18177,468,265,21,continent,True,3,A_EXACT_ONE_AUTHORITATIVE_MATCH,DETERMINISTIC,2026-09-03 13:04:15.969712,2026-09-03 12:08:33.729481,2026-09-03 13:04:07.238422
DEACTIVATE,18183,469,265,21,continent,True,3,A_EXACT_ONE_AUTHORITATIVE_MATCH,DETERMINISTIC,2026-09-03 13:04:16.884240,2026-09-03 12:08:33.729481,2026-09-03 13:04:07.238422
DEACTIVATE,18179,471,265,21,continent,True,3,A_EXACT_ONE_AUTHORITATIVE_MATCH,DETERMINISTIC,2026-09-03 13:04:16.480367,2026-09-03 12:08:33.729481,2026-09-03 13:04:07.238422
DEACTIVATE,5024,472,8,4,city,True,3,A_EXACT_ONE_AUTHORITATIVE_MATCH,DETERMINISTIC,2026-05-01 00:04:17.030591,2026-05-01 00:04:17.019614,2026-05-01 00:04:17.019614
DEACTIVATE,17198,472,267,28,city,True,3,A_EXACT_ONE_AUTHORITATIVE_MATCH,DETERMINISTIC,2026-09-03 12:08:17.382686,2026-09-03 12:08:17.355580,2026-09-03 12:08:17.355580
DEACTIVATE,5460,472,245,1,regional,True,3,A_EXACT_ONE_AUTHORITATIVE_MATCH,DETERMINISTIC,2026-05-02 01:48:58.526409,2026-05-01 23:55:32.895425,2026-05-02 01:48:58.468680
DEACTIVATE,5017,473,8,4,city,True,3,A_EXACT_ONE_AUTHORITATIVE_MATCH,DETERMINISTIC,2026-05-01 00:04:17.008045,2026-05-01 00:04:17.000626,2026-05-01 00:04:17.000626
DEACTIVATE,17179,473,267,28,city,True,3,A_EXACT_ONE_AUTHORITATIVE_MATCH,DETERMINISTIC,2026-09-03 12:08:17.300632,2026-09-03 12:08:17.282014,2026-09-03 12:08:17.282014
DEACTIVATE,14284,475,261,4,continent,True,3,A_EXACT_ONE_AUTHORITATIVE_MATCH,DETERMINISTIC,2026-09-03 13:04:24.799282,2026-07-01 00:05:22.718430,2026-09-03 13:04:07.238422
DEACTIVATE,5031,484,8,4,city,True,3,A_EXACT_ONE_AUTHORITATIVE_MATCH,DETERMINISTIC,2026-05-01 00:04:17.036182,2026-05-01 00:04:17.019614,2026-05-01 00:04:17.019614
DEACTIVATE,17211,484,267,28,city,True,3,A_EXACT_ONE_AUTHORITATIVE_MATCH,DETERMINISTIC,2026-09-03 12:08:17.398000,2026-09-03 12:08:17.355580,2026-09-03 12:08:17.355580
DEACTIVATE,5391,484,247,2,regional,True,3,A_EXACT_ONE_AUTHORITATIVE_MATCH,DETERMINISTIC,2026-05-02 01:00:30.910510,2026-05-01 23:55:30.730713,2026-05-02 01:00:30.839543
DEACTIVATE,5462,484,245,1,regional,True,3,A_EXACT_ONE_AUTHORITATIVE_MATCH,DETERMINISTIC,2026-05-02 01:48:58.531545,2026-05-01 23:55:32.895425,2026-05-02 01:48:58.468680
DEACTIVATE,5154,498,8,4,city,True,3,A_EXACT_ONE_AUTHORITATIVE_MATCH,DETERMINISTIC,2026-05-01 00:04:18.127902,2026-05-01 00:04:18.116804,2026-05-01 00:04:18.116804
DEACTIVATE,17163,498,267,28,city,True,3,A_EXACT_ONE_AUTHORITATIVE_MATCH,DETERMINISTIC,2026-09-03 12:08:17.050374,2026-09-03 12:08:17.037098,2026-09-03 12:08:17.037098
DEACTIVATE,5032,500,8,4,city,True,3,A_EXACT_ONE_AUTHORITATIVE_MATCH,DETERMINISTIC,2026-05-01 00:04:17.037203,2026-05-01 00:04:17.019614,2026-05-01 00:04:17.019614
DEACTIVATE,17205,500,267,28,city,True,3,A_EXACT_ONE_AUTHORITATIVE_MATCH,DETERMINISTIC,2026-09-03 12:08:17.391138,2026-09-03 12:08:17.355580,2026-09-03 12:08:17.355580
DEACTIVATE,5481,500,245,1,regional,True,3,A_EXACT_ONE_AUTHORITATIVE_MATCH,DETERMINISTIC,2026-05-02 01:48:58.535180,2026-05-01 23:55:32.895425,2026-05-02 01:48:58.468680
DEACTIVATE,18181,501,265,21,continent,True,3,A_EXACT_ONE_AUTHORITATIVE_MATCH,DETERMINISTIC,2026-09-03 13:04:16.802819,2026-09-03 12:08:33.729481,2026-09-03 13:04:07.238422
DEACTIVATE,16129,504,265,21,continent,True,3,A_EXACT_ONE_AUTHORITATIVE_MATCH,DETERMINISTIC,2026-09-03 13:04:18.682991,2026-08-01 02:38:46.980872,2026-09-03 13:04:07.238422
DEACTIVATE,5155,506,8,4,city,True,3,A_EXACT_ONE_AUTHORITATIVE_MATCH,DETERMINISTIC,2026-05-01 00:04:18.128445,2026-05-01 00:04:18.116804,2026-05-01 00:04:18.116804
DEACTIVATE,17162,506,267,28,city,True,3,A_EXACT_ONE_AUTHORITATIVE_MATCH,DETERMINISTIC,2026-09-03 12:08:17.049642,2026-09-03 12:08:17.037098,2026-09-03 12:08:17.037098
DEACTIVATE,5033,507,8,4,city,True,3,A_EXACT_ONE_AUTHORITATIVE_MATCH,DETERMINISTIC,2026-05-01 00:04:17.037730,2026-05-01 00:04:17.019614,2026-05-01 00:04:17.019614
DEACTIVATE,17206,507,267,28,city,True,3,A_EXACT_ONE_AUTHORITATIVE_MATCH,DETERMINISTIC,2026-09-03 12:08:17.391893,2026-09-03 12:08:17.355580,2026-09-03 12:08:17.355580
DEACTIVATE,5396,507,247,2,regional,True,3,A_EXACT_ONE_AUTHORITATIVE_MATCH,DETERMINISTIC,2026-05-02 01:00:30.902806,2026-05-01 23:55:30.730713,2026-05-02 01:00:30.839543
DEACTIVATE,7434,507,245,1,regional,True,3,A_EXACT_ONE_AUTHORITATIVE_MATCH,DETERMINISTIC,2026-05-02 01:48:58.536195,2026-05-02 01:00:37.359515,2026-05-02 01:48:58.468680
DEACTIVATE,5034,508,8,4,city,True,3,A_EXACT_ONE_AUTHORITATIVE_MATCH,DETERMINISTIC,2026-05-01 00:04:17.038317,2026-05-01 00:04:17.019614,2026-05-01 00:04:17.019614
DEACTIVATE,17214,508,267,28,city,True,3,A_EXACT_ONE_AUTHORITATIVE_MATCH,DETERMINISTIC,2026-09-03 12:08:17.401432,2026-09-03 12:08:17.355580,2026-09-03 12:08:17.355580
DEACTIVATE,5397,508,247,2,regional,True,3,A_EXACT_ONE_AUTHORITATIVE_MATCH,DETERMINISTIC,2026-05-02 01:00:30.905294,2026-05-01 23:55:30.730713,2026-05-02 01:00:30.839543
DEACTIVATE,7436,508,245,1,regional,True,3,A_EXACT_ONE_AUTHORITATIVE_MATCH,DETERMINISTIC,2026-05-02 01:48:58.538532,2026-05-02 01:00:37.359515,2026-05-02 01:48:58.468680
DEACTIVATE,5035,509,8,4,city,True,3,A_EXACT_ONE_AUTHORITATIVE_MATCH,DETERMINISTIC,2026-05-01 00:04:17.038870,2026-05-01 00:04:17.019614,2026-05-01 00:04:17.019614
DEACTIVATE,17208,509,267,28,city,True,3,A_EXACT_ONE_AUTHORITATIVE_MATCH,DETERMINISTIC,2026-09-03 12:08:17.394758,2026-09-03 12:08:17.355580,2026-09-03 12:08:17.355580
DEACTIVATE,9871,509,247,2,regional,True,3,A_EXACT_ONE_AUTHORITATIVE_MATCH,DETERMINISTIC,2026-05-31 00:03:10.884427,2026-05-31 00:03:10.849709,2026-05-31 00:03:10.849709
DEACTIVATE,14192,513,261,4,continent,True,3,A_EXACT_ONE_AUTHORITATIVE_MATCH,DETERMINISTIC,2026-09-03 13:04:24.668112,2026-07-01 00:05:22.162524,2026-09-03 13:04:07.238422
DEACTIVATE,15812,513,265,21,continent,True,3,A_EXACT_ONE_AUTHORITATIVE_MATCH,DETERMINISTIC,2026-09-03 13:04:15.380445,2026-08-01 02:38:44.536171,2026-09-03 13:04:07.238422
DEACTIVATE,14389,514,261,4,continent,True,3,A_EXACT_ONE_AUTHORITATIVE_MATCH,DETERMINISTIC,2026-09-03 13:04:25.184182,2026-07-01 00:05:23.423873,2026-09-03 13:04:07.238422
DEACTIVATE,16112,514,265,21,continent,True,3,A_EXACT_ONE_AUTHORITATIVE_MATCH,DETERMINISTIC,2026-09-03 13:04:17.834305,2026-08-01 02:38:46.612135,2026-09-03 13:04:07.238422
DEACTIVATE,18198,519,265,21,continent,True,3,A_EXACT_ONE_AUTHORITATIVE_MATCH,DETERMINISTIC,2026-09-03 13:04:19.368867,2026-09-03 12:08:34.629293,2026-09-03 13:04:07.238422
DEACTIVATE,4423,522,240,4,city,True,3,A_EXACT_ONE_AUTHORITATIVE_MATCH,DETERMINISTIC,2026-05-01 00:04:14.271836,2026-05-01 00:04:14.246387,2026-05-01 00:04:14.246387
DEACTIVATE,5036,522,8,4,city,True,3,A_EXACT_ONE_AUTHORITATIVE_MATCH,DETERMINISTIC,2026-05-01 00:04:17.039370,2026-05-01 00:04:17.019614,2026-05-01 00:04:17.019614
DEACTIVATE,10933,522,250,21,city,True,3,A_EXACT_ONE_AUTHORITATIVE_MATCH,DETERMINISTIC,2026-06-01 00:04:22.909291,2026-06-01 00:04:22.892354,2026-06-01 00:04:22.892354
DEACTIVATE,13418,522,258,26,city,True,3,A_EXACT_ONE_AUTHORITATIVE_MATCH,DETERMINISTIC,2026-07-01 00:05:08.546513,2026-07-01 00:05:08.532278,2026-07-01 00:05:08.532278
DEACTIVATE,15202,522,263,27,city,True,3,A_EXACT_ONE_AUTHORITATIVE_MATCH,DETERMINISTIC,2026-08-01 00:05:11.962978,2026-08-01 00:05:11.943836,2026-08-01 00:05:11.943836
DEACTIVATE,17197,522,267,28,city,True,3,A_EXACT_ONE_AUTHORITATIVE_MATCH,DETERMINISTIC,2026-09-03 12:08:17.381886,2026-09-03 12:08:17.355580,2026-09-03 12:08:17.355580
DEACTIVATE,8426,522,245,1,regional,True,3,A_EXACT_ONE_AUTHORITATIVE_MATCH,DETERMINISTIC,2026-05-02 01:35:11.409657,2026-05-02 01:35:11.380109,2026-05-02 01:35:11.380109
DEACTIVATE,9870,522,247,2,regional,True,3,A_EXACT_ONE_AUTHORITATIVE_MATCH,DETERMINISTIC,2026-05-31 00:03:10.883315,2026-05-31 00:03:10.849709,2026-05-31 00:03:10.849709
DEACTIVATE,15709,526,261,4,continent,True,3,A_EXACT_ONE_AUTHORITATIVE_MATCH,DETERMINISTIC,2026-09-03 13:04:25.827992,2026-08-01 02:38:41.867542,2026-09-03 13:04:07.238422
DEACTIVATE,18201,526,265,21,continent,True,3,A_EXACT_ONE_AUTHORITATIVE_MATCH,DETERMINISTIC,2026-09-03 13:04:19.593316,2026-09-03 12:08:34.629293,2026-09-03 13:04:07.238422
DEACTIVATE,5156,529,8,4,city,True,3,A_EXACT_ONE_AUTHORITATIVE_MATCH,DETERMINISTIC,2026-05-01 00:04:18.129031,2026-05-01 00:04:18.116804,2026-05-01 00:04:18.116804
DEACTIVATE,17167,529,267,28,city,True,3,A_EXACT_ONE_AUTHORITATIVE_MATCH,DETERMINISTIC,2026-09-03 12:08:17.053780,2026-09-03 12:08:17.037098,2026-09-03 12:08:17.037098
DEACTIVATE,18178,531,265,21,continent,True,3,A_EXACT_ONE_AUTHORITATIVE_MATCH,DETERMINISTIC,2026-09-03 13:04:15.955865,2026-09-03 12:08:33.729481,2026-09-03 13:04:07.238422
DEACTIVATE,5025,538,8,4,city,True,3,A_EXACT_ONE_AUTHORITATIVE_MATCH,DETERMINISTIC,2026-05-01 00:04:17.031229,2026-05-01 00:04:17.019614,2026-05-01 00:04:17.019614
DEACTIVATE,17199,538,267,28,city,True,3,A_EXACT_ONE_AUTHORITATIVE_MATCH,DETERMINISTIC,2026-09-03 12:08:17.383698,2026-09-03 12:08:17.355580,2026-09-03 12:08:17.355580
DEACTIVATE,6559,538,247,2,regional,True,3,A_EXACT_ONE_AUTHORITATIVE_MATCH,DETERMINISTIC,2026-05-02 01:00:30.903986,2026-05-02 01:00:30.839543,2026-05-02 01:00:30.839543
DEACTIVATE,7435,538,245,1,regional,True,3,A_EXACT_ONE_AUTHORITATIVE_MATCH,DETERMINISTIC,2026-05-02 01:48:58.537357,2026-05-02 01:00:37.359515,2026-05-02 01:48:58.468680
DEACTIVATE,5026,544,8,4,city,True,3,A_EXACT_ONE_AUTHORITATIVE_MATCH,DETERMINISTIC,2026-05-01 00:04:17.031820,2026-05-01 00:04:17.019614,2026-05-01 00:04:17.019614
DEACTIVATE,17200,544,267,28,city,True,3,A_EXACT_ONE_AUTHORITATIVE_MATCH,DETERMINISTIC,2026-09-03 12:08:17.384607,2026-09-03 12:08:17.355580,2026-09-03 12:08:17.355580
DEACTIVATE,5479,544,245,1,regional,True,3,A_EXACT_ONE_AUTHORITATIVE_MATCH,DETERMINISTIC,2026-05-02 01:48:58.534166,2026-05-01 23:55:32.895425,2026-05-02 01:48:58.468680
DEACTIVATE,14388,552,261,4,continent,True,3,A_EXACT_ONE_AUTHORITATIVE_MATCH,DETERMINISTIC,2026-09-03 13:04:25.187360,2026-07-01 00:05:23.423873,2026-09-03 13:04:07.238422
DEACTIVATE,16111,552,265,21,continent,True,3,A_EXACT_ONE_AUTHORITATIVE_MATCH,DETERMINISTIC,2026-09-03 13:04:17.836035,2026-08-01 02:38:46.612135,2026-09-03 13:04:07.238422
DEACTIVATE,5157,554,8,4,city,True,3,A_EXACT_ONE_AUTHORITATIVE_MATCH,DETERMINISTIC,2026-05-01 00:04:18.129582,2026-05-01 00:04:18.116804,2026-05-01 00:04:18.116804
DEACTIVATE,17168,554,267,28,city,True,3,A_EXACT_ONE_AUTHORITATIVE_MATCH,DETERMINISTIC,2026-09-03 12:08:17.054790,2026-09-03 12:08:17.037098,2026-09-03 12:08:17.037098
DEACTIVATE,14396,557,261,4,continent,True,3,A_EXACT_ONE_AUTHORITATIVE_MATCH,DETERMINISTIC,2026-09-03 13:04:25.431903,2026-07-01 00:05:23.583867,2026-09-03 13:04:07.238422
DEACTIVATE,16119,557,265,21,continent,True,3,A_EXACT_ONE_AUTHORITATIVE_MATCH,DETERMINISTIC,2026-09-03 13:04:18.466833,2026-08-01 02:38:46.834406,2026-09-03 13:04:07.238422
DEACTIVATE,5018,558,8,4,city,True,3,A_EXACT_ONE_AUTHORITATIVE_MATCH,DETERMINISTIC,2026-05-01 00:04:17.010928,2026-05-01 00:04:17.000626,2026-05-01 00:04:17.000626
DEACTIVATE,17183,558,267,28,city,True,3,A_EXACT_ONE_AUTHORITATIVE_MATCH,DETERMINISTIC,2026-09-03 12:08:17.303955,2026-09-03 12:08:17.282014,2026-09-03 12:08:17.282014
DEACTIVATE,6548,558,247,2,regional,True,3,A_EXACT_ONE_AUTHORITATIVE_MATCH,DETERMINISTIC,2026-05-02 01:00:30.797577,2026-05-02 01:00:30.747865,2026-05-02 01:00:30.747865
DEACTIVATE,7416,558,245,1,regional,True,3,A_EXACT_ONE_AUTHORITATIVE_MATCH,DETERMINISTIC,2026-05-02 01:48:58.456896,2026-05-02 01:00:37.253156,2026-05-02 01:48:58.411556
DEACTIVATE,14399,559,261,4,continent,True,3,A_EXACT_ONE_AUTHORITATIVE_MATCH,DETERMINISTIC,2026-09-03 13:04:25.500305,2026-07-01 00:05:23.647556,2026-09-03 13:04:07.238422
DEACTIVATE,16122,559,265,21,continent,True,3,A_EXACT_ONE_AUTHORITATIVE_MATCH,DETERMINISTIC,2026-09-03 13:04:18.599015,2026-08-01 02:38:46.933321,2026-09-03 13:04:07.238422
DEACTIVATE,14563,564,261,4,continent,True,3,A_EXACT_ONE_AUTHORITATIVE_MATCH,DETERMINISTIC,2026-09-03 13:04:27.783380,2026-07-01 00:05:25.881867,2026-09-03 13:04:07.238422
DEACTIVATE,16287,564,265,21,continent,True,3,A_EXACT_ONE_AUTHORITATIVE_MATCH,DETERMINISTIC,2026-09-03 13:04:23.398173,2026-08-01 02:38:51.154217,2026-09-03 13:04:07.238422
DEACTIVATE,14560,565,261,4,continent,True,3,A_EXACT_ONE_AUTHORITATIVE_MATCH,DETERMINISTIC,2026-09-03 13:04:27.733985,2026-07-01 00:05:25.848432,2026-09-03 13:04:07.238422
DEACTIVATE,16284,565,265,21,continent,True,3,A_EXACT_ONE_AUTHORITATIVE_MATCH,DETERMINISTIC,2026-09-03 13:04:23.328523,2026-08-01 02:38:51.101467,2026-09-03 13:04:07.238422
DEACTIVATE,5027,569,8,4,city,True,3,A_EXACT_ONE_AUTHORITATIVE_MATCH,DETERMINISTIC,2026-05-01 00:04:17.032401,2026-05-01 00:04:17.019614,2026-05-01 00:04:17.019614
DEACTIVATE,17201,569,267,28,city,True,3,A_EXACT_ONE_AUTHORITATIVE_MATCH,DETERMINISTIC,2026-09-03 12:08:17.385852,2026-09-03 12:08:17.355580,2026-09-03 12:08:17.355580
DEACTIVATE,5367,569,247,2,regional,True,3,A_EXACT_ONE_AUTHORITATIVE_MATCH,DETERMINISTIC,2026-05-01 23:55:30.714985,2026-05-01 23:55:30.501072,2026-05-01 23:55:30.501072
DEACTIVATE,5478,569,245,1,regional,True,3,A_EXACT_ONE_AUTHORITATIVE_MATCH,DETERMINISTIC,2026-05-02 01:35:11.400080,2026-05-01 23:55:32.895425,2026-05-02 01:35:11.380109
DEACTIVATE,14395,572,261,4,continent,True,3,A_EXACT_ONE_AUTHORITATIVE_MATCH,DETERMINISTIC,2026-09-03 13:04:25.430639,2026-07-01 00:05:23.583867,2026-09-03 13:04:07.238422
DEACTIVATE,16118,572,265,21,continent,True,3,A_EXACT_ONE_AUTHORITATIVE_MATCH,DETERMINISTIC,2026-09-03 13:04:18.462897,2026-08-01 02:38:46.834406,2026-09-03 13:04:07.238422
DEACTIVATE,14485,573,261,4,continent,True,3,A_EXACT_ONE_AUTHORITATIVE_MATCH,DETERMINISTIC,2026-09-03 13:04:26.906569,2026-07-01 00:05:25.044866,2026-09-03 13:04:07.238422
DEACTIVATE,16216,573,265,21,continent,True,3,A_EXACT_ONE_AUTHORITATIVE_MATCH,DETERMINISTIC,2026-09-03 13:04:22.224610,2026-08-01 02:38:49.851475,2026-09-03 13:04:07.238422
DEACTIVATE,5038,580,8,4,city,True,3,A_EXACT_ONE_AUTHORITATIVE_MATCH,DETERMINISTIC,2026-05-01 00:04:17.040426,2026-05-01 00:04:17.019614,2026-05-01 00:04:17.019614
DEACTIVATE,17190,580,267,28,city,True,3,A_EXACT_ONE_AUTHORITATIVE_MATCH,DETERMINISTIC,2026-09-03 12:08:17.373720,2026-09-03 12:08:17.355580,2026-09-03 12:08:17.355580
DEACTIVATE,8419,580,245,1,regional,True,3,A_EXACT_ONE_AUTHORITATIVE_MATCH,DETERMINISTIC,2026-05-02 01:35:11.387825,2026-05-02 01:35:11.380109,2026-05-02 01:35:11.380109
DEACTIVATE,9865,580,247,2,regional,True,3,A_EXACT_ONE_AUTHORITATIVE_MATCH,DETERMINISTIC,2026-05-31 00:03:10.863178,2026-05-31 00:03:10.849709,2026-05-31 00:03:10.849709
DEACTIVATE,14415,585,261,4,continent,True,3,A_EXACT_ONE_AUTHORITATIVE_MATCH,DETERMINISTIC,2026-09-03 13:04:25.653610,2026-07-01 00:05:23.858397,2026-09-03 13:04:07.238422
DEACTIVATE,16138,585,265,21,continent,True,3,A_EXACT_ONE_AUTHORITATIVE_MATCH,DETERMINISTIC,2026-09-03 13:04:19.180112,2026-08-01 02:38:47.259362,2026-09-03 13:04:07.238422
DEACTIVATE,15696,586,261,4,continent,True,3,A_EXACT_ONE_AUTHORITATIVE_MATCH,DETERMINISTIC,2026-09-03 13:04:25.731810,2026-08-01 02:38:41.571896,2026-09-03 13:04:07.238422
DEACTIVATE,15692,587,261,4,continent,True,3,A_EXACT_ONE_AUTHORITATIVE_MATCH,DETERMINISTIC,2026-09-03 13:04:25.726786,2026-08-01 02:38:41.571896,2026-09-03 13:04:07.238422
DEACTIVATE,14414,589,261,4,continent,True,3,A_EXACT_ONE_AUTHORITATIVE_MATCH,DETERMINISTIC,2026-09-03 13:04:25.654606,2026-07-01 00:05:23.858397,2026-09-03 13:04:07.238422
DEACTIVATE,16137,589,265,21,continent,True,3,A_EXACT_ONE_AUTHORITATIVE_MATCH,DETERMINISTIC,2026-09-03 13:04:19.183564,2026-08-01 02:38:47.259362,2026-09-03 13:04:07.238422
DEACTIVATE,5039,592,8,4,city,True,3,A_EXACT_ONE_AUTHORITATIVE_MATCH,DETERMINISTIC,2026-05-01 00:04:17.040993,2026-05-01 00:04:17.019614,2026-05-01 00:04:17.019614
DEACTIVATE,17215,592,267,28,city,True,3,A_EXACT_ONE_AUTHORITATIVE_MATCH,DETERMINISTIC,2026-09-03 12:08:17.402625,2026-09-03 12:08:17.355580,2026-09-03 12:08:17.355580
DEACTIVATE,5459,592,245,1,regional,True,3,A_EXACT_ONE_AUTHORITATIVE_MATCH,DETERMINISTIC,2026-05-02 01:48:58.529042,2026-05-01 23:55:32.895425,2026-05-02 01:48:58.468680
DEACTIVATE,5020,593,8,4,city,True,3,A_EXACT_ONE_AUTHORITATIVE_MATCH,DETERMINISTIC,2026-05-01 00:04:17.012200,2026-05-01 00:04:17.000626,2026-05-01 00:04:17.000626
DEACTIVATE,17185,593,267,28,city,True,3,A_EXACT_ONE_AUTHORITATIVE_MATCH,DETERMINISTIC,2026-09-03 12:08:17.305298,2026-09-03 12:08:17.282014,2026-09-03 12:08:17.282014
DEACTIVATE,5019,594,8,4,city,True,3,A_EXACT_ONE_AUTHORITATIVE_MATCH,DETERMINISTIC,2026-05-01 00:04:17.011532,2026-05-01 00:04:17.000626,2026-05-01 00:04:17.000626
DEACTIVATE,17177,594,267,28,city,True,3,A_EXACT_ONE_AUTHORITATIVE_MATCH,DETERMINISTIC,2026-09-03 12:08:17.298606,2026-09-03 12:08:17.282014,2026-09-03 12:08:17.282014
DEACTIVATE,5040,597,8,4,city,True,3,A_EXACT_ONE_AUTHORITATIVE_MATCH,DETERMINISTIC,2026-05-01 00:04:17.041500,2026-05-01 00:04:17.019614,2026-05-01 00:04:17.019614
DEACTIVATE,17216,597,267,28,city,True,3,A_EXACT_ONE_AUTHORITATIVE_MATCH,DETERMINISTIC,2026-09-03 12:08:17.403557,2026-09-03 12:08:17.355580,2026-09-03 12:08:17.355580
DEACTIVATE,7437,597,245,1,regional,True,3,A_EXACT_ONE_AUTHORITATIVE_MATCH,DETERMINISTIC,2026-05-02 01:48:58.530381,2026-05-02 01:00:37.359515,2026-05-02 01:48:58.468680
DEACTIVATE,5161,599,8,4,city,True,3,A_EXACT_ONE_AUTHORITATIVE_MATCH,DETERMINISTIC,2026-05-01 00:04:18.148423,2026-05-01 00:04:18.138192,2026-05-01 00:04:18.138192
DEACTIVATE,17156,599,267,28,city,True,3,A_EXACT_ONE_AUTHORITATIVE_MATCH,DETERMINISTIC,2026-09-03 12:08:17.027004,2026-09-03 12:08:17.012242,2026-09-03 12:08:17.012242
DEACTIVATE,5146,600,8,4,city,True,3,A_EXACT_ONE_AUTHORITATIVE_MATCH,DETERMINISTIC,2026-05-01 00:04:18.068711,2026-05-01 00:04:18.058787,2026-05-01 00:04:18.058787
DEACTIVATE,17278,600,267,28,city,True,3,A_EXACT_ONE_AUTHORITATIVE_MATCH,DETERMINISTIC,2026-09-03 12:08:18.565558,2026-09-03 12:08:18.551114,2026-09-03 12:08:18.551114
DEACTIVATE,5158,604,8,4,city,True,3,A_EXACT_ONE_AUTHORITATIVE_MATCH,DETERMINISTIC,2026-05-01 00:04:18.130270,2026-05-01 00:04:18.116804,2026-05-01 00:04:18.116804
DEACTIVATE,17170,604,267,28,city,True,3,A_EXACT_ONE_AUTHORITATIVE_MATCH,DETERMINISTIC,2026-09-03 12:08:17.056467,2026-09-03 12:08:17.037098,2026-09-03 12:08:17.037098
DEACTIVATE,5041,605,8,4,city,True,3,A_EXACT_ONE_AUTHORITATIVE_MATCH,DETERMINISTIC,2026-05-01 00:04:17.042006,2026-05-01 00:04:17.019614,2026-05-01 00:04:17.019614
DEACTIVATE,17217,605,267,28,city,True,3,A_EXACT_ONE_AUTHORITATIVE_MATCH,DETERMINISTIC,2026-09-03 12:08:17.404348,2026-09-03 12:08:17.355580,2026-09-03 12:08:17.355580
DEACTIVATE,5400,605,247,2,regional,True,3,A_EXACT_ONE_AUTHORITATIVE_MATCH,DETERMINISTIC,2026-05-02 01:00:30.926205,2026-05-01 23:55:30.730713,2026-05-02 01:00:30.839543
DEACTIVATE,5485,605,245,1,regional,True,3,A_EXACT_ONE_AUTHORITATIVE_MATCH,DETERMINISTIC,2026-05-02 01:48:58.551655,2026-05-01 23:55:32.895425,2026-05-02 01:48:58.468680
DEACTIVATE,5162,607,8,4,city,True,3,A_EXACT_ONE_AUTHORITATIVE_MATCH,DETERMINISTIC,2026-05-01 00:04:18.149077,2026-05-01 00:04:18.138192,2026-05-01 00:04:18.138192
DEACTIVATE,17158,607,267,28,city,True,3,A_EXACT_ONE_AUTHORITATIVE_MATCH,DETERMINISTIC,2026-09-03 12:08:17.028459,2026-09-03 12:08:17.012242,2026-09-03 12:08:17.012242
DEACTIVATE,5147,609,8,4,city,True,3,A_EXACT_ONE_AUTHORITATIVE_MATCH,DETERMINISTIC,2026-05-01 00:04:18.069351,2026-05-01 00:04:18.058787,2026-05-01 00:04:18.058787
DEACTIVATE,17279,609,267,28,city,True,3,A_EXACT_ONE_AUTHORITATIVE_MATCH,DETERMINISTIC,2026-09-03 12:08:18.566684,2026-09-03 12:08:18.551114,2026-09-03 12:08:18.551114
DEACTIVATE,5152,610,8,4,city,True,3,A_EXACT_ONE_AUTHORITATIVE_MATCH,DETERMINISTIC,2026-05-01 00:04:18.124935,2026-05-01 00:04:18.116804,2026-05-01 00:04:18.116804
DEACTIVATE,17160,610,267,28,city,True,3,A_EXACT_ONE_AUTHORITATIVE_MATCH,DETERMINISTIC,2026-09-03 12:08:17.048084,2026-09-03 12:08:17.037098,2026-09-03 12:08:17.037098
DEACTIVATE,5028,611,8,4,city,True,3,A_EXACT_ONE_AUTHORITATIVE_MATCH,DETERMINISTIC,2026-05-01 00:04:17.032929,2026-05-01 00:04:17.019614,2026-05-01 00:04:17.019614
DEACTIVATE,17202,611,267,28,city,True,3,A_EXACT_ONE_AUTHORITATIVE_MATCH,DETERMINISTIC,2026-09-03 12:08:17.387821,2026-09-03 12:08:17.355580,2026-09-03 12:08:17.355580
DEACTIVATE,5386,611,247,2,regional,True,3,A_EXACT_ONE_AUTHORITATIVE_MATCH,DETERMINISTIC,2026-05-02 01:00:30.922623,2026-05-01 23:55:30.730713,2026-05-02 01:00:30.839543
DEACTIVATE,5475,611,245,1,regional,True,3,A_EXACT_ONE_AUTHORITATIVE_MATCH,DETERMINISTIC,2026-05-02 01:48:58.541995,2026-05-01 23:55:32.895425,2026-05-02 01:48:58.468680
DEACTIVATE,14502,612,261,4,continent,True,3,A_EXACT_ONE_AUTHORITATIVE_MATCH,DETERMINISTIC,2026-09-03 13:04:27.485943,2026-07-01 00:05:25.507512,2026-09-03 13:04:07.238422
DEACTIVATE,16233,612,265,21,continent,True,3,A_EXACT_ONE_AUTHORITATIVE_MATCH,DETERMINISTIC,2026-09-03 13:04:23.257212,2026-08-01 02:38:50.622843,2026-09-03 13:04:07.238422
DEACTIVATE,5029,614,8,4,city,True,3,A_EXACT_ONE_AUTHORITATIVE_MATCH,DETERMINISTIC,2026-05-01 00:04:17.033407,2026-05-01 00:04:17.019614,2026-05-01 00:04:17.019614
DEACTIVATE,17203,614,267,28,city,True,3,A_EXACT_ONE_AUTHORITATIVE_MATCH,DETERMINISTIC,2026-09-03 12:08:17.388899,2026-09-03 12:08:17.355580,2026-09-03 12:08:17.355580
DEACTIVATE,5387,614,247,2,regional,True,3,A_EXACT_ONE_AUTHORITATIVE_MATCH,DETERMINISTIC,2026-05-02 01:00:30.923851,2026-05-01 23:55:30.730713,2026-05-02 01:00:30.839543
DEACTIVATE,5476,614,245,1,regional,True,3,A_EXACT_ONE_AUTHORITATIVE_MATCH,DETERMINISTIC,2026-05-02 01:48:58.543225,2026-05-01 23:55:32.895425,2026-05-02 01:48:58.468680
DEACTIVATE,14420,615,261,4,continent,True,3,A_EXACT_ONE_AUTHORITATIVE_MATCH,DETERMINISTIC,2026-09-03 13:04:25.733020,2026-07-01 00:05:23.934080,2026-09-03 13:04:07.238422
DEACTIVATE,15694,617,261,4,continent,True,3,A_EXACT_ONE_AUTHORITATIVE_MATCH,DETERMINISTIC,2026-09-03 13:04:25.722390,2026-08-01 02:38:41.571896,2026-09-03 13:04:07.238422
DEACTIVATE,5037,618,8,4,city,True,3,A_EXACT_ONE_AUTHORITATIVE_MATCH,DETERMINISTIC,2026-05-01 00:04:17.039928,2026-05-01 00:04:17.019614,2026-05-01 00:04:17.019614
DEACTIVATE,17209,618,267,28,city,True,3,A_EXACT_ONE_AUTHORITATIVE_MATCH,DETERMINISTIC,2026-09-03 12:08:17.395760,2026-09-03 12:08:17.355580,2026-09-03 12:08:17.355580
DEACTIVATE,5388,618,247,2,regional,True,3,A_EXACT_ONE_AUTHORITATIVE_MATCH,DETERMINISTIC,2026-05-02 01:00:30.924999,2026-05-01 23:55:30.730713,2026-05-02 01:00:30.839543
DEACTIVATE,5477,618,245,1,regional,True,3,A_EXACT_ONE_AUTHORITATIVE_MATCH,DETERMINISTIC,2026-05-02 01:48:58.544346,2026-05-01 23:55:32.895425,2026-05-02 01:48:58.468680
DEACTIVATE,5030,619,8,4,city,True,3,A_EXACT_ONE_AUTHORITATIVE_MATCH,DETERMINISTIC,2026-05-01 00:04:17.033922,2026-05-01 00:04:17.019614,2026-05-01 00:04:17.019614
DEACTIVATE,17204,619,267,28,city,True,3,A_EXACT_ONE_AUTHORITATIVE_MATCH,DETERMINISTIC,2026-09-03 12:08:17.390364,2026-09-03 12:08:17.355580,2026-09-03 12:08:17.355580
DEACTIVATE,5401,619,247,2,regional,True,3,A_EXACT_ONE_AUTHORITATIVE_MATCH,DETERMINISTIC,2026-05-02 01:00:30.927436,2026-05-01 23:55:30.730713,2026-05-02 01:00:30.839543
DEACTIVATE,5486,619,245,1,regional,True,3,A_EXACT_ONE_AUTHORITATIVE_MATCH,DETERMINISTIC,2026-05-02 01:48:58.552861,2026-05-01 23:55:32.895425,2026-05-02 01:48:58.468680
DEACTIVATE,14419,623,261,4,continent,True,3,A_EXACT_ONE_AUTHORITATIVE_MATCH,DETERMINISTIC,2026-09-03 13:04:25.720485,2026-07-01 00:05:23.934080,2026-09-03 13:04:07.238422
DEACTIVATE,5148,624,8,4,city,True,3,A_EXACT_ONE_AUTHORITATIVE_MATCH,DETERMINISTIC,2026-05-01 00:04:18.069931,2026-05-01 00:04:18.058787,2026-05-01 00:04:18.058787
DEACTIVATE,17280,624,267,28,city,True,3,A_EXACT_ONE_AUTHORITATIVE_MATCH,DETERMINISTIC,2026-09-03 12:08:18.567596,2026-09-03 12:08:18.551114,2026-09-03 12:08:18.551114
DEACTIVATE,5159,625,8,4,city,True,3,A_EXACT_ONE_AUTHORITATIVE_MATCH,DETERMINISTIC,2026-05-01 00:04:18.130938,2026-05-01 00:04:18.116804,2026-05-01 00:04:18.116804
DEACTIVATE,17169,625,267,28,city,True,3,A_EXACT_ONE_AUTHORITATIVE_MATCH,DETERMINISTIC,2026-09-03 12:08:17.055837,2026-09-03 12:08:17.037098,2026-09-03 12:08:17.037098
DEACTIVATE,7396,625,247,2,regional,True,3,A_EXACT_ONE_AUTHORITATIVE_MATCH,DETERMINISTIC,2026-05-02 01:00:36.967876,2026-05-02 01:00:36.915334,2026-05-02 01:00:36.915334
DEACTIVATE,8285,625,245,1,regional,True,3,A_EXACT_ONE_AUTHORITATIVE_MATCH,DETERMINISTIC,2026-05-02 01:49:00.954518,2026-05-02 01:00:43.361300,2026-05-02 01:49:00.910730
DEACTIVATE,5042,626,8,4,city,True,3,A_EXACT_ONE_AUTHORITATIVE_MATCH,DETERMINISTIC,2026-05-01 00:04:17.042499,2026-05-01 00:04:17.019614,2026-05-01 00:04:17.019614
DEACTIVATE,17218,626,267,28,city,True,3,A_EXACT_ONE_AUTHORITATIVE_MATCH,DETERMINISTIC,2026-09-03 12:08:17.405148,2026-09-03 12:08:17.355580,2026-09-03 12:08:17.355580
DEACTIVATE,14421,628,261,4,continent,True,3,A_EXACT_ONE_AUTHORITATIVE_MATCH,DETERMINISTIC,2026-09-03 13:04:25.728030,2026-07-01 00:05:23.934080,2026-09-03 13:04:07.238422
DEACTIVATE,5021,629,8,4,city,True,3,A_EXACT_ONE_AUTHORITATIVE_MATCH,DETERMINISTIC,2026-05-01 00:04:17.012878,2026-05-01 00:04:17.000626,2026-05-01 00:04:17.000626
DEACTIVATE,17176,629,267,28,city,True,3,A_EXACT_ONE_AUTHORITATIVE_MATCH,DETERMINISTIC,2026-09-03 12:08:17.297614,2026-09-03 12:08:17.282014,2026-09-03 12:08:17.282014
DEACTIVATE,6544,629,247,2,regional,True,3,A_EXACT_ONE_AUTHORITATIVE_MATCH,DETERMINISTIC,2026-05-02 01:00:30.789153,2026-05-02 01:00:30.747865,2026-05-02 01:00:30.747865
DEACTIVATE,7412,629,245,1,regional,True,3,A_EXACT_ONE_AUTHORITATIVE_MATCH,DETERMINISTIC,2026-05-02 01:48:58.408331,2026-05-02 01:00:37.253156,2026-05-02 01:48:58.369551
DEACTIVATE,5043,630,8,4,city,True,3,A_EXACT_ONE_AUTHORITATIVE_MATCH,DETERMINISTIC,2026-05-01 00:04:17.043040,2026-05-01 00:04:17.019614,2026-05-01 00:04:17.019614
DEACTIVATE,17192,630,267,28,city,True,3,A_EXACT_ONE_AUTHORITATIVE_MATCH,DETERMINISTIC,2026-09-03 12:08:17.376195,2026-09-03 12:08:17.355580,2026-09-03 12:08:17.355580
DEACTIVATE,9866,630,247,2,regional,True,3,A_EXACT_ONE_AUTHORITATIVE_MATCH,DETERMINISTIC,2026-05-31 00:03:10.864260,2026-05-31 00:03:10.849709,2026-05-31 00:03:10.849709
DEACTIVATE,14423,632,261,4,continent,True,3,A_EXACT_ONE_AUTHORITATIVE_MATCH,DETERMINISTIC,2026-09-03 13:04:25.729332,2026-07-01 00:05:23.934080,2026-09-03 13:04:07.238422
DEACTIVATE,14416,633,261,4,continent,True,3,A_EXACT_ONE_AUTHORITATIVE_MATCH,DETERMINISTIC,2026-09-03 13:04:25.652456,2026-07-01 00:05:23.858397,2026-09-03 13:04:07.238422
DEACTIVATE,16136,633,265,21,continent,True,3,A_EXACT_ONE_AUTHORITATIVE_MATCH,DETERMINISTIC,2026-09-03 13:04:19.176574,2026-08-01 02:38:47.259362,2026-09-03 13:04:07.238422
DEACTIVATE,5044,635,8,4,city,True,3,A_EXACT_ONE_AUTHORITATIVE_MATCH,DETERMINISTIC,2026-05-01 00:04:17.043544,2026-05-01 00:04:17.019614,2026-05-01 00:04:17.019614
DEACTIVATE,17219,635,267,28,city,True,3,A_EXACT_ONE_AUTHORITATIVE_MATCH,DETERMINISTIC,2026-09-03 12:08:17.406038,2026-09-03 12:08:17.355580,2026-09-03 12:08:17.355580
DEACTIVATE,16134,642,265,21,continent,True,4,A_EXACT_ONE_AUTHORITATIVE_MATCH,DETERMINISTIC,2026-09-03 13:04:19.073047,2026-08-01 02:38:47.197865,2026-09-03 13:04:07.238422
DEACTIVATE,3808,643,2,1,city,True,4,A_EXACT_ONE_AUTHORITATIVE_MATCH,DETERMINISTIC,2026-04-27 14:37:37.471964,2026-04-27 14:37:37.459622,2026-04-27 14:37:37.459622
DEACTIVATE,3887,643,5,2,city,True,4,A_EXACT_ONE_AUTHORITATIVE_MATCH,DETERMINISTIC,2026-04-27 14:37:37.890818,2026-04-27 14:37:37.878824,2026-04-27 14:37:37.878824
DEACTIVATE,17194,643,267,28,city,True,4,A_EXACT_ONE_AUTHORITATIVE_MATCH,DETERMINISTIC,2026-09-03 12:08:17.378697,2026-09-03 12:08:17.355580,2026-09-03 12:08:17.355580
DEACTIVATE,13225,643,253,21,country,True,4,A_EXACT_ONE_AUTHORITATIVE_MATCH,DETERMINISTIC,2026-06-30 00:20:13.546748,2026-06-30 00:20:13.464732,2026-06-30 00:20:13.464732
DEACTIVATE,15030,643,255,26,country,True,4,A_EXACT_ONE_AUTHORITATIVE_MATCH,DETERMINISTIC,2026-07-31 00:04:58.045219,2026-07-31 00:04:53.909783,2026-07-31 00:04:53.909783
DEACTIVATE,18286,643,257,27,country,True,4,A_EXACT_ONE_AUTHORITATIVE_MATCH,DETERMINISTIC,2026-09-03 12:08:42.065309,2026-09-03 12:08:37.949829,2026-09-03 12:08:37.949829
DEACTIVATE,16081,671,265,21,continent,True,4,A_EXACT_ONE_AUTHORITATIVE_MATCH,DETERMINISTIC,2026-09-03 13:04:15.906349,2026-08-01 02:38:46.334771,2026-09-03 13:04:07.238422
DEACTIVATE,16080,677,265,21,continent,True,4,A_EXACT_ONE_AUTHORITATIVE_MATCH,DETERMINISTIC,2026-09-03 13:04:15.913391,2026-08-01 02:38:46.334771,2026-09-03 13:04:07.238422
DEACTIVATE,16097,678,265,21,continent,True,4,A_EXACT_ONE_AUTHORITATIVE_MATCH,DETERMINISTIC,2026-09-03 13:04:16.822690,2026-08-01 02:38:46.472500,2026-09-03 13:04:07.238422
DEACTIVATE,17103,771,254,3,continent,True,4,A_EXACT_ONE_AUTHORITATIVE_MATCH,DETERMINISTIC,2026-09-03 13:04:30.286333,2026-08-01 02:39:18.967432,2026-09-03 13:04:29.558222
DEACTIVATE,18254,771,265,21,continent,True,4,A_EXACT_ONE_AUTHORITATIVE_MATCH,DETERMINISTIC,2026-09-03 13:04:23.596261,2026-09-03 12:08:37.269438,2026-09-03 13:04:07.238422
DEACTIVATE,17088,773,254,3,continent,True,4,A_EXACT_ONE_AUTHORITATIVE_MATCH,DETERMINISTIC,2026-09-03 13:04:30.559621,2026-08-01 02:39:13.932414,2026-09-03 13:04:29.558222
DEACTIVATE,17087,774,254,3,continent,True,4,A_EXACT_ONE_AUTHORITATIVE_MATCH,DETERMINISTIC,2026-09-03 13:04:30.569783,2026-08-01 02:39:13.932414,2026-09-03 13:04:29.558222
DEACTIVATE,16301,789,265,21,continent,True,4,A_EXACT_ONE_AUTHORITATIVE_MATCH,DETERMINISTIC,2026-09-03 13:04:23.718838,2026-08-01 02:38:51.328620,2026-09-03 13:04:07.238422
DEACTIVATE,17083,789,254,3,continent,True,4,A_EXACT_ONE_AUTHORITATIVE_MATCH,DETERMINISTIC,2026-09-03 13:04:30.434390,2026-08-01 02:39:13.719124,2026-09-03 13:04:29.558222
DEACTIVATE,16290,791,265,21,continent,True,4,A_EXACT_ONE_AUTHORITATIVE_MATCH,DETERMINISTIC,2026-09-03 13:04:23.528694,2026-08-01 02:38:51.206887,2026-09-03 13:04:07.238422
DEACTIVATE,16300,827,265,21,continent,True,4,A_EXACT_ONE_AUTHORITATIVE_MATCH,DETERMINISTIC,2026-09-03 13:04:23.721819,2026-08-01 02:38:51.328620,2026-09-03 13:04:07.238422
DEACTIVATE,17082,827,254,3,continent,True,4,A_EXACT_ONE_AUTHORITATIVE_MATCH,DETERMINISTIC,2026-09-03 13:04:30.437437,2026-08-01 02:39:13.719124,2026-09-03 13:04:29.558222
DEACTIVATE,16299,829,265,21,continent,True,4,A_EXACT_ONE_AUTHORITATIVE_MATCH,DETERMINISTIC,2026-09-03 13:04:23.727522,2026-08-01 02:38:51.328620,2026-09-03 13:04:07.238422
DEACTIVATE,17081,829,254,3,continent,True,4,A_EXACT_ONE_AUTHORITATIVE_MATCH,DETERMINISTIC,2026-09-03 13:04:30.441540,2026-08-01 02:39:13.719124,2026-09-03 13:04:29.558222
DEACTIVATE,16298,834,265,21,continent,True,4,A_EXACT_ONE_AUTHORITATIVE_MATCH,DETERMINISTIC,2026-09-03 13:04:23.729489,2026-08-01 02:38:51.328620,2026-09-03 13:04:07.238422
DEACTIVATE,17080,834,254,3,continent,True,4,A_EXACT_ONE_AUTHORITATIVE_MATCH,DETERMINISTIC,2026-09-03 13:04:30.443576,2026-08-01 02:39:13.719124,2026-09-03 13:04:29.558222
DEACTIVATE,17196,835,267,28,city,True,4,A_EXACT_ONE_AUTHORITATIVE_MATCH,DETERMINISTIC,2026-09-03 12:08:17.380933,2026-09-03 12:08:17.355580,2026-09-03 12:08:17.355580
DEACTIVATE,13241,835,253,21,country,True,4,A_EXACT_ONE_AUTHORITATIVE_MATCH,DETERMINISTIC,2026-06-30 00:20:13.567812,2026-06-30 00:20:13.464732,2026-06-30 00:20:13.464732
DEACTIVATE,15046,835,255,26,country,True,4,A_EXACT_ONE_AUTHORITATIVE_MATCH,DETERMINISTIC,2026-07-31 00:05:14.045219,2026-07-31 00:04:53.909783,2026-07-31 00:04:53.909783
DEACTIVATE,18302,835,257,27,country,True,4,A_EXACT_ONE_AUTHORITATIVE_MATCH,DETERMINISTIC,2026-09-03 12:08:58.065309,2026-09-03 12:08:37.949829,2026-09-03 12:08:37.949829
DEACTIVATE,17181,843,267,28,city,True,4,A_EXACT_ONE_AUTHORITATIVE_MATCH,DETERMINISTIC,2026-09-03 12:08:17.302409,2026-09-03 12:08:17.282014,2026-09-03 12:08:17.282014
DEACTIVATE,13218,843,253,21,country,True,4,A_EXACT_ONE_AUTHORITATIVE_MATCH,DETERMINISTIC,2026-06-30 00:20:13.446232,2026-06-30 00:20:13.394348,2026-06-30 00:20:13.394348
DEACTIVATE,15023,843,255,26,country,True,4,A_EXACT_ONE_AUTHORITATIVE_MATCH,DETERMINISTIC,2026-07-31 00:05:00.866787,2026-07-31 00:04:53.805014,2026-07-31 00:04:53.805014
DEACTIVATE,18279,843,257,27,country,True,4,A_EXACT_ONE_AUTHORITATIVE_MATCH,DETERMINISTIC,2026-09-03 12:08:44.911180,2026-09-03 12:08:37.839238,2026-09-03 12:08:37.839238
DEACTIVATE,17212,848,267,28,city,True,4,A_EXACT_ONE_AUTHORITATIVE_MATCH,DETERMINISTIC,2026-09-03 12:08:17.399004,2026-09-03 12:08:17.355580,2026-09-03 12:08:17.355580
DEACTIVATE,13243,848,253,21,country,True,4,A_EXACT_ONE_AUTHORITATIVE_MATCH,DETERMINISTIC,2026-06-30 00:20:13.570597,2026-06-30 00:20:13.464732,2026-06-30 00:20:13.464732
DEACTIVATE,15048,848,255,26,country,True,4,A_EXACT_ONE_AUTHORITATIVE_MATCH,DETERMINISTIC,2026-07-31 00:05:16.045219,2026-07-31 00:04:53.909783,2026-07-31 00:04:53.909783
DEACTIVATE,18304,848,257,27,country,True,4,A_EXACT_ONE_AUTHORITATIVE_MATCH,DETERMINISTIC,2026-09-03 12:09:00.065309,2026-09-03 12:08:37.949829,2026-09-03 12:08:37.949829
DEACTIVATE,16169,850,265,21,continent,True,4,A_EXACT_ONE_AUTHORITATIVE_MATCH,DETERMINISTIC,2026-09-03 13:04:19.657492,2026-08-01 02:38:47.803973,2026-09-03 13:04:07.238422
DEACTIVATE,16184,851,265,21,continent,True,4,A_EXACT_ONE_AUTHORITATIVE_MATCH,DETERMINISTIC,2026-09-03 13:04:20.215769,2026-08-01 02:38:48.241563,2026-09-03 13:04:07.238422
DEACTIVATE,17184,853,267,28,city,True,4,A_EXACT_ONE_AUTHORITATIVE_MATCH,DETERMINISTIC,2026-09-03 12:08:17.304638,2026-09-03 12:08:17.282014,2026-09-03 12:08:17.282014
DEACTIVATE,13217,853,253,21,country,True,4,A_EXACT_ONE_AUTHORITATIVE_MATCH,DETERMINISTIC,2026-06-30 00:20:13.444640,2026-06-30 00:20:13.394348,2026-06-30 00:20:13.394348
DEACTIVATE,15022,853,255,26,country,True,4,A_EXACT_ONE_AUTHORITATIVE_MATCH,DETERMINISTIC,2026-07-31 00:04:59.866787,2026-07-31 00:04:53.805014,2026-07-31 00:04:53.805014
DEACTIVATE,18278,853,257,27,country,True,4,A_EXACT_ONE_AUTHORITATIVE_MATCH,DETERMINISTIC,2026-09-03 12:08:43.911180,2026-09-03 12:08:37.839238,2026-09-03 12:08:37.839238
DEACTIVATE,16168,864,265,21,continent,True,4,A_EXACT_ONE_AUTHORITATIVE_MATCH,DETERMINISTIC,2026-09-03 13:04:19.659387,2026-08-01 02:38:47.803973,2026-09-03 13:04:07.238422
DEACTIVATE,17193,865,267,28,city,True,4,A_EXACT_ONE_AUTHORITATIVE_MATCH,DETERMINISTIC,2026-09-03 12:08:17.377329,2026-09-03 12:08:17.355580,2026-09-03 12:08:17.355580
DEACTIVATE,13242,865,253,21,country,True,4,A_EXACT_ONE_AUTHORITATIVE_MATCH,DETERMINISTIC,2026-06-30 00:20:13.569238,2026-06-30 00:20:13.464732,2026-06-30 00:20:13.464732
DEACTIVATE,15047,865,255,26,country,True,4,A_EXACT_ONE_AUTHORITATIVE_MATCH,DETERMINISTIC,2026-07-31 00:05:15.045219,2026-07-31 00:04:53.909783,2026-07-31 00:04:53.909783
DEACTIVATE,18303,865,257,27,country,True,4,A_EXACT_ONE_AUTHORITATIVE_MATCH,DETERMINISTIC,2026-09-03 12:08:59.065309,2026-09-03 12:08:37.949829,2026-09-03 12:08:37.949829
DEACTIVATE,16167,866,265,21,continent,True,4,A_EXACT_ONE_AUTHORITATIVE_MATCH,DETERMINISTIC,2026-09-03 13:04:19.661693,2026-08-01 02:38:47.803973,2026-09-03 13:04:07.238422
DEACTIVATE,16099,868,265,21,continent,True,4,A_EXACT_ONE_AUTHORITATIVE_MATCH,DETERMINISTIC,2026-09-03 13:04:16.850477,2026-08-01 02:38:46.472500,2026-09-03 13:04:07.238422
DEACTIVATE,16108,869,265,21,continent,True,4,A_EXACT_ONE_AUTHORITATIVE_MATCH,DETERMINISTIC,2026-09-03 13:04:17.452487,2026-08-01 02:38:46.548179,2026-09-03 13:04:07.238422
DEACTIVATE,16075,870,265,21,continent,True,4,A_EXACT_ONE_AUTHORITATIVE_MATCH,DETERMINISTIC,2026-09-03 13:04:15.920034,2026-08-01 02:38:46.334771,2026-09-03 13:04:07.238422
DEACTIVATE,16085,871,265,21,continent,True,4,A_EXACT_ONE_AUTHORITATIVE_MATCH,DETERMINISTIC,2026-09-03 13:04:16.428196,2026-08-01 02:38:46.406007,2026-09-03 13:04:07.238422
DEACTIVATE,16172,873,265,21,continent,True,4,A_EXACT_ONE_AUTHORITATIVE_MATCH,DETERMINISTIC,2026-09-03 13:04:19.729982,2026-08-01 02:38:47.864231,2026-09-03 13:04:07.238422
DEACTIVATE,16181,874,265,21,continent,True,4,A_EXACT_ONE_AUTHORITATIVE_MATCH,DETERMINISTIC,2026-09-03 13:04:20.059366,2026-08-01 02:38:48.100719,2026-09-03 13:04:07.238422
DEACTIVATE,16074,876,265,21,continent,True,4,A_EXACT_ONE_AUTHORITATIVE_MATCH,DETERMINISTIC,2026-09-03 13:04:15.928418,2026-08-01 02:38:46.334771,2026-09-03 13:04:07.238422
DEACTIVATE,16098,877,265,21,continent,True,4,A_EXACT_ONE_AUTHORITATIVE_MATCH,DETERMINISTIC,2026-09-03 13:04:16.840391,2026-08-01 02:38:46.472500,2026-09-03 13:04:07.238422
DEACTIVATE,16107,878,265,21,continent,True,4,A_EXACT_ONE_AUTHORITATIVE_MATCH,DETERMINISTIC,2026-09-03 13:04:17.434162,2026-08-01 02:38:46.548179,2026-09-03 13:04:07.238422
DEACTIVATE,16084,879,265,21,continent,True,4,A_EXACT_ONE_AUTHORITATIVE_MATCH,DETERMINISTIC,2026-09-03 13:04:16.435714,2026-08-01 02:38:46.406007,2026-09-03 13:04:07.238422
DEACTIVATE,16180,880,265,21,continent,True,4,A_EXACT_ONE_AUTHORITATIVE_MATCH,DETERMINISTIC,2026-09-03 13:04:20.063957,2026-08-01 02:38:48.100719,2026-09-03 13:04:07.238422
DEACTIVATE,16171,881,265,21,continent,True,4,A_EXACT_ONE_AUTHORITATIVE_MATCH,DETERMINISTIC,2026-09-03 13:04:19.731490,2026-08-01 02:38:47.864231,2026-09-03 13:04:07.238422
DEACTIVATE,16176,885,265,21,continent,True,4,A_EXACT_ONE_AUTHORITATIVE_MATCH,DETERMINISTIC,2026-09-03 13:04:19.814635,2026-08-01 02:38:47.930073,2026-09-03 13:04:07.238422
DEACTIVATE,16175,886,265,21,continent,True,4,A_EXACT_ONE_AUTHORITATIVE_MATCH,DETERMINISTIC,2026-09-03 13:04:19.818569,2026-08-01 02:38:47.930073,2026-09-03 13:04:07.238422
DEACTIVATE,17273,888,267,28,city,True,4,A_EXACT_ONE_AUTHORITATIVE_MATCH,DETERMINISTIC,2026-09-03 12:08:18.561421,2026-09-03 12:08:18.551114,2026-09-03 12:08:18.551114
DEACTIVATE,13342,888,253,21,country,True,4,A_EXACT_ONE_AUTHORITATIVE_MATCH,DETERMINISTIC,2026-06-30 00:20:16.327490,2026-06-30 00:20:16.287187,2026-06-30 00:20:16.287187
DEACTIVATE,15147,888,255,26,country,True,4,A_EXACT_ONE_AUTHORITATIVE_MATCH,DETERMINISTIC,2026-07-31 00:05:00.811309,2026-07-31 00:04:57.768560,2026-07-31 00:04:57.768560
DEACTIVATE,18403,888,257,27,country,True,4,A_EXACT_ONE_AUTHORITATIVE_MATCH,DETERMINISTIC,2026-09-03 12:08:46.359756,2026-09-03 12:08:43.258761,2026-09-03 12:08:43.245651
DEACTIVATE,17151,889,267,28,city,True,4,A_EXACT_ONE_AUTHORITATIVE_MATCH,DETERMINISTIC,2026-09-03 12:08:17.022969,2026-09-03 12:08:17.012242,2026-09-03 12:08:17.012242
DEACTIVATE,13351,889,253,21,country,True,4,A_EXACT_ONE_AUTHORITATIVE_MATCH,DETERMINISTIC,2026-06-30 00:20:16.386688,2026-06-30 00:20:16.343070,2026-06-30 00:20:16.343070
DEACTIVATE,15156,889,255,26,country,True,4,A_EXACT_ONE_AUTHORITATIVE_MATCH,DETERMINISTIC,2026-07-31 00:05:01.884701,2026-07-31 00:04:57.835976,2026-07-31 00:04:57.835976
DEACTIVATE,18412,889,257,27,country,True,4,A_EXACT_ONE_AUTHORITATIVE_MATCH,DETERMINISTIC,2026-09-03 12:08:47.407814,2026-09-03 12:08:43.329632,2026-09-03 12:08:43.329632
DEACTIVATE,17159,890,267,28,city,True,4,A_EXACT_ONE_AUTHORITATIVE_MATCH,DETERMINISTIC,2026-09-03 12:08:17.047259,2026-09-03 12:08:17.037098,2026-09-03 12:08:17.037098
DEACTIVATE,13361,890,253,21,country,True,4,A_EXACT_ONE_AUTHORITATIVE_MATCH,DETERMINISTIC,2026-06-30 00:20:16.457030,2026-06-30 00:20:16.402568,2026-06-30 00:20:16.402568
DEACTIVATE,15166,890,255,26,country,True,4,A_EXACT_ONE_AUTHORITATIVE_MATCH,DETERMINISTIC,2026-07-31 00:05:04.983300,2026-07-31 00:04:57.915343,2026-07-31 00:04:57.915343
DEACTIVATE,16174,893,265,21,continent,True,4,A_EXACT_ONE_AUTHORITATIVE_MATCH,DETERMINISTIC,2026-09-03 13:04:19.822371,2026-08-01 02:38:47.930073,2026-09-03 13:04:07.238422
DEACTIVATE,17161,895,267,28,city,True,4,A_EXACT_ONE_AUTHORITATIVE_MATCH,DETERMINISTIC,2026-09-03 12:08:17.048851,2026-09-03 12:08:17.037098,2026-09-03 12:08:17.037098
DEACTIVATE,13360,895,253,21,country,True,4,A_EXACT_ONE_AUTHORITATIVE_MATCH,DETERMINISTIC,2026-06-30 00:20:16.455790,2026-06-30 00:20:16.402568,2026-06-30 00:20:16.402568
DEACTIVATE,15165,895,255,26,country,True,4,A_EXACT_ONE_AUTHORITATIVE_MATCH,DETERMINISTIC,2026-07-31 00:05:03.983300,2026-07-31 00:04:57.915343,2026-07-31 00:04:57.915343
DEACTIVATE,17155,896,267,28,city,True,4,A_EXACT_ONE_AUTHORITATIVE_MATCH,DETERMINISTIC,2026-09-03 12:08:17.026246,2026-09-03 12:08:17.012242,2026-09-03 12:08:17.012242
DEACTIVATE,13350,896,253,21,country,True,4,A_EXACT_ONE_AUTHORITATIVE_MATCH,DETERMINISTIC,2026-06-30 00:20:16.384970,2026-06-30 00:20:16.343070,2026-06-30 00:20:16.343070
DEACTIVATE,15155,896,255,26,country,True,4,A_EXACT_ONE_AUTHORITATIVE_MATCH,DETERMINISTIC,2026-07-31 00:05:00.884701,2026-07-31 00:04:57.835976,2026-07-31 00:04:57.835976
DEACTIVATE,18411,896,257,27,country,True,4,A_EXACT_ONE_AUTHORITATIVE_MATCH,DETERMINISTIC,2026-09-03 12:08:46.407814,2026-09-03 12:08:43.329632,2026-09-03 12:08:43.329632
DEACTIVATE,17274,897,267,28,city,True,4,A_EXACT_ONE_AUTHORITATIVE_MATCH,DETERMINISTIC,2026-09-03 12:08:18.562347,2026-09-03 12:08:18.551114,2026-09-03 12:08:18.551114
DEACTIVATE,13341,897,253,21,country,True,4,A_EXACT_ONE_AUTHORITATIVE_MATCH,DETERMINISTIC,2026-06-30 00:20:16.326156,2026-06-30 00:20:16.287187,2026-06-30 00:20:16.287187
DEACTIVATE,15146,897,255,26,country,True,4,A_EXACT_ONE_AUTHORITATIVE_MATCH,DETERMINISTIC,2026-07-31 00:04:59.811309,2026-07-31 00:04:57.768560,2026-07-31 00:04:57.768560
DEACTIVATE,18402,897,257,27,country,True,4,A_EXACT_ONE_AUTHORITATIVE_MATCH,DETERMINISTIC,2026-09-03 12:08:45.359756,2026-09-03 12:08:43.258761,2026-09-03 12:08:43.245651
DEACTIVATE,17147,898,267,28,city,True,4,A_EXACT_ONE_AUTHORITATIVE_MATCH,DETERMINISTIC,2026-09-03 12:08:16.981611,2026-09-03 12:08:16.962694,2026-09-03 12:08:16.962694
DEACTIVATE,13210,898,253,21,country,True,4,A_EXACT_ONE_AUTHORITATIVE_MATCH,DETERMINISTIC,2026-06-30 00:20:13.381453,2026-06-30 00:20:13.331948,2026-06-30 00:20:13.331948
DEACTIVATE,15015,898,255,26,country,True,4,A_EXACT_ONE_AUTHORITATIVE_MATCH,DETERMINISTIC,2026-07-31 00:04:59.680376,2026-07-31 00:04:51.003415,2026-07-31 00:04:51.003415
DEACTIVATE,18271,898,257,27,country,True,4,A_EXACT_ONE_AUTHORITATIVE_MATCH,DETERMINISTIC,2026-09-03 12:08:43.801299,2026-09-03 12:08:37.568833,2026-09-03 12:08:37.568833
DEACTIVATE,17286,899,267,28,city,True,4,A_EXACT_ONE_AUTHORITATIVE_MATCH,DETERMINISTIC,2026-09-03 12:08:18.708841,2026-09-03 12:08:18.695831,2026-09-03 12:08:18.695831
DEACTIVATE,13337,899,253,21,country,True,4,A_EXACT_ONE_AUTHORITATIVE_MATCH,DETERMINISTIC,2026-06-30 00:20:16.275665,2026-06-30 00:20:16.226181,2026-06-30 00:20:16.226181
DEACTIVATE,15142,899,255,26,country,True,4,A_EXACT_ONE_AUTHORITATIVE_MATCH,DETERMINISTIC,2026-07-31 00:05:02.746230,2026-07-31 00:04:57.702449,2026-07-31 00:04:57.702449
DEACTIVATE,18398,899,257,27,country,True,4,A_EXACT_ONE_AUTHORITATIVE_MATCH,DETERMINISTIC,2026-09-03 12:08:48.235953,2026-09-03 12:08:43.187916,2026-09-03 12:08:43.187916
DEACTIVATE,17149,900,267,28,city,True,4,A_EXACT_ONE_AUTHORITATIVE_MATCH,DETERMINISTIC,2026-09-03 12:08:16.983747,2026-09-03 12:08:16.962694,2026-09-03 12:08:16.962694
DEACTIVATE,13209,900,253,21,country,True,4,A_EXACT_ONE_AUTHORITATIVE_MATCH,DETERMINISTIC,2026-06-30 00:20:13.379874,2026-06-30 00:20:13.331948,2026-06-30 00:20:13.331948
DEACTIVATE,15014,900,255,26,country,True,4,A_EXACT_ONE_AUTHORITATIVE_MATCH,DETERMINISTIC,2026-07-31 00:04:58.680376,2026-07-31 00:04:51.003415,2026-07-31 00:04:51.003415
DEACTIVATE,18270,900,257,27,country,True,4,A_EXACT_ONE_AUTHORITATIVE_MATCH,DETERMINISTIC,2026-09-03 12:08:42.801299,2026-09-03 12:08:37.568833,2026-09-03 12:08:37.568833
DEACTIVATE,17290,901,267,28,city,True,4,A_EXACT_ONE_AUTHORITATIVE_MATCH,DETERMINISTIC,2026-09-03 12:08:18.713170,2026-09-03 12:08:18.695831,2026-09-03 12:08:18.695831
DEACTIVATE,13336,901,253,21,country,True,4,A_EXACT_ONE_AUTHORITATIVE_MATCH,DETERMINISTIC,2026-06-30 00:20:16.274223,2026-06-30 00:20:16.226181,2026-06-30 00:20:16.226181
DEACTIVATE,15141,901,255,26,country,True,4,A_EXACT_ONE_AUTHORITATIVE_MATCH,DETERMINISTIC,2026-07-31 00:05:01.746230,2026-07-31 00:04:57.702449,2026-07-31 00:04:57.702449
DEACTIVATE,18397,901,257,27,country,True,4,A_EXACT_ONE_AUTHORITATIVE_MATCH,DETERMINISTIC,2026-09-03 12:08:47.235953,2026-09-03 12:08:43.187916,2026-09-03 12:08:43.187916
DEACTIVATE,17291,902,267,28,city,True,4,A_EXACT_ONE_AUTHORITATIVE_MATCH,DETERMINISTIC,2026-09-03 12:08:18.713914,2026-09-03 12:08:18.695831,2026-09-03 12:08:18.695831
DEACTIVATE,13335,902,253,21,country,True,4,A_EXACT_ONE_AUTHORITATIVE_MATCH,DETERMINISTIC,2026-06-30 00:20:16.272843,2026-06-30 00:20:16.226181,2026-06-30 00:20:16.226181
DEACTIVATE,15140,902,255,26,country,True,4,A_EXACT_ONE_AUTHORITATIVE_MATCH,DETERMINISTIC,2026-07-31 00:05:00.746230,2026-07-31 00:04:57.702449,2026-07-31 00:04:57.702449
DEACTIVATE,18396,902,257,27,country,True,4,A_EXACT_ONE_AUTHORITATIVE_MATCH,DETERMINISTIC,2026-09-03 12:08:46.235953,2026-09-03 12:08:43.187916,2026-09-03 12:08:43.187916
DEACTIVATE,17144,903,267,28,city,True,4,A_EXACT_ONE_AUTHORITATIVE_MATCH,DETERMINISTIC,2026-09-03 12:08:16.978407,2026-09-03 12:08:16.962694,2026-09-03 12:08:16.962694
DEACTIVATE,13208,903,253,21,country,True,4,A_EXACT_ONE_AUTHORITATIVE_MATCH,DETERMINISTIC,2026-06-30 00:20:13.378519,2026-06-30 00:20:13.331948,2026-06-30 00:20:13.331948
DEACTIVATE,15013,903,255,26,country,True,4,A_EXACT_ONE_AUTHORITATIVE_MATCH,DETERMINISTIC,2026-07-31 00:04:57.680376,2026-07-31 00:04:51.003415,2026-07-31 00:04:51.003415
DEACTIVATE,18269,903,257,27,country,True,4,A_EXACT_ONE_AUTHORITATIVE_MATCH,DETERMINISTIC,2026-09-03 12:08:41.801299,2026-09-03 12:08:37.568833,2026-09-03 12:08:37.568833
DEACTIVATE,16090,904,265,21,continent,True,4,A_EXACT_ONE_AUTHORITATIVE_MATCH,DETERMINISTIC,2026-09-03 13:04:16.465181,2026-08-01 02:38:46.406007,2026-09-03 13:04:07.238422
DEACTIVATE,16106,905,265,21,continent,True,4,A_EXACT_ONE_AUTHORITATIVE_MATCH,DETERMINISTIC,2026-09-03 13:04:17.467555,2026-08-01 02:38:46.548179,2026-09-03 13:04:07.238422
DEACTIVATE,16079,906,265,21,continent,True,4,A_EXACT_ONE_AUTHORITATIVE_MATCH,DETERMINISTIC,2026-09-03 13:04:15.933676,2026-08-01 02:38:46.334771,2026-09-03 13:04:07.238422
DEACTIVATE,16096,907,265,21,continent,True,4,A_EXACT_ONE_AUTHORITATIVE_MATCH,DETERMINISTIC,2026-09-03 13:04:16.778400,2026-08-01 02:38:46.472500,2026-09-03 13:04:07.238422
DEACTIVATE,16089,908,265,21,continent,True,4,A_EXACT_ONE_AUTHORITATIVE_MATCH,DETERMINISTIC,2026-09-03 13:04:16.447350,2026-08-01 02:38:46.406007,2026-09-03 13:04:07.238422
DEACTIVATE,17146,909,267,28,city,True,4,A_EXACT_ONE_AUTHORITATIVE_MATCH,DETERMINISTIC,2026-09-03 12:08:16.980630,2026-09-03 12:08:16.962694,2026-09-03 12:08:16.962694
DEACTIVATE,13207,909,253,21,country,True,4,A_EXACT_ONE_AUTHORITATIVE_MATCH,DETERMINISTIC,2026-06-30 00:20:13.377187,2026-06-30 00:20:13.331948,2026-06-30 00:20:13.331948
DEACTIVATE,15012,909,255,26,country,True,4,A_EXACT_ONE_AUTHORITATIVE_MATCH,DETERMINISTIC,2026-07-31 00:04:56.680376,2026-07-31 00:04:51.003415,2026-07-31 00:04:51.003415
DEACTIVATE,18268,909,257,27,country,True,4,A_EXACT_ONE_AUTHORITATIVE_MATCH,DETERMINISTIC,2026-09-03 12:08:40.801299,2026-09-03 12:08:37.568833,2026-09-03 12:08:37.568833
DEACTIVATE,16105,910,265,21,continent,True,4,A_EXACT_ONE_AUTHORITATIVE_MATCH,DETERMINISTIC,2026-09-03 13:04:17.489637,2026-08-01 02:38:46.548179,2026-09-03 13:04:07.238422
DEACTIVATE,17285,912,267,28,city,True,4,A_EXACT_ONE_AUTHORITATIVE_MATCH,DETERMINISTIC,2026-09-03 12:08:18.706378,2026-09-03 12:08:18.695831,2026-09-03 12:08:18.695831
DEACTIVATE,13334,912,253,21,country,True,4,A_EXACT_ONE_AUTHORITATIVE_MATCH,DETERMINISTIC,2026-06-30 00:20:16.271218,2026-06-30 00:20:16.226181,2026-06-30 00:20:16.226181
DEACTIVATE,15139,912,255,26,country,True,4,A_EXACT_ONE_AUTHORITATIVE_MATCH,DETERMINISTIC,2026-07-31 00:04:59.746230,2026-07-31 00:04:57.702449,2026-07-31 00:04:57.702449
DEACTIVATE,18395,912,257,27,country,True,4,A_EXACT_ONE_AUTHORITATIVE_MATCH,DETERMINISTIC,2026-09-03 12:08:45.235953,2026-09-03 12:08:43.187916,2026-09-03 12:08:43.187916
DEACTIVATE,16302,914,265,21,continent,True,4,A_EXACT_ONE_AUTHORITATIVE_MATCH,DETERMINISTIC,2026-09-03 13:04:23.733434,2026-08-01 02:38:51.328620,2026-09-03 13:04:07.238422
DEACTIVATE,17084,914,254,3,continent,True,4,A_EXACT_ONE_AUTHORITATIVE_MATCH,DETERMINISTIC,2026-09-03 13:04:30.448223,2026-08-01 02:39:13.719124,2026-09-03 13:04:29.558222
DEACTIVATE,17195,916,267,28,city,True,4,A_EXACT_ONE_AUTHORITATIVE_MATCH,DETERMINISTIC,2026-09-03 12:08:17.379922,2026-09-03 12:08:17.355580,2026-09-03 12:08:17.355580
DEACTIVATE,13240,916,253,21,country,True,4,A_EXACT_ONE_AUTHORITATIVE_MATCH,DETERMINISTIC,2026-06-30 00:20:13.566380,2026-06-30 00:20:13.464732,2026-06-30 00:20:13.464732
DEACTIVATE,15045,916,255,26,country,True,4,A_EXACT_ONE_AUTHORITATIVE_MATCH,DETERMINISTIC,2026-07-31 00:05:13.045219,2026-07-31 00:04:53.909783,2026-07-31 00:04:53.909783
DEACTIVATE,18301,916,257,27,country,True,4,A_EXACT_ONE_AUTHORITATIVE_MATCH,DETERMINISTIC,2026-09-03 12:08:57.065309,2026-09-03 12:08:37.949829,2026-09-03 12:08:37.949829
DEACTIVATE,16078,918,265,21,continent,True,4,A_EXACT_ONE_AUTHORITATIVE_MATCH,DETERMINISTIC,2026-09-03 13:04:15.951726,2026-08-01 02:38:46.334771,2026-09-03 13:04:07.238422
DEACTIVATE,16088,919,265,21,continent,True,4,A_EXACT_ONE_AUTHORITATIVE_MATCH,DETERMINISTIC,2026-09-03 13:04:16.420420,2026-08-01 02:38:46.406007,2026-09-03 13:04:07.238422
DEACTIVATE,16095,920,265,21,continent,True,4,A_EXACT_ONE_AUTHORITATIVE_MATCH,DETERMINISTIC,2026-09-03 13:04:16.787941,2026-08-01 02:38:46.472500,2026-09-03 13:04:07.238422
DEACTIVATE,16104,921,265,21,continent,True,4,A_EXACT_ONE_AUTHORITATIVE_MATCH,DETERMINISTIC,2026-09-03 13:04:17.511760,2026-08-01 02:38:46.548179,2026-09-03 13:04:07.238422
DEACTIVATE,17148,922,267,28,city,True,4,A_EXACT_ONE_AUTHORITATIVE_MATCH,DETERMINISTIC,2026-09-03 12:08:16.982855,2026-09-03 12:08:16.962694,2026-09-03 12:08:16.962694
DEACTIVATE,13206,922,253,21,country,True,4,A_EXACT_ONE_AUTHORITATIVE_MATCH,DETERMINISTIC,2026-06-30 00:20:13.375931,2026-06-30 00:20:13.331948,2026-06-30 00:20:13.331948
DEACTIVATE,15011,922,255,26,country,True,4,A_EXACT_ONE_AUTHORITATIVE_MATCH,DETERMINISTIC,2026-07-31 00:04:55.680376,2026-07-31 00:04:51.003415,2026-07-31 00:04:51.003415
DEACTIVATE,18267,922,257,27,country,True,4,A_EXACT_ONE_AUTHORITATIVE_MATCH,DETERMINISTIC,2026-09-03 12:08:39.801299,2026-09-03 12:08:37.568833,2026-09-03 12:08:37.568833
DEACTIVATE,17287,923,267,28,city,True,4,A_EXACT_ONE_AUTHORITATIVE_MATCH,DETERMINISTIC,2026-09-03 12:08:18.709819,2026-09-03 12:08:18.695831,2026-09-03 12:08:18.695831
DEACTIVATE,13333,923,253,21,country,True,4,A_EXACT_ONE_AUTHORITATIVE_MATCH,DETERMINISTIC,2026-06-30 00:20:16.269456,2026-06-30 00:20:16.226181,2026-06-30 00:20:16.226181
DEACTIVATE,15138,923,255,26,country,True,4,A_EXACT_ONE_AUTHORITATIVE_MATCH,DETERMINISTIC,2026-07-31 00:04:58.746230,2026-07-31 00:04:57.702449,2026-07-31 00:04:57.702449
DEACTIVATE,18394,923,257,27,country,True,4,A_EXACT_ONE_AUTHORITATIVE_MATCH,DETERMINISTIC,2026-09-03 12:08:44.235953,2026-09-03 12:08:43.187916,2026-09-03 12:08:43.187916
DEACTIVATE,17182,924,267,28,city,True,4,A_EXACT_ONE_AUTHORITATIVE_MATCH,DETERMINISTIC,2026-09-03 12:08:17.303199,2026-09-03 12:08:17.282014,2026-09-03 12:08:17.282014
DEACTIVATE,13216,924,253,21,country,True,4,A_EXACT_ONE_AUTHORITATIVE_MATCH,DETERMINISTIC,2026-06-30 00:20:13.443079,2026-06-30 00:20:13.394348,2026-06-30 00:20:13.394348
DEACTIVATE,15021,924,255,26,country,True,4,A_EXACT_ONE_AUTHORITATIVE_MATCH,DETERMINISTIC,2026-07-31 00:04:58.866787,2026-07-31 00:04:53.805014,2026-07-31 00:04:53.805014
DEACTIVATE,18277,924,257,27,country,True,4,A_EXACT_ONE_AUTHORITATIVE_MATCH,DETERMINISTIC,2026-09-03 12:08:42.911180,2026-09-03 12:08:37.839238,2026-09-03 12:08:37.839238
DEACTIVATE,17277,925,267,28,city,True,4,A_EXACT_ONE_AUTHORITATIVE_MATCH,DETERMINISTIC,2026-09-03 12:08:18.564817,2026-09-03 12:08:18.551114,2026-09-03 12:08:18.551114
DEACTIVATE,13340,925,253,21,country,True,4,A_EXACT_ONE_AUTHORITATIVE_MATCH,DETERMINISTIC,2026-06-30 00:20:16.324788,2026-06-30 00:20:16.287187,2026-06-30 00:20:16.287187
DEACTIVATE,15145,925,255,26,country,True,4,A_EXACT_ONE_AUTHORITATIVE_MATCH,DETERMINISTIC,2026-07-31 00:04:58.811309,2026-07-31 00:04:57.768560,2026-07-31 00:04:57.768560
DEACTIVATE,18401,925,257,27,country,True,4,A_EXACT_ONE_AUTHORITATIVE_MATCH,DETERMINISTIC,2026-09-03 12:08:44.359756,2026-09-03 12:08:43.258761,2026-09-03 12:08:43.245651
DEACTIVATE,17166,926,267,28,city,True,4,A_EXACT_ONE_AUTHORITATIVE_MATCH,DETERMINISTIC,2026-09-03 12:08:17.052598,2026-09-03 12:08:17.037098,2026-09-03 12:08:17.037098
DEACTIVATE,13359,926,253,21,country,True,4,A_EXACT_ONE_AUTHORITATIVE_MATCH,DETERMINISTIC,2026-06-30 00:20:16.454513,2026-06-30 00:20:16.402568,2026-06-30 00:20:16.402568
DEACTIVATE,15164,926,255,26,country,True,4,A_EXACT_ONE_AUTHORITATIVE_MATCH,DETERMINISTIC,2026-07-31 00:05:02.983300,2026-07-31 00:04:57.915343,2026-07-31 00:04:57.915343
DEACTIVATE,17157,927,267,28,city,True,4,A_EXACT_ONE_AUTHORITATIVE_MATCH,DETERMINISTIC,2026-09-03 12:08:17.027685,2026-09-03 12:08:17.012242,2026-09-03 12:08:17.012242
DEACTIVATE,13349,927,253,21,country,True,4,A_EXACT_ONE_AUTHORITATIVE_MATCH,DETERMINISTIC,2026-06-30 00:20:16.382313,2026-06-30 00:20:16.343070,2026-06-30 00:20:16.343070
DEACTIVATE,15154,927,255,26,country,True,4,A_EXACT_ONE_AUTHORITATIVE_MATCH,DETERMINISTIC,2026-07-31 00:04:59.884701,2026-07-31 00:04:57.835976,2026-07-31 00:04:57.835976
DEACTIVATE,18410,927,257,27,country,True,4,A_EXACT_ONE_AUTHORITATIVE_MATCH,DETERMINISTIC,2026-09-03 12:08:45.407814,2026-09-03 12:08:43.329632,2026-09-03 12:08:43.329632
DEACTIVATE,16124,930,265,21,continent,True,4,A_EXACT_ONE_AUTHORITATIVE_MATCH,DETERMINISTIC,2026-09-03 13:04:18.665060,2026-08-01 02:38:46.980872,2026-09-03 13:04:07.238422
DEACTIVATE,16123,932,265,21,continent,True,4,A_EXACT_ONE_AUTHORITATIVE_MATCH,DETERMINISTIC,2026-09-03 13:04:18.669558,2026-08-01 02:38:46.980872,2026-09-03 13:04:07.238422
DEACTIVATE,16128,933,265,21,continent,True,4,A_EXACT_ONE_AUTHORITATIVE_MATCH,DETERMINISTIC,2026-09-03 13:04:18.687393,2026-08-01 02:38:46.980872,2026-09-03 13:04:07.238422
DEACTIVATE,16127,935,265,21,continent,True,4,A_EXACT_ONE_AUTHORITATIVE_MATCH,DETERMINISTIC,2026-09-03 13:04:18.677424,2026-08-01 02:38:46.980872,2026-09-03 13:04:07.238422
DEACTIVATE,16314,936,265,21,continent,True,4,A_EXACT_ONE_AUTHORITATIVE_MATCH,DETERMINISTIC,2026-09-03 13:04:23.882824,2026-08-01 02:38:51.523027,2026-09-03 13:04:07.238422
DEACTIVATE,17099,936,254,3,continent,True,4,A_EXACT_ONE_AUTHORITATIVE_MATCH,DETERMINISTIC,2026-09-03 13:04:30.783595,2026-08-01 02:39:14.341446,2026-09-03 13:04:29.558222
DEACTIVATE,17154,937,267,28,city,True,4,A_EXACT_ONE_AUTHORITATIVE_MATCH,DETERMINISTIC,2026-09-03 12:08:17.025493,2026-09-03 12:08:17.012242,2026-09-03 12:08:17.012242
DEACTIVATE,13348,937,253,21,country,True,4,A_EXACT_ONE_AUTHORITATIVE_MATCH,DETERMINISTIC,2026-06-30 00:20:16.379704,2026-06-30 00:20:16.343070,2026-06-30 00:20:16.343070
DEACTIVATE,15153,937,255,26,country,True,4,A_EXACT_ONE_AUTHORITATIVE_MATCH,DETERMINISTIC,2026-07-31 00:04:58.884701,2026-07-31 00:04:57.835976,2026-07-31 00:04:57.835976
DEACTIVATE,18409,937,257,27,country,True,4,A_EXACT_ONE_AUTHORITATIVE_MATCH,DETERMINISTIC,2026-09-03 12:08:44.407814,2026-09-03 12:08:43.329632,2026-09-03 12:08:43.329632
DEACTIVATE,17275,938,267,28,city,True,4,A_EXACT_ONE_AUTHORITATIVE_MATCH,DETERMINISTIC,2026-09-03 12:08:18.563176,2026-09-03 12:08:18.551114,2026-09-03 12:08:18.551114
DEACTIVATE,13339,938,253,21,country,True,4,A_EXACT_ONE_AUTHORITATIVE_MATCH,DETERMINISTIC,2026-06-30 00:20:16.323278,2026-06-30 00:20:16.287187,2026-06-30 00:20:16.287187
DEACTIVATE,15144,938,255,26,country,True,4,A_EXACT_ONE_AUTHORITATIVE_MATCH,DETERMINISTIC,2026-07-31 00:04:57.811309,2026-07-31 00:04:57.768560,2026-07-31 00:04:57.768560
DEACTIVATE,18400,938,257,27,country,True,4,A_EXACT_ONE_AUTHORITATIVE_MATCH,DETERMINISTIC,2026-09-03 12:08:43.359756,2026-09-03 12:08:43.258761,2026-09-03 12:08:43.245651
DEACTIVATE,17165,939,267,28,city,True,4,A_EXACT_ONE_AUTHORITATIVE_MATCH,DETERMINISTIC,2026-09-03 12:08:17.051800,2026-09-03 12:08:17.037098,2026-09-03 12:08:17.037098
DEACTIVATE,13358,939,253,21,country,True,4,A_EXACT_ONE_AUTHORITATIVE_MATCH,DETERMINISTIC,2026-06-30 00:20:16.453189,2026-06-30 00:20:16.402568,2026-06-30 00:20:16.402568
DEACTIVATE,15163,939,255,26,country,True,4,A_EXACT_ONE_AUTHORITATIVE_MATCH,DETERMINISTIC,2026-07-31 00:05:01.983300,2026-07-31 00:04:57.915343,2026-07-31 00:04:57.915343
DEACTIVATE,16126,940,265,21,continent,True,4,A_EXACT_ONE_AUTHORITATIVE_MATCH,DETERMINISTIC,2026-09-03 13:04:18.693401,2026-08-01 02:38:46.980872,2026-09-03 13:04:07.238422
DEACTIVATE,16313,941,265,21,continent,True,4,A_EXACT_ONE_AUTHORITATIVE_MATCH,DETERMINISTIC,2026-09-03 13:04:23.884127,2026-08-01 02:38:51.523027,2026-09-03 13:04:07.238422
DEACTIVATE,17098,941,254,3,continent,True,4,A_EXACT_ONE_AUTHORITATIVE_MATCH,DETERMINISTIC,2026-09-03 13:04:30.789394,2026-08-01 02:39:14.341446,2026-09-03 13:04:29.558222
DEACTIVATE,17213,943,267,28,city,True,4,A_EXACT_ONE_AUTHORITATIVE_MATCH,DETERMINISTIC,2026-09-03 12:08:17.400024,2026-09-03 12:08:17.355580,2026-09-03 12:08:17.355580
DEACTIVATE,13239,943,253,21,country,True,4,A_EXACT_ONE_AUTHORITATIVE_MATCH,DETERMINISTIC,2026-06-30 00:20:13.565192,2026-06-30 00:20:13.464732,2026-06-30 00:20:13.464732
DEACTIVATE,15044,943,255,26,country,True,4,A_EXACT_ONE_AUTHORITATIVE_MATCH,DETERMINISTIC,2026-07-31 00:05:12.045219,2026-07-31 00:04:53.909783,2026-07-31 00:04:53.909783
DEACTIVATE,18300,943,257,27,country,True,4,A_EXACT_ONE_AUTHORITATIVE_MATCH,DETERMINISTIC,2026-09-03 12:08:56.065309,2026-09-03 12:08:37.949829,2026-09-03 12:08:37.949829
DEACTIVATE,16077,946,265,21,continent,True,4,A_EXACT_ONE_AUTHORITATIVE_MATCH,DETERMINISTIC,2026-09-03 13:04:15.943373,2026-08-01 02:38:46.334771,2026-09-03 13:04:07.238422
DEACTIVATE,16087,947,265,21,continent,True,4,A_EXACT_ONE_AUTHORITATIVE_MATCH,DETERMINISTIC,2026-09-03 13:04:16.454431,2026-08-01 02:38:46.406007,2026-09-03 13:04:07.238422
DEACTIVATE,16094,948,265,21,continent,True,4,A_EXACT_ONE_AUTHORITATIVE_MATCH,DETERMINISTIC,2026-09-03 13:04:16.869733,2026-08-01 02:38:46.472500,2026-09-03 13:04:07.238422
DEACTIVATE,16103,949,265,21,continent,True,4,A_EXACT_ONE_AUTHORITATIVE_MATCH,DETERMINISTIC,2026-09-03 13:04:17.544475,2026-08-01 02:38:46.548179,2026-09-03 13:04:07.238422
DEACTIVATE,17145,950,267,28,city,True,4,A_EXACT_ONE_AUTHORITATIVE_MATCH,DETERMINISTIC,2026-09-03 12:08:16.979574,2026-09-03 12:08:16.962694,2026-09-03 12:08:16.962694
DEACTIVATE,13205,950,253,21,country,True,4,A_EXACT_ONE_AUTHORITATIVE_MATCH,DETERMINISTIC,2026-06-30 00:20:13.374437,2026-06-30 00:20:13.331948,2026-06-30 00:20:13.331948
DEACTIVATE,15010,950,255,26,country,True,4,A_EXACT_ONE_AUTHORITATIVE_MATCH,DETERMINISTIC,2026-07-31 00:04:54.680376,2026-07-31 00:04:51.003415,2026-07-31 00:04:51.003415
DEACTIVATE,18266,950,257,27,country,True,4,A_EXACT_ONE_AUTHORITATIVE_MATCH,DETERMINISTIC,2026-09-03 12:08:38.801299,2026-09-03 12:08:37.568833,2026-09-03 12:08:37.568833
DEACTIVATE,17180,951,267,28,city,True,4,A_EXACT_ONE_AUTHORITATIVE_MATCH,DETERMINISTIC,2026-09-03 12:08:17.301394,2026-09-03 12:08:17.282014,2026-09-03 12:08:17.282014
DEACTIVATE,13215,951,253,21,country,True,4,A_EXACT_ONE_AUTHORITATIVE_MATCH,DETERMINISTIC,2026-06-30 00:20:13.441454,2026-06-30 00:20:13.394348,2026-06-30 00:20:13.394348
DEACTIVATE,15020,951,255,26,country,True,4,A_EXACT_ONE_AUTHORITATIVE_MATCH,DETERMINISTIC,2026-07-31 00:04:57.866787,2026-07-31 00:04:53.805014,2026-07-31 00:04:53.805014
DEACTIVATE,18276,951,257,27,country,True,4,A_EXACT_ONE_AUTHORITATIVE_MATCH,DETERMINISTIC,2026-09-03 12:08:41.911180,2026-09-03 12:08:37.839238,2026-09-03 12:08:37.839238
DEACTIVATE,17288,952,267,28,city,True,4,A_EXACT_ONE_AUTHORITATIVE_MATCH,DETERMINISTIC,2026-09-03 12:08:18.711011,2026-09-03 12:08:18.695831,2026-09-03 12:08:18.695831
DEACTIVATE,13332,952,253,21,country,True,4,A_EXACT_ONE_AUTHORITATIVE_MATCH,DETERMINISTIC,2026-06-30 00:20:16.268020,2026-06-30 00:20:16.226181,2026-06-30 00:20:16.226181
DEACTIVATE,15137,952,255,26,country,True,4,A_EXACT_ONE_AUTHORITATIVE_MATCH,DETERMINISTIC,2026-07-31 00:04:57.746230,2026-07-31 00:04:57.702449,2026-07-31 00:04:57.702449
DEACTIVATE,18393,952,257,27,country,True,4,A_EXACT_ONE_AUTHORITATIVE_MATCH,DETERMINISTIC,2026-09-03 12:08:43.235953,2026-09-03 12:08:43.187916,2026-09-03 12:08:43.187916
DEACTIVATE,16161,959,265,21,continent,True,4,A_EXACT_ONE_AUTHORITATIVE_MATCH,DETERMINISTIC,2026-09-03 13:04:19.527517,2026-08-01 02:38:47.652225,2026-09-03 13:04:07.238422
DEACTIVATE,16158,972,265,21,continent,True,4,A_EXACT_ONE_AUTHORITATIVE_MATCH,DETERMINISTIC,2026-09-03 13:04:19.355941,2026-08-01 02:38:47.521967,2026-09-03 13:04:07.238422
DEACTIVATE,16295,973,265,21,continent,True,4,A_EXACT_ONE_AUTHORITATIVE_MATCH,DETERMINISTIC,2026-09-03 13:04:23.615295,2026-08-01 02:38:51.255529,2026-09-03 13:04:07.238422
DEACTIVATE,17077,973,254,3,continent,True,4,A_EXACT_ONE_AUTHORITATIVE_MATCH,DETERMINISTIC,2026-09-03 13:04:30.310207,2026-08-01 02:39:12.039342,2026-09-03 13:04:29.558222
DEACTIVATE,16133,976,265,21,continent,True,4,A_EXACT_ONE_AUTHORITATIVE_MATCH,DETERMINISTIC,2026-09-03 13:04:19.068247,2026-08-01 02:38:47.197865,2026-09-03 13:04:07.238422
DEACTIVATE,16294,978,265,21,continent,True,4,A_EXACT_ONE_AUTHORITATIVE_MATCH,DETERMINISTIC,2026-09-03 13:04:23.609241,2026-08-01 02:38:51.255529,2026-09-03 13:04:07.238422
DEACTIVATE,17076,978,254,3,continent,True,4,A_EXACT_ONE_AUTHORITATIVE_MATCH,DETERMINISTIC,2026-09-03 13:04:30.301691,2026-08-01 02:39:12.039342,2026-09-03 13:04:29.558222
DEACTIVATE,16157,980,265,21,continent,True,4,A_EXACT_ONE_AUTHORITATIVE_MATCH,DETERMINISTIC,2026-09-03 13:04:19.362271,2026-08-01 02:38:47.521967,2026-09-03 13:04:07.238422
DEACTIVATE,16156,982,265,21,continent,True,4,A_EXACT_ONE_AUTHORITATIVE_MATCH,DETERMINISTIC,2026-09-03 13:04:19.364536,2026-08-01 02:38:47.521967,2026-09-03 13:04:07.238422
DEACTIVATE,16293,985,265,21,continent,True,4,A_EXACT_ONE_AUTHORITATIVE_MATCH,DETERMINISTIC,2026-09-03 13:04:23.611464,2026-08-01 02:38:51.255529,2026-09-03 13:04:07.238422
DEACTIVATE,17075,985,254,3,continent,True,4,A_EXACT_ONE_AUTHORITATIVE_MATCH,DETERMINISTIC,2026-09-03 13:04:30.304490,2026-08-01 02:39:12.039342,2026-09-03 13:04:29.558222
DEACTIVATE,16309,988,265,21,continent,True,4,A_EXACT_ONE_AUTHORITATIVE_MATCH,DETERMINISTIC,2026-09-03 13:04:23.837791,2026-08-01 02:38:51.453624,2026-09-03 13:04:07.238422
DEACTIVATE,17091,988,254,3,continent,True,4,A_EXACT_ONE_AUTHORITATIVE_MATCH,DETERMINISTIC,2026-09-03 13:04:30.668967,2026-08-01 02:39:14.120081,2026-09-03 13:04:29.558222
DEACTIVATE,16292,989,265,21,continent,True,4,A_EXACT_ONE_AUTHORITATIVE_MATCH,DETERMINISTIC,2026-09-03 13:04:23.613120,2026-08-01 02:38:51.255529,2026-09-03 13:04:07.238422
DEACTIVATE,17074,989,254,3,continent,True,4,A_EXACT_ONE_AUTHORITATIVE_MATCH,DETERMINISTIC,2026-09-03 13:04:30.307694,2026-08-01 02:39:12.039342,2026-09-03 13:04:29.558222
DEACTIVATE,16155,998,265,21,continent,True,4,A_EXACT_ONE_AUTHORITATIVE_MATCH,DETERMINISTIC,2026-09-03 13:04:19.359672,2026-08-01 02:38:47.521967,2026-09-03 13:04:07.238422
DEACTIVATE,15520,1109,261,4,continent,True,21,A_EXACT_ONE_AUTHORITATIVE_MATCH,DETERMINISTIC,2026-09-03 13:04:24.767315,2026-08-01 02:38:40.069858,2026-09-03 13:04:07.238422
DEACTIVATE,14501,1115,261,4,continent,True,26,A_EXACT_ONE_AUTHORITATIVE_MATCH,DETERMINISTIC,2026-09-03 13:04:27.484561,2026-07-01 00:05:25.507512,2026-09-03 13:04:07.238422
DEACTIVATE,16232,1115,265,21,continent,True,26,A_EXACT_ONE_AUTHORITATIVE_MATCH,DETERMINISTIC,2026-09-03 13:04:23.254665,2026-08-01 02:38:50.622843,2026-09-03 13:04:07.238422
DEACTIVATE,16297,1118,265,21,continent,True,26,A_EXACT_ONE_AUTHORITATIVE_MATCH,DETERMINISTIC,2026-09-03 13:04:23.712562,2026-08-01 02:38:51.328620,2026-09-03 13:04:07.238422
DEACTIVATE,17079,1118,254,3,continent,True,26,A_EXACT_ONE_AUTHORITATIVE_MATCH,DETERMINISTIC,2026-09-03 13:04:30.427915,2026-08-01 02:39:13.719124,2026-09-03 13:04:29.558222
DEACTIVATE,16291,1119,265,21,continent,True,26,A_EXACT_ONE_AUTHORITATIVE_MATCH,DETERMINISTIC,2026-09-03 13:04:23.593134,2026-08-01 02:38:51.255529,2026-09-03 13:04:07.238422
DEACTIVATE,17073,1119,254,3,continent,True,26,A_EXACT_ONE_AUTHORITATIVE_MATCH,DETERMINISTIC,2026-09-03 13:04:30.284312,2026-08-01 02:39:12.039342,2026-09-03 13:04:29.558222
DEACTIVATE,15521,1130,261,4,continent,True,26,A_EXACT_ONE_AUTHORITATIVE_MATCH,DETERMINISTIC,2026-09-03 13:04:24.771181,2026-08-01 02:38:40.069858,2026-09-03 13:04:07.238422
DEACTIVATE,14469,1135,261,4,continent,True,26,A_EXACT_ONE_AUTHORITATIVE_MATCH,DETERMINISTIC,2026-09-03 13:04:26.405692,2026-07-01 00:05:24.657401,2026-09-03 13:04:07.238422
DEACTIVATE,16196,1135,265,21,continent,True,26,A_EXACT_ONE_AUTHORITATIVE_MATCH,DETERMINISTIC,2026-09-03 13:04:21.355656,2026-08-01 02:38:49.085872,2026-09-03 13:04:07.238422
DEACTIVATE,14468,1136,261,4,continent,True,26,A_EXACT_ONE_AUTHORITATIVE_MATCH,DETERMINISTIC,2026-09-03 13:04:26.407024,2026-07-01 00:05:24.657401,2026-09-03 13:04:07.238422
DEACTIVATE,16195,1136,265,21,continent,True,26,A_EXACT_ONE_AUTHORITATIVE_MATCH,DETERMINISTIC,2026-09-03 13:04:21.360005,2026-08-01 02:38:49.085872,2026-09-03 13:04:07.238422
DEACTIVATE,16093,1140,265,21,continent,True,26,A_EXACT_ONE_AUTHORITATIVE_MATCH,DETERMINISTIC,2026-09-03 13:04:16.864382,2026-08-01 02:38:46.472500,2026-09-03 13:04:07.238422
DEACTIVATE,15523,1154,261,4,continent,True,26,A_EXACT_ONE_AUTHORITATIVE_MATCH,DETERMINISTIC,2026-09-03 13:04:24.796513,2026-08-01 02:38:40.069858,2026-09-03 13:04:07.238422
DEACTIVATE,15734,1156,261,4,continent,True,26,A_EXACT_ONE_AUTHORITATIVE_MATCH,DETERMINISTIC,2026-09-03 13:04:27.537480,2026-08-01 02:38:43.684934,2026-09-03 13:04:07.238422
DEACTIVATE,15735,1158,261,4,continent,True,26,A_EXACT_ONE_AUTHORITATIVE_MATCH,DETERMINISTIC,2026-09-03 13:04:27.538866,2026-08-01 02:38:43.684934,2026-09-03 13:04:07.238422
DEACTIVATE,15733,1164,261,4,continent,True,26,A_EXACT_ONE_AUTHORITATIVE_MATCH,DETERMINISTIC,2026-09-03 13:04:27.531618,2026-08-01 02:38:43.684934,2026-09-03 13:04:07.238422
DEACTIVATE,15516,1166,261,4,continent,True,26,A_EXACT_ONE_AUTHORITATIVE_MATCH,DETERMINISTIC,2026-09-03 13:04:24.760422,2026-08-01 02:38:40.069858,2026-09-03 13:04:07.238422
