role,contestant_season_id,contestant_id,season_id,season_round_id,level,current_is_active,contestant_round_id,classification,reason,joined_at,created_at,updated_at
EXCLUDED,5514,46,249,1,continent,True,3,B_ZERO_AUTHORITATIVE_MATCH/ZM_MISSING_GENUINE_MEMBERSHIP,no active membership in authoritative round 3; winner never chosen,2026-05-31 01:03:06.618122,2026-05-02 00:27:55.657731,2026-05-31 01:03:06.581810
EXCLUDED,9834,46,252,2,continent,True,3,B_ZERO_AUTHORITATIVE_MATCH/ZM_MISSING_GENUINE_MEMBERSHIP,no active membership in authoritative round 3; winner never chosen,2026-05-31 00:03:10.673629,2026-05-31 00:03:10.645478,2026-05-31 00:03:10.645478
EXCLUDED,10407,46,241,4,country,True,3,B_ZERO_AUTHORITATIVE_MATCH/ZM_ALL_ACTIVE_MEMBERSHIPS_FOREIGN,no active membership in authoritative round 3; winner never chosen,2026-05-31 00:03:17.418238,2026-05-31 00:03:17.260741,2026-05-31 00:03:17.260741
EXCLUDED,13204,46,253,21,country,True,3,B_ZERO_AUTHORITATIVE_MATCH/ZM_ALL_ACTIVE_MEMBERSHIPS_FOREIGN,no active membership in authoritative round 3; winner never chosen,2026-06-30 00:20:13.372893,2026-06-30 00:20:13.331948,2026-06-30 00:20:13.331948
EXCLUDED,15009,46,255,26,country,True,3,B_ZERO_AUTHORITATIVE_MATCH/ZM_ALL_ACTIVE_MEMBERSHIPS_FOREIGN,no active membership in authoritative round 3; winner never chosen,2026-07-31 00:04:53.680376,2026-07-31 00:04:51.003415,2026-07-31 00:04:51.003415
EXCLUDED,18265,46,257,27,country,True,3,B_ZERO_AUTHORITATIVE_MATCH/ZM_ALL_ACTIVE_MEMBERSHIPS_FOREIGN,no active membership in authoritative round 3; winner never chosen,2026-09-03 12:08:37.801299,2026-09-03 12:08:37.568833,2026-09-03 12:08:37.568833
EXCLUDED,5515,50,249,1,continent,True,3,B_ZERO_AUTHORITATIVE_MATCH/ZM_MISSING_GENUINE_MEMBERSHIP,no active membership in authoritative round 3; winner never chosen,2026-05-31 01:03:06.714259,2026-05-02 00:27:55.657731,2026-05-31 01:03:06.675025
EXCLUDED,9851,50,252,2,continent,True,3,B_ZERO_AUTHORITATIVE_MATCH/ZM_MISSING_GENUINE_MEMBERSHIP,no active membership in authoritative round 3; winner never chosen,2026-05-31 00:03:10.773679,2026-05-31 00:03:10.721837,2026-05-31 00:03:10.721837
EXCLUDED,10414,50,241,4,country,True,3,B_ZERO_AUTHORITATIVE_MATCH/ZM_ALL_ACTIVE_MEMBERSHIPS_FOREIGN,no active membership in authoritative round 3; winner never chosen,2026-05-31 00:03:17.479499,2026-05-31 00:03:17.441354,2026-05-31 00:03:17.441354
EXCLUDED,13220,50,253,21,country,True,3,B_ZERO_AUTHORITATIVE_MATCH/ZM_ALL_ACTIVE_MEMBERSHIPS_FOREIGN,no active membership in authoritative round 3; winner never chosen,2026-06-30 00:20:13.449416,2026-06-30 00:20:13.394348,2026-06-30 00:20:13.394348
EXCLUDED,15025,50,255,26,country,True,3,B_ZERO_AUTHORITATIVE_MATCH/ZM_ALL_ACTIVE_MEMBERSHIPS_FOREIGN,no active membership in authoritative round 3; winner never chosen,2026-07-31 00:05:02.866787,2026-07-31 00:04:53.805014,2026-07-31 00:04:53.805014
EXCLUDED,18281,50,257,27,country,True,3,B_ZERO_AUTHORITATIVE_MATCH/ZM_ALL_ACTIVE_MEMBERSHIPS_FOREIGN,no active membership in authoritative round 3; winner never chosen,2026-09-03 12:08:46.911180,2026-09-03 12:08:37.839238,2026-09-03 12:08:37.839238
EXCLUDED,8427,54,249,1,continent,True,3,B_ZERO_AUTHORITATIVE_MATCH/ZM_MISSING_GENUINE_MEMBERSHIP,no active membership in authoritative round 3; winner never chosen,2026-05-02 01:35:11.433660,2026-05-02 01:35:11.380109,2026-05-02 01:35:11.380109
EXCLUDED,9879,54,252,2,continent,True,3,B_ZERO_AUTHORITATIVE_MATCH/ZM_MISSING_GENUINE_MEMBERSHIP,no active membership in authoritative round 3; winner never chosen,2026-05-31 00:03:10.926315,2026-05-31 00:03:10.849709,2026-05-31 00:03:10.849709
EXCLUDED,10424,54,241,4,country,True,3,B_ZERO_AUTHORITATIVE_MATCH/ZM_ALL_ACTIVE_MEMBERSHIPS_FOREIGN,no active membership in authoritative round 3; winner never chosen,2026-05-31 00:03:17.567322,2026-05-31 00:03:17.504839,2026-05-31 00:03:17.504839
EXCLUDED,13238,54,253,21,country,True,3,B_ZERO_AUTHORITATIVE_MATCH/ZM_ALL_ACTIVE_MEMBERSHIPS_FOREIGN,no active membership in authoritative round 3; winner never chosen,2026-06-30 00:20:13.563965,2026-06-30 00:20:13.464732,2026-06-30 00:20:13.464732
EXCLUDED,15043,54,255,26,country,True,3,B_ZERO_AUTHORITATIVE_MATCH/ZM_ALL_ACTIVE_MEMBERSHIPS_FOREIGN,no active membership in authoritative round 3; winner never chosen,2026-07-31 00:05:11.045219,2026-07-31 00:04:53.909783,2026-07-31 00:04:53.909783
EXCLUDED,18299,54,257,27,country,True,3,B_ZERO_AUTHORITATIVE_MATCH/ZM_ALL_ACTIVE_MEMBERSHIPS_FOREIGN,no active membership in authoritative round 3; winner never chosen,2026-09-03 12:08:55.065309,2026-09-03 12:08:37.949829,2026-09-03 12:08:37.949829
EXCLUDED,5231,58,249,1,continent,True,3,B_ZERO_AUTHORITATIVE_MATCH/ZM_MISSING_GENUINE_MEMBERSHIP,no active membership in authoritative round 3; winner never chosen,2026-05-31 01:03:06.944710,2026-05-01 13:15:38.928230,2026-05-31 01:03:06.925841
EXCLUDED,9896,58,252,2,continent,True,3,B_ZERO_AUTHORITATIVE_MATCH/ZM_MISSING_GENUINE_MEMBERSHIP,no active membership in authoritative round 3; winner never chosen,2026-05-31 00:03:11.036976,2026-05-31 00:03:11.012511,2026-05-31 00:03:11.012511
EXCLUDED,13249,58,253,21,country,True,3,B_ZERO_AUTHORITATIVE_MATCH/ZM_MISSING_GENUINE_MEMBERSHIP,no active membership in authoritative round 3; winner never chosen,2026-06-30 00:20:13.627827,2026-06-30 00:20:13.600665,2026-06-30 00:20:13.600665
EXCLUDED,15054,58,255,26,country,True,3,B_ZERO_AUTHORITATIVE_MATCH/ZM_MISSING_GENUINE_MEMBERSHIP,no active membership in authoritative round 3; winner never chosen,2026-07-31 00:04:54.178594,2026-07-31 00:04:54.134130,2026-07-31 00:04:54.134130
EXCLUDED,18310,58,257,27,country,True,3,B_ZERO_AUTHORITATIVE_MATCH/ZM_MISSING_GENUINE_MEMBERSHIP,no active membership in authoritative round 3; winner never chosen,2026-09-03 12:08:38.169300,2026-09-03 12:08:38.133743,2026-09-03 12:08:38.133743
EXCLUDED,5213,62,249,1,continent,True,3,B_ZERO_AUTHORITATIVE_MATCH/ZM_MISSING_GENUINE_MEMBERSHIP,no active membership in authoritative round 3; winner never chosen,2026-05-31 01:03:07.006464,2026-05-01 12:25:01.307908,2026-05-31 01:03:06.987527
EXCLUDED,9902,62,252,2,continent,True,3,B_ZERO_AUTHORITATIVE_MATCH/ZM_MISSING_GENUINE_MEMBERSHIP,no active membership in authoritative round 3; winner never chosen,2026-05-31 00:03:11.111319,2026-05-31 00:03:11.089599,2026-05-31 00:03:11.089599
EXCLUDED,10452,62,241,4,country,True,3,B_ZERO_AUTHORITATIVE_MATCH/ZM_MISSING_GENUINE_MEMBERSHIP,no active membership in authoritative round 3; winner never chosen,2026-05-31 00:03:17.639994,2026-05-31 00:03:17.619615,2026-05-31 00:03:17.619615
EXCLUDED,13250,62,253,21,country,True,3,B_ZERO_AUTHORITATIVE_MATCH/ZM_MISSING_GENUINE_MEMBERSHIP,no active membership in authoritative round 3; winner never chosen,2026-06-30 00:20:13.660240,2026-06-30 00:20:13.636113,2026-06-30 00:20:13.636113
EXCLUDED,15055,62,255,26,country,True,3,B_ZERO_AUTHORITATIVE_MATCH/ZM_MISSING_GENUINE_MEMBERSHIP,no active membership in authoritative round 3; winner never chosen,2026-07-31 00:04:54.227111,2026-07-31 00:04:54.193273,2026-07-31 00:04:54.193273
EXCLUDED,18311,62,257,27,country,True,3,B_ZERO_AUTHORITATIVE_MATCH/ZM_MISSING_GENUINE_MEMBERSHIP,no active membership in authoritative round 3; winner never chosen,2026-09-03 12:08:38.228647,2026-09-03 12:08:38.180744,2026-09-03 12:08:38.180744
EXCLUDED,5198,62,246,1,regional,True,3,B_ZERO_AUTHORITATIVE_MATCH/ZM_MISSING_GENUINE_MEMBERSHIP,no active membership in authoritative round 3; winner never chosen,2026-05-01 12:15:58.554878,2026-05-01 12:15:58.547535,2026-05-01 12:15:58.547535
EXCLUDED,5208,62,248,2,regional,True,3,B_ZERO_AUTHORITATIVE_MATCH/ZM_MISSING_GENUINE_MEMBERSHIP,no active membership in authoritative round 3; winner never chosen,2026-05-01 12:15:58.612447,2026-05-01 12:15:58.609543,2026-05-01 12:15:58.609543
EXCLUDED,5214,66,249,1,continent,True,3,B_ZERO_AUTHORITATIVE_MATCH/ZM_MISSING_GENUINE_MEMBERSHIP,no active membership in authoritative round 3; winner never chosen,2026-05-31 01:03:07.135465,2026-05-01 12:25:01.307908,2026-05-31 01:03:07.112372
EXCLUDED,9927,66,252,2,continent,True,3,B_ZERO_AUTHORITATIVE_MATCH/ZM_MISSING_GENUINE_MEMBERSHIP,no active membership in authoritative round 3; winner never chosen,2026-05-31 00:03:11.234464,2026-05-31 00:03:11.213986,2026-05-31 00:03:11.213986
EXCLUDED,10453,66,241,4,country,True,3,B_ZERO_AUTHORITATIVE_MATCH/ZM_MISSING_GENUINE_MEMBERSHIP,no active membership in authoritative round 3; winner never chosen,2026-05-31 00:03:17.665953,2026-05-31 00:03:17.647432,2026-05-31 00:03:17.647432
EXCLUDED,13251,66,253,21,country,True,3,B_ZERO_AUTHORITATIVE_MATCH/ZM_MISSING_GENUINE_MEMBERSHIP,no active membership in authoritative round 3; winner never chosen,2026-06-30 00:20:13.691090,2026-06-30 00:20:13.667551,2026-06-30 00:20:13.667551
EXCLUDED,15056,66,255,26,country,True,3,B_ZERO_AUTHORITATIVE_MATCH/ZM_MISSING_GENUINE_MEMBERSHIP,no active membership in authoritative round 3; winner never chosen,2026-07-31 00:04:54.280936,2026-07-31 00:04:54.243867,2026-07-31 00:04:54.243867
EXCLUDED,18312,66,257,27,country,True,3,B_ZERO_AUTHORITATIVE_MATCH/ZM_MISSING_GENUINE_MEMBERSHIP,no active membership in authoritative round 3; winner never chosen,2026-09-03 12:08:38.299262,2026-09-03 12:08:38.249339,2026-09-03 12:08:38.249339
EXCLUDED,5199,66,246,1,regional,True,3,B_ZERO_AUTHORITATIVE_MATCH/ZM_MISSING_GENUINE_MEMBERSHIP,no active membership in authoritative round 3; winner never chosen,2026-05-01 12:15:58.557131,2026-05-01 12:15:58.547535,2026-05-01 12:15:58.547535
EXCLUDED,5209,66,248,2,regional,True,3,B_ZERO_AUTHORITATIVE_MATCH/ZM_MISSING_GENUINE_MEMBERSHIP,no active membership in authoritative round 3; winner never chosen,2026-05-01 12:15:58.614399,2026-05-01 12:15:58.609543,2026-05-01 12:15:58.609543
EXCLUDED,5215,70,249,1,continent,True,3,B_ZERO_AUTHORITATIVE_MATCH/ZM_MISSING_GENUINE_MEMBERSHIP,no active membership in authoritative round 3; winner never chosen,2026-05-31 01:03:07.222029,2026-05-01 12:25:01.307908,2026-05-31 01:03:07.195492
EXCLUDED,9935,70,252,2,continent,True,3,B_ZERO_AUTHORITATIVE_MATCH/ZM_MISSING_GENUINE_MEMBERSHIP,no active membership in authoritative round 3; winner never chosen,2026-05-31 00:03:11.308183,2026-05-31 00:03:11.287079,2026-05-31 00:03:11.287079
EXCLUDED,10454,70,241,4,country,True,3,B_ZERO_AUTHORITATIVE_MATCH/ZM_MISSING_GENUINE_MEMBERSHIP,no active membership in authoritative round 3; winner never chosen,2026-05-31 00:03:17.692799,2026-05-31 00:03:17.672026,2026-05-31 00:03:17.672026
EXCLUDED,13252,70,253,21,country,True,3,B_ZERO_AUTHORITATIVE_MATCH/ZM_MISSING_GENUINE_MEMBERSHIP,no active membership in authoritative round 3; winner never chosen,2026-06-30 00:20:13.721864,2026-06-30 00:20:13.697850,2026-06-30 00:20:13.697850
EXCLUDED,15057,70,255,26,country,True,3,B_ZERO_AUTHORITATIVE_MATCH/ZM_MISSING_GENUINE_MEMBERSHIP,no active membership in authoritative round 3; winner never chosen,2026-07-31 00:04:54.333642,2026-07-31 00:04:54.294633,2026-07-31 00:04:54.294633
EXCLUDED,18313,70,257,27,country,True,3,B_ZERO_AUTHORITATIVE_MATCH/ZM_MISSING_GENUINE_MEMBERSHIP,no active membership in authoritative round 3; winner never chosen,2026-09-03 12:08:38.365766,2026-09-03 12:08:38.327762,2026-09-03 12:08:38.327762
EXCLUDED,5200,70,246,1,regional,True,3,B_ZERO_AUTHORITATIVE_MATCH/ZM_MISSING_GENUINE_MEMBERSHIP,no active membership in authoritative round 3; winner never chosen,2026-05-01 12:15:58.559150,2026-05-01 12:15:58.547535,2026-05-01 12:15:58.547535
EXCLUDED,5210,70,248,2,regional,True,3,B_ZERO_AUTHORITATIVE_MATCH/ZM_MISSING_GENUINE_MEMBERSHIP,no active membership in authoritative round 3; winner never chosen,2026-05-01 12:15:58.616458,2026-05-01 12:15:58.609543,2026-05-01 12:15:58.609543
EXCLUDED,5216,74,249,1,continent,True,3,B_ZERO_AUTHORITATIVE_MATCH/ZM_MISSING_GENUINE_MEMBERSHIP,no active membership in authoritative round 3; winner never chosen,2026-05-31 01:03:07.295707,2026-05-01 12:25:01.307908,2026-05-31 01:03:07.275421
EXCLUDED,9953,74,252,2,continent,True,3,B_ZERO_AUTHORITATIVE_MATCH/ZM_MISSING_GENUINE_MEMBERSHIP,no active membership in authoritative round 3; winner never chosen,2026-05-31 00:03:11.398116,2026-05-31 00:03:11.377854,2026-05-31 00:03:11.377854
EXCLUDED,10455,74,241,4,country,True,3,B_ZERO_AUTHORITATIVE_MATCH/ZM_MISSING_GENUINE_MEMBERSHIP,no active membership in authoritative round 3; winner never chosen,2026-05-31 00:03:17.719799,2026-05-31 00:03:17.699994,2026-05-31 00:03:17.699994
EXCLUDED,13253,74,253,21,country,True,3,B_ZERO_AUTHORITATIVE_MATCH/ZM_MISSING_GENUINE_MEMBERSHIP,no active membership in authoritative round 3; winner never chosen,2026-06-30 00:20:13.754649,2026-06-30 00:20:13.729852,2026-06-30 00:20:13.729852
EXCLUDED,15058,74,255,26,country,True,3,B_ZERO_AUTHORITATIVE_MATCH/ZM_MISSING_GENUINE_MEMBERSHIP,no active membership in authoritative round 3; winner never chosen,2026-07-31 00:04:54.376033,2026-07-31 00:04:54.346425,2026-07-31 00:04:54.346425
EXCLUDED,18314,74,257,27,country,True,3,B_ZERO_AUTHORITATIVE_MATCH/ZM_MISSING_GENUINE_MEMBERSHIP,no active membership in authoritative round 3; winner never chosen,2026-09-03 12:08:38.418665,2026-09-03 12:08:38.383178,2026-09-03 12:08:38.383178
EXCLUDED,5201,74,246,1,regional,True,3,B_ZERO_AUTHORITATIVE_MATCH/ZM_MISSING_GENUINE_MEMBERSHIP,no active membership in authoritative round 3; winner never chosen,2026-05-01 12:15:58.561128,2026-05-01 12:15:58.547535,2026-05-01 12:15:58.547535
EXCLUDED,5211,74,248,2,regional,True,3,B_ZERO_AUTHORITATIVE_MATCH/ZM_MISSING_GENUINE_MEMBERSHIP,no active membership in authoritative round 3; winner never chosen,2026-05-01 12:15:58.618436,2026-05-01 12:15:58.609543,2026-05-01 12:15:58.609543
EXCLUDED,5217,78,249,1,continent,True,3,B_ZERO_AUTHORITATIVE_MATCH/ZM_MISSING_GENUINE_MEMBERSHIP,no active membership in authoritative round 3; winner never chosen,2026-05-31 01:03:07.370432,2026-05-01 12:25:01.307908,2026-05-31 01:03:07.351650
EXCLUDED,12925,78,252,2,continent,True,3,B_ZERO_AUTHORITATIVE_MATCH/ZM_MISSING_GENUINE_MEMBERSHIP,no active membership in authoritative round 3; winner never chosen,2026-06-30 00:20:08.198793,2026-06-30 00:20:08.187513,2026-06-30 00:20:08.187513
EXCLUDED,10456,78,241,4,country,True,3,B_ZERO_AUTHORITATIVE_MATCH/ZM_MISSING_GENUINE_MEMBERSHIP,no active membership in authoritative round 3; winner never chosen,2026-05-31 00:03:17.746745,2026-05-31 00:03:17.726313,2026-05-31 00:03:17.726313
EXCLUDED,13254,78,253,21,country,True,3,B_ZERO_AUTHORITATIVE_MATCH/ZM_MISSING_GENUINE_MEMBERSHIP,no active membership in authoritative round 3; winner never chosen,2026-06-30 00:20:13.795194,2026-06-30 00:20:13.762832,2026-06-30 00:20:13.762832
EXCLUDED,15059,78,255,26,country,True,3,B_ZERO_AUTHORITATIVE_MATCH/ZM_MISSING_GENUINE_MEMBERSHIP,no active membership in authoritative round 3; winner never chosen,2026-07-31 00:04:54.422915,2026-07-31 00:04:54.388416,2026-07-31 00:04:54.388416
EXCLUDED,18315,78,257,27,country,True,3,B_ZERO_AUTHORITATIVE_MATCH/ZM_MISSING_GENUINE_MEMBERSHIP,no active membership in authoritative round 3; winner never chosen,2026-09-03 12:08:38.484867,2026-09-03 12:08:38.445373,2026-09-03 12:08:38.445373
EXCLUDED,5202,78,246,1,regional,True,3,B_ZERO_AUTHORITATIVE_MATCH/ZM_MISSING_GENUINE_MEMBERSHIP,no active membership in authoritative round 3; winner never chosen,2026-05-01 12:15:58.563112,2026-05-01 12:15:58.547535,2026-05-01 12:15:58.547535
EXCLUDED,5207,78,247,2,regional,True,3,B_ZERO_AUTHORITATIVE_MATCH/ZM_MISSING_GENUINE_MEMBERSHIP,no active membership in authoritative round 3; winner never chosen,2026-05-02 01:00:31.521499,2026-05-01 12:15:58.608361,2026-05-02 01:00:31.496971
EXCLUDED,5212,78,248,2,regional,True,3,B_ZERO_AUTHORITATIVE_MATCH/ZM_MISSING_GENUINE_MEMBERSHIP,no active membership in authoritative round 3; winner never chosen,2026-05-01 12:15:58.620267,2026-05-01 12:15:58.609543,2026-05-01 12:15:58.609543
EXCLUDED,5232,82,249,1,continent,True,3,B_ZERO_AUTHORITATIVE_MATCH/ZM_MISSING_GENUINE_MEMBERSHIP,no active membership in authoritative round 3; winner never chosen,2026-05-31 01:03:07.448405,2026-05-01 13:15:38.928230,2026-05-31 01:03:07.428171
EXCLUDED,9972,82,252,2,continent,True,3,B_ZERO_AUTHORITATIVE_MATCH/ZM_MISSING_GENUINE_MEMBERSHIP,no active membership in authoritative round 3; winner never chosen,2026-05-31 00:03:11.574381,2026-05-31 00:03:11.548740,2026-05-31 00:03:11.548740
EXCLUDED,10457,82,241,4,country,True,3,B_ZERO_AUTHORITATIVE_MATCH/ZM_MISSING_GENUINE_MEMBERSHIP,no active membership in authoritative round 3; winner never chosen,2026-05-31 00:03:17.773361,2026-05-31 00:03:17.754404,2026-05-31 00:03:17.754404
EXCLUDED,13255,82,253,21,country,True,3,B_ZERO_AUTHORITATIVE_MATCH/ZM_MISSING_GENUINE_MEMBERSHIP,no active membership in authoritative round 3; winner never chosen,2026-06-30 00:20:13.829302,2026-06-30 00:20:13.802306,2026-06-30 00:20:13.802306
EXCLUDED,15060,82,255,26,country,True,3,B_ZERO_AUTHORITATIVE_MATCH/ZM_MISSING_GENUINE_MEMBERSHIP,no active membership in authoritative round 3; winner never chosen,2026-07-31 00:04:54.465584,2026-07-31 00:04:54.434067,2026-07-31 00:04:54.434067
EXCLUDED,18316,82,257,27,country,True,3,B_ZERO_AUTHORITATIVE_MATCH/ZM_MISSING_GENUINE_MEMBERSHIP,no active membership in authoritative round 3; winner never chosen,2026-09-03 12:08:38.552349,2026-09-03 12:08:38.514383,2026-09-03 12:08:38.514383
EXCLUDED,5243,86,249,1,continent,True,3,B_ZERO_AUTHORITATIVE_MATCH/ZM_MISSING_GENUINE_MEMBERSHIP,no active membership in authoritative round 3; winner never chosen,2026-05-31 01:03:07.552519,2026-05-01 13:32:07.947873,2026-05-31 01:03:07.528958
EXCLUDED,9989,86,252,2,continent,True,3,B_ZERO_AUTHORITATIVE_MATCH/ZM_MISSING_GENUINE_MEMBERSHIP,no active membership in authoritative round 3; winner never chosen,2026-05-31 00:03:11.677950,2026-05-31 00:03:11.658006,2026-05-31 00:03:11.658006
EXCLUDED,10458,86,241,4,country,True,3,B_ZERO_AUTHORITATIVE_MATCH/ZM_MISSING_GENUINE_MEMBERSHIP,no active membership in authoritative round 3; winner never chosen,2026-05-31 00:03:17.802993,2026-05-31 00:03:17.779126,2026-05-31 00:03:17.779126
EXCLUDED,13256,86,253,21,country,True,3,B_ZERO_AUTHORITATIVE_MATCH/ZM_MISSING_GENUINE_MEMBERSHIP,no active membership in authoritative round 3; winner never chosen,2026-06-30 00:20:13.857460,2026-06-30 00:20:13.836069,2026-06-30 00:20:13.836069
EXCLUDED,15061,86,255,26,country,True,3,B_ZERO_AUTHORITATIVE_MATCH/ZM_MISSING_GENUINE_MEMBERSHIP,no active membership in authoritative round 3; winner never chosen,2026-07-31 00:04:54.507817,2026-07-31 00:04:54.476612,2026-07-31 00:04:54.476612
EXCLUDED,18317,86,257,27,country,True,3,B_ZERO_AUTHORITATIVE_MATCH/ZM_MISSING_GENUINE_MEMBERSHIP,no active membership in authoritative round 3; winner never chosen,2026-09-03 12:08:38.613496,2026-09-03 12:08:38.573497,2026-09-03 12:08:38.573497
EXCLUDED,5244,90,249,1,continent,True,3,B_ZERO_AUTHORITATIVE_MATCH/ZM_MISSING_GENUINE_MEMBERSHIP,no active membership in authoritative round 3; winner never chosen,2026-05-31 01:03:07.656415,2026-05-01 13:32:07.947873,2026-05-31 01:03:07.626303
EXCLUDED,10005,90,252,2,continent,True,3,B_ZERO_AUTHORITATIVE_MATCH/ZM_MISSING_GENUINE_MEMBERSHIP,no active membership in authoritative round 3; winner never chosen,2026-05-31 00:03:11.769420,2026-05-31 00:03:11.748137,2026-05-31 00:03:11.748137
EXCLUDED,10459,90,241,4,country,True,3,B_ZERO_AUTHORITATIVE_MATCH/ZM_MISSING_GENUINE_MEMBERSHIP,no active membership in authoritative round 3; winner never chosen,2026-05-31 00:03:17.830381,2026-05-31 00:03:17.809740,2026-05-31 00:03:17.809740
EXCLUDED,13257,90,253,21,country,True,3,B_ZERO_AUTHORITATIVE_MATCH/ZM_MISSING_GENUINE_MEMBERSHIP,no active membership in authoritative round 3; winner never chosen,2026-06-30 00:20:13.890779,2026-06-30 00:20:13.865046,2026-06-30 00:20:13.865046
EXCLUDED,15062,90,255,26,country,True,3,B_ZERO_AUTHORITATIVE_MATCH/ZM_MISSING_GENUINE_MEMBERSHIP,no active membership in authoritative round 3; winner never chosen,2026-07-31 00:04:54.560434,2026-07-31 00:04:54.519820,2026-07-31 00:04:54.519820
EXCLUDED,18318,90,257,27,country,True,3,B_ZERO_AUTHORITATIVE_MATCH/ZM_MISSING_GENUINE_MEMBERSHIP,no active membership in authoritative round 3; winner never chosen,2026-09-03 12:08:38.667759,2026-09-03 12:08:38.628674,2026-09-03 12:08:38.628674
EXCLUDED,5245,94,249,1,continent,True,3,B_ZERO_AUTHORITATIVE_MATCH/ZM_MISSING_GENUINE_MEMBERSHIP,no active membership in authoritative round 3; winner never chosen,2026-05-31 01:03:07.791116,2026-05-01 13:32:07.947873,2026-05-31 01:03:07.770871
EXCLUDED,10022,94,252,2,continent,True,3,B_ZERO_AUTHORITATIVE_MATCH/ZM_MISSING_GENUINE_MEMBERSHIP,no active membership in authoritative round 3; winner never chosen,2026-05-31 00:03:11.872896,2026-05-31 00:03:11.854130,2026-05-31 00:03:11.854130
EXCLUDED,10460,94,241,4,country,True,3,B_ZERO_AUTHORITATIVE_MATCH/ZM_MISSING_GENUINE_MEMBERSHIP,no active membership in authoritative round 3; winner never chosen,2026-05-31 00:03:17.856238,2026-05-31 00:03:17.837686,2026-05-31 00:03:17.837686
EXCLUDED,13258,94,253,21,country,True,3,B_ZERO_AUTHORITATIVE_MATCH/ZM_MISSING_GENUINE_MEMBERSHIP,no active membership in authoritative round 3; winner never chosen,2026-06-30 00:20:13.922175,2026-06-30 00:20:13.899177,2026-06-30 00:20:13.899177
EXCLUDED,15063,94,255,26,country,True,3,B_ZERO_AUTHORITATIVE_MATCH/ZM_MISSING_GENUINE_MEMBERSHIP,no active membership in authoritative round 3; winner never chosen,2026-07-31 00:04:54.605217,2026-07-31 00:04:54.572031,2026-07-31 00:04:54.572031
EXCLUDED,18319,94,257,27,country,True,3,B_ZERO_AUTHORITATIVE_MATCH/ZM_MISSING_GENUINE_MEMBERSHIP,no active membership in authoritative round 3; winner never chosen,2026-09-03 12:08:38.737246,2026-09-03 12:08:38.695127,2026-09-03 12:08:38.695127
EXCLUDED,5246,98,249,1,continent,True,3,B_ZERO_AUTHORITATIVE_MATCH/ZM_MISSING_GENUINE_MEMBERSHIP,no active membership in authoritative round 3; winner never chosen,2026-05-31 01:03:07.860131,2026-05-01 13:32:07.947873,2026-05-31 01:03:07.835318
EXCLUDED,10024,98,252,2,continent,True,3,B_ZERO_AUTHORITATIVE_MATCH/ZM_MISSING_GENUINE_MEMBERSHIP,no active membership in authoritative round 3; winner never chosen,2026-05-31 00:03:11.928097,2026-05-31 00:03:11.908272,2026-05-31 00:03:11.908272
EXCLUDED,10461,98,241,4,country,True,3,B_ZERO_AUTHORITATIVE_MATCH/ZM_MISSING_GENUINE_MEMBERSHIP,no active membership in authoritative round 3; winner never chosen,2026-05-31 00:03:17.883195,2026-05-31 00:03:17.862297,2026-05-31 00:03:17.862297
EXCLUDED,13259,98,253,21,country,True,3,B_ZERO_AUTHORITATIVE_MATCH/ZM_MISSING_GENUINE_MEMBERSHIP,no active membership in authoritative round 3; winner never chosen,2026-06-30 00:20:13.953810,2026-06-30 00:20:13.930849,2026-06-30 00:20:13.930849
EXCLUDED,15064,98,255,26,country,True,3,B_ZERO_AUTHORITATIVE_MATCH/ZM_MISSING_GENUINE_MEMBERSHIP,no active membership in authoritative round 3; winner never chosen,2026-07-31 00:04:54.650464,2026-07-31 00:04:54.616241,2026-07-31 00:04:54.616241
EXCLUDED,18320,98,257,27,country,True,3,B_ZERO_AUTHORITATIVE_MATCH/ZM_MISSING_GENUINE_MEMBERSHIP,no active membership in authoritative round 3; winner never chosen,2026-09-03 12:08:38.790239,2026-09-03 12:08:38.756019,2026-09-03 12:08:38.756019
EXCLUDED,5247,102,249,1,continent,True,3,B_ZERO_AUTHORITATIVE_MATCH/ZM_MISSING_GENUINE_MEMBERSHIP,no active membership in authoritative round 3; winner never chosen,2026-05-31 01:03:07.967843,2026-05-01 13:32:07.947873,2026-05-31 01:03:07.932301
EXCLUDED,10033,102,252,2,continent,True,3,B_ZERO_AUTHORITATIVE_MATCH/ZM_MISSING_GENUINE_MEMBERSHIP,no active membership in authoritative round 3; winner never chosen,2026-05-31 00:03:12.010942,2026-05-31 00:03:11.991065,2026-05-31 00:03:11.991065
EXCLUDED,10462,102,241,4,country,True,3,B_ZERO_AUTHORITATIVE_MATCH/ZM_MISSING_GENUINE_MEMBERSHIP,no active membership in authoritative round 3; winner never chosen,2026-05-31 00:03:17.912324,2026-05-31 00:03:17.890305,2026-05-31 00:03:17.890305
EXCLUDED,13260,102,253,21,country,True,3,B_ZERO_AUTHORITATIVE_MATCH/ZM_MISSING_GENUINE_MEMBERSHIP,no active membership in authoritative round 3; winner never chosen,2026-06-30 00:20:13.985289,2026-06-30 00:20:13.960642,2026-06-30 00:20:13.960642
EXCLUDED,15065,102,255,26,country,True,3,B_ZERO_AUTHORITATIVE_MATCH/ZM_MISSING_GENUINE_MEMBERSHIP,no active membership in authoritative round 3; winner never chosen,2026-07-31 00:04:54.698110,2026-07-31 00:04:54.662788,2026-07-31 00:04:54.662788
EXCLUDED,18321,102,257,27,country,True,3,B_ZERO_AUTHORITATIVE_MATCH/ZM_MISSING_GENUINE_MEMBERSHIP,no active membership in authoritative round 3; winner never chosen,2026-09-03 12:08:38.835813,2026-09-03 12:08:38.804529,2026-09-03 12:08:38.804529
EXCLUDED,8569,108,249,1,continent,True,3,B_ZERO_AUTHORITATIVE_MATCH/ZM_MISSING_GENUINE_MEMBERSHIP,no active membership in authoritative round 3; winner never chosen,2026-05-31 01:03:08.105566,2026-05-02 01:35:12.541610,2026-05-31 01:03:08.085783
EXCLUDED,10049,108,252,2,continent,True,3,B_ZERO_AUTHORITATIVE_MATCH/ZM_MISSING_GENUINE_MEMBERSHIP,no active membership in authoritative round 3; winner never chosen,2026-05-31 00:03:12.132298,2026-05-31 00:03:12.112644,2026-05-31 00:03:12.112644
EXCLUDED,10463,108,241,4,country,True,3,B_ZERO_AUTHORITATIVE_MATCH/ZM_MISSING_GENUINE_MEMBERSHIP,no active membership in authoritative round 3; winner never chosen,2026-05-31 00:03:17.941490,2026-05-31 00:03:17.919391,2026-05-31 00:03:17.919391
EXCLUDED,13261,108,253,21,country,True,3,B_ZERO_AUTHORITATIVE_MATCH/ZM_MISSING_GENUINE_MEMBERSHIP,no active membership in authoritative round 3; winner never chosen,2026-06-30 00:20:14.014845,2026-06-30 00:20:13.992001,2026-06-30 00:20:13.992001
EXCLUDED,15066,108,255,26,country,True,3,B_ZERO_AUTHORITATIVE_MATCH/ZM_MISSING_GENUINE_MEMBERSHIP,no active membership in authoritative round 3; winner never chosen,2026-07-31 00:04:54.744234,2026-07-31 00:04:54.710160,2026-07-31 00:04:54.710160
EXCLUDED,18322,108,257,27,country,True,3,B_ZERO_AUTHORITATIVE_MATCH/ZM_MISSING_GENUINE_MEMBERSHIP,no active membership in authoritative round 3; winner never chosen,2026-09-03 12:08:38.902166,2026-09-03 12:08:38.862331,2026-09-03 12:08:38.862331
EXCLUDED,8571,112,249,1,continent,True,3,B_ZERO_AUTHORITATIVE_MATCH/ZM_MISSING_GENUINE_MEMBERSHIP,no active membership in authoritative round 3; winner never chosen,2026-05-31 01:03:08.172547,2026-05-02 01:35:12.594040,2026-05-31 01:03:08.151137
EXCLUDED,10051,112,252,2,continent,True,3,B_ZERO_AUTHORITATIVE_MATCH/ZM_MISSING_GENUINE_MEMBERSHIP,no active membership in authoritative round 3; winner never chosen,2026-05-31 00:03:12.191798,2026-05-31 00:03:12.170349,2026-05-31 00:03:12.170349
EXCLUDED,10464,112,241,4,country,True,3,B_ZERO_AUTHORITATIVE_MATCH/ZM_MISSING_GENUINE_MEMBERSHIP,no active membership in authoritative round 3; winner never chosen,2026-05-31 00:03:17.967993,2026-05-31 00:03:17.948726,2026-05-31 00:03:17.948726
EXCLUDED,13262,112,253,21,country,True,3,B_ZERO_AUTHORITATIVE_MATCH/ZM_MISSING_GENUINE_MEMBERSHIP,no active membership in authoritative round 3; winner never chosen,2026-06-30 00:20:14.046069,2026-06-30 00:20:14.022892,2026-06-30 00:20:14.022892
EXCLUDED,15067,112,255,26,country,True,3,B_ZERO_AUTHORITATIVE_MATCH/ZM_MISSING_GENUINE_MEMBERSHIP,no active membership in authoritative round 3; winner never chosen,2026-07-31 00:04:54.791655,2026-07-31 00:04:54.757791,2026-07-31 00:04:54.757791
EXCLUDED,18323,112,257,27,country,True,3,B_ZERO_AUTHORITATIVE_MATCH/ZM_MISSING_GENUINE_MEMBERSHIP,no active membership in authoritative round 3; winner never chosen,2026-09-03 12:08:38.957359,2026-09-03 12:08:38.927773,2026-09-03 12:08:38.927773
EXCLUDED,8572,114,249,1,continent,True,3,B_ZERO_AUTHORITATIVE_MATCH/ZM_MISSING_GENUINE_MEMBERSHIP,no active membership in authoritative round 3; winner never chosen,2026-05-31 01:03:08.214950,2026-05-02 01:35:12.619785,2026-05-31 01:03:08.181027
EXCLUDED,10052,114,252,2,continent,True,3,B_ZERO_AUTHORITATIVE_MATCH/ZM_MISSING_GENUINE_MEMBERSHIP,no active membership in authoritative round 3; winner never chosen,2026-05-31 00:03:12.217775,2026-05-31 00:03:12.199027,2026-05-31 00:03:12.199027
EXCLUDED,10465,114,241,4,country,True,3,B_ZERO_AUTHORITATIVE_MATCH/ZM_MISSING_GENUINE_MEMBERSHIP,no active membership in authoritative round 3; winner never chosen,2026-05-31 00:03:17.993797,2026-05-31 00:03:17.974604,2026-05-31 00:03:17.974604
EXCLUDED,13263,114,253,21,country,True,3,B_ZERO_AUTHORITATIVE_MATCH/ZM_MISSING_GENUINE_MEMBERSHIP,no active membership in authoritative round 3; winner never chosen,2026-06-30 00:20:14.079753,2026-06-30 00:20:14.053497,2026-06-30 00:20:14.053497
EXCLUDED,15068,114,255,26,country,True,3,B_ZERO_AUTHORITATIVE_MATCH/ZM_MISSING_GENUINE_MEMBERSHIP,no active membership in authoritative round 3; winner never chosen,2026-07-31 00:04:54.836713,2026-07-31 00:04:54.803456,2026-07-31 00:04:54.803456
EXCLUDED,18324,114,257,27,country,True,3,B_ZERO_AUTHORITATIVE_MATCH/ZM_MISSING_GENUINE_MEMBERSHIP,no active membership in authoritative round 3; winner never chosen,2026-09-03 12:08:39.021478,2026-09-03 12:08:38.973998,2026-09-03 12:08:38.973998
EXCLUDED,8591,118,249,1,continent,True,3,B_ZERO_AUTHORITATIVE_MATCH/ZM_MISSING_GENUINE_MEMBERSHIP,no active membership in authoritative round 3; winner never chosen,2026-05-31 01:03:08.296087,2026-05-02 01:35:12.732181,2026-05-31 01:03:08.276471
EXCLUDED,10073,118,252,2,continent,True,3,B_ZERO_AUTHORITATIVE_MATCH/ZM_MISSING_GENUINE_MEMBERSHIP,no active membership in authoritative round 3; winner never chosen,2026-05-31 00:03:12.342542,2026-05-31 00:03:12.322642,2026-05-31 00:03:12.322642
EXCLUDED,10466,118,241,4,country,True,3,B_ZERO_AUTHORITATIVE_MATCH/ZM_MISSING_GENUINE_MEMBERSHIP,no active membership in authoritative round 3; winner never chosen,2026-05-31 00:03:18.019739,2026-05-31 00:03:17.999946,2026-05-31 00:03:17.999946
EXCLUDED,13264,118,253,21,country,True,3,B_ZERO_AUTHORITATIVE_MATCH/ZM_MISSING_GENUINE_MEMBERSHIP,no active membership in authoritative round 3; winner never chosen,2026-06-30 00:20:14.115266,2026-06-30 00:20:14.087037,2026-06-30 00:20:14.087037
EXCLUDED,15069,118,255,26,country,True,3,B_ZERO_AUTHORITATIVE_MATCH/ZM_MISSING_GENUINE_MEMBERSHIP,no active membership in authoritative round 3; winner never chosen,2026-07-31 00:04:54.879282,2026-07-31 00:04:54.846723,2026-07-31 00:04:54.846723
EXCLUDED,18325,118,257,27,country,True,3,B_ZERO_AUTHORITATIVE_MATCH/ZM_MISSING_GENUINE_MEMBERSHIP,no active membership in authoritative round 3; winner never chosen,2026-09-03 12:08:39.089258,2026-09-03 12:08:39.045287,2026-09-03 12:08:39.045287
EXCLUDED,8608,122,249,1,continent,True,3,B_ZERO_AUTHORITATIVE_MATCH/ZM_MISSING_GENUINE_MEMBERSHIP,no active membership in authoritative round 3; winner never chosen,2026-05-31 01:03:08.366504,2026-05-02 01:35:12.824152,2026-05-31 01:03:08.345033
EXCLUDED,10096,122,252,2,continent,True,3,B_ZERO_AUTHORITATIVE_MATCH/ZM_MISSING_GENUINE_MEMBERSHIP,no active membership in authoritative round 3; winner never chosen,2026-05-31 00:03:12.459075,2026-05-31 00:03:12.438623,2026-05-31 00:03:12.438623
EXCLUDED,10467,122,241,4,country,True,3,B_ZERO_AUTHORITATIVE_MATCH/ZM_MISSING_GENUINE_MEMBERSHIP,no active membership in authoritative round 3; winner never chosen,2026-05-31 00:03:18.045665,2026-05-31 00:03:18.025717,2026-05-31 00:03:18.025717
EXCLUDED,13265,122,253,21,country,True,3,B_ZERO_AUTHORITATIVE_MATCH/ZM_MISSING_GENUINE_MEMBERSHIP,no active membership in authoritative round 3; winner never chosen,2026-06-30 00:20:14.145617,2026-06-30 00:20:14.122694,2026-06-30 00:20:14.122694
EXCLUDED,15070,122,255,26,country,True,3,B_ZERO_AUTHORITATIVE_MATCH/ZM_MISSING_GENUINE_MEMBERSHIP,no active membership in authoritative round 3; winner never chosen,2026-07-31 00:04:54.917005,2026-07-31 00:04:54.887667,2026-07-31 00:04:54.887667
EXCLUDED,18326,122,257,27,country,True,3,B_ZERO_AUTHORITATIVE_MATCH/ZM_MISSING_GENUINE_MEMBERSHIP,no active membership in authoritative round 3; winner never chosen,2026-09-03 12:08:39.146177,2026-09-03 12:08:39.110172,2026-09-03 12:08:39.110172
EXCLUDED,8625,128,249,1,continent,True,3,B_ZERO_AUTHORITATIVE_MATCH/ZM_MISSING_GENUINE_MEMBERSHIP,no active membership in authoritative round 3; winner never chosen,2026-05-31 01:03:08.498853,2026-05-02 01:35:12.947201,2026-05-31 01:03:08.479059
EXCLUDED,10112,128,252,2,continent,True,3,B_ZERO_AUTHORITATIVE_MATCH/ZM_MISSING_GENUINE_MEMBERSHIP,no active membership in authoritative round 3; winner never chosen,2026-05-31 00:03:12.591871,2026-05-31 00:03:12.572130,2026-05-31 00:03:12.572130
EXCLUDED,10468,128,241,4,country,True,3,B_ZERO_AUTHORITATIVE_MATCH/ZM_MISSING_GENUINE_MEMBERSHIP,no active membership in authoritative round 3; winner never chosen,2026-05-31 00:03:18.073570,2026-05-31 00:03:18.052908,2026-05-31 00:03:18.052908
EXCLUDED,13266,128,253,21,country,True,3,B_ZERO_AUTHORITATIVE_MATCH/ZM_MISSING_GENUINE_MEMBERSHIP,no active membership in authoritative round 3; winner never chosen,2026-06-30 00:20:14.173901,2026-06-30 00:20:14.152013,2026-06-30 00:20:14.152013
EXCLUDED,15071,128,255,26,country,True,3,B_ZERO_AUTHORITATIVE_MATCH/ZM_MISSING_GENUINE_MEMBERSHIP,no active membership in authoritative round 3; winner never chosen,2026-07-31 00:04:54.954773,2026-07-31 00:04:54.926886,2026-07-31 00:04:54.926886
EXCLUDED,18327,128,257,27,country,True,3,B_ZERO_AUTHORITATIVE_MATCH/ZM_MISSING_GENUINE_MEMBERSHIP,no active membership in authoritative round 3; winner never chosen,2026-09-03 12:08:39.188538,2026-09-03 12:08:39.156671,2026-09-03 12:08:39.156671
EXCLUDED,8626,130,249,1,continent,True,3,B_ZERO_AUTHORITATIVE_MATCH/ZM_MISSING_GENUINE_MEMBERSHIP,no active membership in authoritative round 3; winner never chosen,2026-05-31 01:03:08.529964,2026-05-02 01:35:12.974420,2026-05-31 01:03:08.506554
EXCLUDED,10113,130,252,2,continent,True,3,B_ZERO_AUTHORITATIVE_MATCH/ZM_MISSING_GENUINE_MEMBERSHIP,no active membership in authoritative round 3; winner never chosen,2026-05-31 00:03:12.617466,2026-05-31 00:03:12.598423,2026-05-31 00:03:12.598423
EXCLUDED,10469,130,241,4,country,True,3,B_ZERO_AUTHORITATIVE_MATCH/ZM_MISSING_GENUINE_MEMBERSHIP,no active membership in authoritative round 3; winner never chosen,2026-05-31 00:03:18.101384,2026-05-31 00:03:18.080071,2026-05-31 00:03:18.080071
EXCLUDED,13267,130,253,21,country,True,3,B_ZERO_AUTHORITATIVE_MATCH/ZM_MISSING_GENUINE_MEMBERSHIP,no active membership in authoritative round 3; winner never chosen,2026-06-30 00:20:14.203335,2026-06-30 00:20:14.181005,2026-06-30 00:20:14.181005
EXCLUDED,15072,130,255,26,country,True,3,B_ZERO_AUTHORITATIVE_MATCH/ZM_MISSING_GENUINE_MEMBERSHIP,no active membership in authoritative round 3; winner never chosen,2026-07-31 00:04:54.994736,2026-07-31 00:04:54.964490,2026-07-31 00:04:54.964490
EXCLUDED,18328,130,257,27,country,True,3,B_ZERO_AUTHORITATIVE_MATCH/ZM_MISSING_GENUINE_MEMBERSHIP,no active membership in authoritative round 3; winner never chosen,2026-09-03 12:08:39.258824,2026-09-03 12:08:39.207216,2026-09-03 12:08:39.207216
EXCLUDED,8635,134,249,1,continent,True,3,B_ZERO_AUTHORITATIVE_MATCH/ZM_MISSING_GENUINE_MEMBERSHIP,no active membership in authoritative round 3; winner never chosen,2026-05-31 01:03:08.618098,2026-05-02 01:35:13.050816,2026-05-31 01:03:08.595497
EXCLUDED,10122,134,252,2,continent,True,3,B_ZERO_AUTHORITATIVE_MATCH/ZM_MISSING_GENUINE_MEMBERSHIP,no active membership in authoritative round 3; winner never chosen,2026-05-31 00:03:12.701439,2026-05-31 00:03:12.680470,2026-05-31 00:03:12.680470
EXCLUDED,10470,134,241,4,country,True,3,B_ZERO_AUTHORITATIVE_MATCH/ZM_MISSING_GENUINE_MEMBERSHIP,no active membership in authoritative round 3; winner never chosen,2026-05-31 00:03:18.128685,2026-05-31 00:03:18.108037,2026-05-31 00:03:18.108037
EXCLUDED,13268,134,253,21,country,True,3,B_ZERO_AUTHORITATIVE_MATCH/ZM_MISSING_GENUINE_MEMBERSHIP,no active membership in authoritative round 3; winner never chosen,2026-06-30 00:20:14.233126,2026-06-30 00:20:14.211212,2026-06-30 00:20:14.211212
EXCLUDED,15073,134,255,26,country,True,3,B_ZERO_AUTHORITATIVE_MATCH/ZM_MISSING_GENUINE_MEMBERSHIP,no active membership in authoritative round 3; winner never chosen,2026-07-31 00:04:55.043806,2026-07-31 00:04:55.006008,2026-07-31 00:04:55.006008
EXCLUDED,18329,134,257,27,country,True,3,B_ZERO_AUTHORITATIVE_MATCH/ZM_MISSING_GENUINE_MEMBERSHIP,no active membership in authoritative round 3; winner never chosen,2026-09-03 12:08:39.335502,2026-09-03 12:08:39.287564,2026-09-03 12:08:39.287564
EXCLUDED,8644,138,249,1,continent,True,3,B_ZERO_AUTHORITATIVE_MATCH/ZM_MISSING_GENUINE_MEMBERSHIP,no active membership in authoritative round 3; winner never chosen,2026-05-31 01:03:08.700894,2026-05-02 01:35:13.118971,2026-05-31 01:03:08.674368
EXCLUDED,10130,138,252,2,continent,True,3,B_ZERO_AUTHORITATIVE_MATCH/ZM_MISSING_GENUINE_MEMBERSHIP,no active membership in authoritative round 3; winner never chosen,2026-05-31 00:03:12.778660,2026-05-31 00:03:12.756503,2026-05-31 00:03:12.756503
EXCLUDED,10471,138,241,4,country,True,3,B_ZERO_AUTHORITATIVE_MATCH/ZM_MISSING_GENUINE_MEMBERSHIP,no active membership in authoritative round 3; winner never chosen,2026-05-31 00:03:18.160702,2026-05-31 00:03:18.135873,2026-05-31 00:03:18.135873
EXCLUDED,13269,138,253,21,country,True,3,B_ZERO_AUTHORITATIVE_MATCH/ZM_MISSING_GENUINE_MEMBERSHIP,no active membership in authoritative round 3; winner never chosen,2026-06-30 00:20:14.264284,2026-06-30 00:20:14.239809,2026-06-30 00:20:14.239809
EXCLUDED,15074,138,255,26,country,True,3,B_ZERO_AUTHORITATIVE_MATCH/ZM_MISSING_GENUINE_MEMBERSHIP,no active membership in authoritative round 3; winner never chosen,2026-07-31 00:04:55.085883,2026-07-31 00:04:55.055945,2026-07-31 00:04:55.055945
EXCLUDED,18330,138,257,27,country,True,3,B_ZERO_AUTHORITATIVE_MATCH/ZM_MISSING_GENUINE_MEMBERSHIP,no active membership in authoritative round 3; winner never chosen,2026-09-03 12:08:39.397167,2026-09-03 12:08:39.359204,2026-09-03 12:08:39.359204
EXCLUDED,8648,142,249,1,continent,True,3,B_ZERO_AUTHORITATIVE_MATCH/ZM_MISSING_GENUINE_MEMBERSHIP,no active membership in authoritative round 3; winner never chosen,2026-05-31 01:03:08.783971,2026-05-02 01:35:13.174849,2026-05-31 01:03:08.756044
EXCLUDED,10134,142,252,2,continent,True,3,B_ZERO_AUTHORITATIVE_MATCH/ZM_MISSING_GENUINE_MEMBERSHIP,no active membership in authoritative round 3; winner never chosen,2026-05-31 00:03:12.846068,2026-05-31 00:03:12.823033,2026-05-31 00:03:12.823033
EXCLUDED,4294,142,241,4,country,True,3,B_ZERO_AUTHORITATIVE_MATCH/ZM_MISSING_GENUINE_MEMBERSHIP,no active membership in authoritative round 3; winner never chosen,2026-05-01 00:04:13.592867,2026-05-01 00:04:13.586283,2026-05-01 00:04:13.586283
EXCLUDED,13270,142,253,21,country,True,3,B_ZERO_AUTHORITATIVE_MATCH/ZM_MISSING_GENUINE_MEMBERSHIP,no active membership in authoritative round 3; winner never chosen,2026-06-30 00:20:14.295095,2026-06-30 00:20:14.271559,2026-06-30 00:20:14.271559
EXCLUDED,15075,142,255,26,country,True,3,B_ZERO_AUTHORITATIVE_MATCH/ZM_MISSING_GENUINE_MEMBERSHIP,no active membership in authoritative round 3; winner never chosen,2026-07-31 00:04:55.120810,2026-07-31 00:04:55.094236,2026-07-31 00:04:55.094236
EXCLUDED,18331,142,257,27,country,True,3,B_ZERO_AUTHORITATIVE_MATCH/ZM_MISSING_GENUINE_MEMBERSHIP,no active membership in authoritative round 3; winner never chosen,2026-09-03 12:08:39.460243,2026-09-03 12:08:39.421478,2026-09-03 12:08:39.421478
EXCLUDED,8650,146,249,1,continent,True,3,B_ZERO_AUTHORITATIVE_MATCH/ZM_MISSING_GENUINE_MEMBERSHIP,no active membership in authoritative round 3; winner never chosen,2026-05-31 01:03:08.842795,2026-05-02 01:35:13.226915,2026-05-31 01:03:08.819407
EXCLUDED,10136,146,252,2,continent,True,3,B_ZERO_AUTHORITATIVE_MATCH/ZM_MISSING_GENUINE_MEMBERSHIP,no active membership in authoritative round 3; winner never chosen,2026-05-31 00:03:12.905952,2026-05-31 00:03:12.884311,2026-05-31 00:03:12.884311
EXCLUDED,10472,146,241,4,country,True,3,B_ZERO_AUTHORITATIVE_MATCH/ZM_MISSING_GENUINE_MEMBERSHIP,no active membership in authoritative round 3; winner never chosen,2026-05-31 00:03:18.189533,2026-05-31 00:03:18.167279,2026-05-31 00:03:18.167279
EXCLUDED,13271,146,253,21,country,True,3,B_ZERO_AUTHORITATIVE_MATCH/ZM_MISSING_GENUINE_MEMBERSHIP,no active membership in authoritative round 3; winner never chosen,2026-06-30 00:20:14.326110,2026-06-30 00:20:14.303278,2026-06-30 00:20:14.303278
EXCLUDED,15076,146,255,26,country,True,3,B_ZERO_AUTHORITATIVE_MATCH/ZM_MISSING_GENUINE_MEMBERSHIP,no active membership in authoritative round 3; winner never chosen,2026-07-31 00:04:55.157790,2026-07-31 00:04:55.130565,2026-07-31 00:04:55.130565
EXCLUDED,18332,146,257,27,country,True,3,B_ZERO_AUTHORITATIVE_MATCH/ZM_MISSING_GENUINE_MEMBERSHIP,no active membership in authoritative round 3; winner never chosen,2026-09-03 12:08:39.525483,2026-09-03 12:08:39.485769,2026-09-03 12:08:39.485769
EXCLUDED,8652,150,249,1,continent,True,3,B_ZERO_AUTHORITATIVE_MATCH/ZM_MISSING_GENUINE_MEMBERSHIP,no active membership in authoritative round 3; winner never chosen,2026-05-31 01:03:08.896898,2026-05-02 01:35:13.286545,2026-05-31 01:03:08.876189
EXCLUDED,10138,150,252,2,continent,True,3,B_ZERO_AUTHORITATIVE_MATCH/ZM_MISSING_GENUINE_MEMBERSHIP,no active membership in authoritative round 3; winner never chosen,2026-05-31 00:03:12.968038,2026-05-31 00:03:12.943436,2026-05-31 00:03:12.943436
EXCLUDED,10473,150,241,4,country,True,3,B_ZERO_AUTHORITATIVE_MATCH/ZM_MISSING_GENUINE_MEMBERSHIP,no active membership in authoritative round 3; winner never chosen,2026-05-31 00:03:18.216615,2026-05-31 00:03:18.196900,2026-05-31 00:03:18.196900
EXCLUDED,13272,150,253,21,country,True,3,B_ZERO_AUTHORITATIVE_MATCH/ZM_MISSING_GENUINE_MEMBERSHIP,no active membership in authoritative round 3; winner never chosen,2026-06-30 00:20:14.357375,2026-06-30 00:20:14.333322,2026-06-30 00:20:14.333322
EXCLUDED,15077,150,255,26,country,True,3,B_ZERO_AUTHORITATIVE_MATCH/ZM_MISSING_GENUINE_MEMBERSHIP,no active membership in authoritative round 3; winner never chosen,2026-07-31 00:04:55.207163,2026-07-31 00:04:55.169999,2026-07-31 00:04:55.169999
EXCLUDED,18333,150,257,27,country,True,3,B_ZERO_AUTHORITATIVE_MATCH/ZM_MISSING_GENUINE_MEMBERSHIP,no active membership in authoritative round 3; winner never chosen,2026-09-03 12:08:39.592330,2026-09-03 12:08:39.551615,2026-09-03 12:08:39.551615
EXCLUDED,8654,154,249,1,continent,True,3,B_ZERO_AUTHORITATIVE_MATCH/ZM_MISSING_GENUINE_MEMBERSHIP,no active membership in authoritative round 3; winner never chosen,2026-05-31 01:03:08.946952,2026-05-02 01:35:13.337872,2026-05-31 01:03:08.928176
EXCLUDED,10140,154,252,2,continent,True,3,B_ZERO_AUTHORITATIVE_MATCH/ZM_MISSING_GENUINE_MEMBERSHIP,no active membership in authoritative round 3; winner never chosen,2026-05-31 00:03:13.025100,2026-05-31 00:03:13.004877,2026-05-31 00:03:13.004877
EXCLUDED,10474,154,241,4,country,True,3,B_ZERO_AUTHORITATIVE_MATCH/ZM_MISSING_GENUINE_MEMBERSHIP,no active membership in authoritative round 3; winner never chosen,2026-05-31 00:03:18.243178,2026-05-31 00:03:18.223537,2026-05-31 00:03:18.223537
EXCLUDED,13273,154,253,21,country,True,3,B_ZERO_AUTHORITATIVE_MATCH/ZM_MISSING_GENUINE_MEMBERSHIP,no active membership in authoritative round 3; winner never chosen,2026-06-30 00:20:14.387788,2026-06-30 00:20:14.364879,2026-06-30 00:20:14.364879
EXCLUDED,15078,154,255,26,country,True,3,B_ZERO_AUTHORITATIVE_MATCH/ZM_MISSING_GENUINE_MEMBERSHIP,no active membership in authoritative round 3; winner never chosen,2026-07-31 00:04:55.246078,2026-07-31 00:04:55.216988,2026-07-31 00:04:55.216988
EXCLUDED,18334,154,257,27,country,True,3,B_ZERO_AUTHORITATIVE_MATCH/ZM_MISSING_GENUINE_MEMBERSHIP,no active membership in authoritative round 3; winner never chosen,2026-09-03 12:08:39.653063,2026-09-03 12:08:39.610864,2026-09-03 12:08:39.610864
EXCLUDED,8656,158,249,1,continent,True,3,B_ZERO_AUTHORITATIVE_MATCH/ZM_MISSING_GENUINE_MEMBERSHIP,no active membership in authoritative round 3; winner never chosen,2026-05-31 01:03:09.002706,2026-05-02 01:35:13.384365,2026-05-31 01:03:08.981854
EXCLUDED,10142,158,252,2,continent,True,3,B_ZERO_AUTHORITATIVE_MATCH/ZM_MISSING_GENUINE_MEMBERSHIP,no active membership in authoritative round 3; winner never chosen,2026-05-31 00:03:13.080165,2026-05-31 00:03:13.060567,2026-05-31 00:03:13.060567
EXCLUDED,10475,158,241,4,country,True,3,B_ZERO_AUTHORITATIVE_MATCH/ZM_MISSING_GENUINE_MEMBERSHIP,no active membership in authoritative round 3; winner never chosen,2026-05-31 00:03:18.269298,2026-05-31 00:03:18.249643,2026-05-31 00:03:18.249643
EXCLUDED,13274,158,253,21,country,True,3,B_ZERO_AUTHORITATIVE_MATCH/ZM_MISSING_GENUINE_MEMBERSHIP,no active membership in authoritative round 3; winner never chosen,2026-06-30 00:20:14.420657,2026-06-30 00:20:14.394651,2026-06-30 00:20:14.394651
EXCLUDED,15079,158,255,26,country,True,3,B_ZERO_AUTHORITATIVE_MATCH/ZM_MISSING_GENUINE_MEMBERSHIP,no active membership in authoritative round 3; winner never chosen,2026-07-31 00:04:55.286944,2026-07-31 00:04:55.255694,2026-07-31 00:04:55.255694
EXCLUDED,18335,158,257,27,country,True,3,B_ZERO_AUTHORITATIVE_MATCH/ZM_MISSING_GENUINE_MEMBERSHIP,no active membership in authoritative round 3; winner never chosen,2026-09-03 12:08:39.721464,2026-09-03 12:08:39.676111,2026-09-03 12:08:39.676111
EXCLUDED,8660,162,249,1,continent,True,3,B_ZERO_AUTHORITATIVE_MATCH/ZM_MISSING_GENUINE_MEMBERSHIP,no active membership in authoritative round 3; winner never chosen,2026-05-31 01:03:09.067507,2026-05-02 01:35:13.436809,2026-05-31 01:03:09.045655
EXCLUDED,10146,162,252,2,continent,True,3,B_ZERO_AUTHORITATIVE_MATCH/ZM_MISSING_GENUINE_MEMBERSHIP,no active membership in authoritative round 3; winner never chosen,2026-05-31 00:03:13.146579,2026-05-31 00:03:13.125957,2026-05-31 00:03:13.125957
EXCLUDED,10476,162,241,4,country,True,3,B_ZERO_AUTHORITATIVE_MATCH/ZM_MISSING_GENUINE_MEMBERSHIP,no active membership in authoritative round 3; winner never chosen,2026-05-31 00:03:18.294152,2026-05-31 00:03:18.275183,2026-05-31 00:03:18.275183
EXCLUDED,13275,162,253,21,country,True,3,B_ZERO_AUTHORITATIVE_MATCH/ZM_MISSING_GENUINE_MEMBERSHIP,no active membership in authoritative round 3; winner never chosen,2026-06-30 00:20:14.454880,2026-06-30 00:20:14.429996,2026-06-30 00:20:14.429996
EXCLUDED,15080,162,255,26,country,True,3,B_ZERO_AUTHORITATIVE_MATCH/ZM_MISSING_GENUINE_MEMBERSHIP,no active membership in authoritative round 3; winner never chosen,2026-07-31 00:04:55.342963,2026-07-31 00:04:55.299041,2026-07-31 00:04:55.299041
EXCLUDED,18336,162,257,27,country,True,3,B_ZERO_AUTHORITATIVE_MATCH/ZM_MISSING_GENUINE_MEMBERSHIP,no active membership in authoritative round 3; winner never chosen,2026-09-03 12:08:39.794054,2026-09-03 12:08:39.742860,2026-09-03 12:08:39.742860
EXCLUDED,8664,168,249,1,continent,True,3,B_ZERO_AUTHORITATIVE_MATCH/ZM_MISSING_GENUINE_MEMBERSHIP,no active membership in authoritative round 3; winner never chosen,2026-05-31 01:03:09.150234,2026-05-02 01:35:13.513000,2026-05-31 01:03:09.131148
EXCLUDED,10150,168,252,2,continent,True,3,B_ZERO_AUTHORITATIVE_MATCH/ZM_MISSING_GENUINE_MEMBERSHIP,no active membership in authoritative round 3; winner never chosen,2026-05-31 00:03:13.231183,2026-05-31 00:03:13.210463,2026-05-31 00:03:13.210463
EXCLUDED,10477,168,241,4,country,True,3,B_ZERO_AUTHORITATIVE_MATCH/ZM_MISSING_GENUINE_MEMBERSHIP,no active membership in authoritative round 3; winner never chosen,2026-05-31 00:03:18.320369,2026-05-31 00:03:18.301134,2026-05-31 00:03:18.301134
EXCLUDED,13276,168,253,21,country,True,3,B_ZERO_AUTHORITATIVE_MATCH/ZM_MISSING_GENUINE_MEMBERSHIP,no active membership in authoritative round 3; winner never chosen,2026-06-30 00:20:14.490144,2026-06-30 00:20:14.462344,2026-06-30 00:20:14.462344
EXCLUDED,15081,168,255,26,country,True,3,B_ZERO_AUTHORITATIVE_MATCH/ZM_MISSING_GENUINE_MEMBERSHIP,no active membership in authoritative round 3; winner never chosen,2026-07-31 00:04:55.382879,2026-07-31 00:04:55.352057,2026-07-31 00:04:55.352057
EXCLUDED,18337,168,257,27,country,True,3,B_ZERO_AUTHORITATIVE_MATCH/ZM_MISSING_GENUINE_MEMBERSHIP,no active membership in authoritative round 3; winner never chosen,2026-09-03 12:08:39.854732,2026-09-03 12:08:39.808351,2026-09-03 12:08:39.808351
EXCLUDED,8672,172,249,1,continent,True,3,B_ZERO_AUTHORITATIVE_MATCH/ZM_MISSING_GENUINE_MEMBERSHIP,no active membership in authoritative round 3; winner never chosen,2026-05-31 01:03:09.223348,2026-05-02 01:35:13.583118,2026-05-31 01:03:09.205481
EXCLUDED,10158,172,252,2,continent,True,3,B_ZERO_AUTHORITATIVE_MATCH/ZM_MISSING_GENUINE_MEMBERSHIP,no active membership in authoritative round 3; winner never chosen,2026-05-31 00:03:13.309171,2026-05-31 00:03:13.287262,2026-05-31 00:03:13.287262
EXCLUDED,10478,172,241,4,country,True,3,B_ZERO_AUTHORITATIVE_MATCH/ZM_MISSING_GENUINE_MEMBERSHIP,no active membership in authoritative round 3; winner never chosen,2026-05-31 00:03:18.349093,2026-05-31 00:03:18.327014,2026-05-31 00:03:18.327014
EXCLUDED,13277,172,253,21,country,True,3,B_ZERO_AUTHORITATIVE_MATCH/ZM_MISSING_GENUINE_MEMBERSHIP,no active membership in authoritative round 3; winner never chosen,2026-06-30 00:20:14.525188,2026-06-30 00:20:14.498489,2026-06-30 00:20:14.498489
EXCLUDED,15082,172,255,26,country,True,3,B_ZERO_AUTHORITATIVE_MATCH/ZM_MISSING_GENUINE_MEMBERSHIP,no active membership in authoritative round 3; winner never chosen,2026-07-31 00:04:55.435391,2026-07-31 00:04:55.393732,2026-07-31 00:04:55.393732
EXCLUDED,18338,172,257,27,country,True,3,B_ZERO_AUTHORITATIVE_MATCH/ZM_MISSING_GENUINE_MEMBERSHIP,no active membership in authoritative round 3; winner never chosen,2026-09-03 12:08:39.918945,2026-09-03 12:08:39.873898,2026-09-03 12:08:39.873898
EXCLUDED,8674,176,249,1,continent,True,3,B_ZERO_AUTHORITATIVE_MATCH/ZM_MISSING_GENUINE_MEMBERSHIP,no active membership in authoritative round 3; winner never chosen,2026-05-31 01:03:09.270177,2026-05-02 01:35:13.636012,2026-05-31 01:03:09.251479
EXCLUDED,10160,176,252,2,continent,True,3,B_ZERO_AUTHORITATIVE_MATCH/ZM_MISSING_GENUINE_MEMBERSHIP,no active membership in authoritative round 3; winner never chosen,2026-05-31 00:03:13.364938,2026-05-31 00:03:13.346717,2026-05-31 00:03:13.346717
EXCLUDED,4320,176,241,4,country,True,3,B_ZERO_AUTHORITATIVE_MATCH/ZM_MISSING_GENUINE_MEMBERSHIP,no active membership in authoritative round 3; winner never chosen,2026-05-01 00:04:13.836346,2026-05-01 00:04:13.829040,2026-05-01 00:04:13.829040
EXCLUDED,13278,176,253,21,country,True,3,B_ZERO_AUTHORITATIVE_MATCH/ZM_MISSING_GENUINE_MEMBERSHIP,no active membership in authoritative round 3; winner never chosen,2026-06-30 00:20:14.557674,2026-06-30 00:20:14.532759,2026-06-30 00:20:14.532759
EXCLUDED,15083,176,255,26,country,True,3,B_ZERO_AUTHORITATIVE_MATCH/ZM_MISSING_GENUINE_MEMBERSHIP,no active membership in authoritative round 3; winner never chosen,2026-07-31 00:04:55.476056,2026-07-31 00:04:55.445772,2026-07-31 00:04:55.445772
EXCLUDED,18339,176,257,27,country,True,3,B_ZERO_AUTHORITATIVE_MATCH/ZM_MISSING_GENUINE_MEMBERSHIP,no active membership in authoritative round 3; winner never chosen,2026-09-03 12:08:39.972590,2026-09-03 12:08:39.932280,2026-09-03 12:08:39.932280
EXCLUDED,8676,180,249,1,continent,True,3,B_ZERO_AUTHORITATIVE_MATCH/ZM_MISSING_GENUINE_MEMBERSHIP,no active membership in authoritative round 3; winner never chosen,2026-05-31 01:03:09.323388,2026-05-02 01:35:13.689103,2026-05-31 01:03:09.303631
EXCLUDED,10162,180,252,2,continent,True,3,B_ZERO_AUTHORITATIVE_MATCH/ZM_MISSING_GENUINE_MEMBERSHIP,no active membership in authoritative round 3; winner never chosen,2026-05-31 00:03:13.427063,2026-05-31 00:03:13.401104,2026-05-31 00:03:13.401104
EXCLUDED,10479,180,241,4,country,True,3,B_ZERO_AUTHORITATIVE_MATCH/ZM_MISSING_GENUINE_MEMBERSHIP,no active membership in authoritative round 3; winner never chosen,2026-05-31 00:03:18.378720,2026-05-31 00:03:18.355437,2026-05-31 00:03:18.355437
EXCLUDED,13279,180,253,21,country,True,3,B_ZERO_AUTHORITATIVE_MATCH/ZM_MISSING_GENUINE_MEMBERSHIP,no active membership in authoritative round 3; winner never chosen,2026-06-30 00:20:14.588468,2026-06-30 00:20:14.565393,2026-06-30 00:20:14.565393
EXCLUDED,15084,180,255,26,country,True,3,B_ZERO_AUTHORITATIVE_MATCH/ZM_MISSING_GENUINE_MEMBERSHIP,no active membership in authoritative round 3; winner never chosen,2026-07-31 00:04:55.512638,2026-07-31 00:04:55.486045,2026-07-31 00:04:55.486045
EXCLUDED,18340,180,257,27,country,True,3,B_ZERO_AUTHORITATIVE_MATCH/ZM_MISSING_GENUINE_MEMBERSHIP,no active membership in authoritative round 3; winner never chosen,2026-09-03 12:08:40.033936,2026-09-03 12:08:39.990027,2026-09-03 12:08:39.990027
EXCLUDED,8678,184,249,1,continent,True,3,B_ZERO_AUTHORITATIVE_MATCH/ZM_MISSING_GENUINE_MEMBERSHIP,no active membership in authoritative round 3; winner never chosen,2026-05-31 01:03:09.373147,2026-05-02 01:35:13.741050,2026-05-31 01:03:09.353364
EXCLUDED,10164,184,252,2,continent,True,3,B_ZERO_AUTHORITATIVE_MATCH/ZM_MISSING_GENUINE_MEMBERSHIP,no active membership in authoritative round 3; winner never chosen,2026-05-31 00:03:13.482735,2026-05-31 00:03:13.462937,2026-05-31 00:03:13.462937
EXCLUDED,10480,184,241,4,country,True,3,B_ZERO_AUTHORITATIVE_MATCH/ZM_MISSING_GENUINE_MEMBERSHIP,no active membership in authoritative round 3; winner never chosen,2026-05-31 00:03:18.409779,2026-05-31 00:03:18.386317,2026-05-31 00:03:18.386317
EXCLUDED,13280,184,253,21,country,True,3,B_ZERO_AUTHORITATIVE_MATCH/ZM_MISSING_GENUINE_MEMBERSHIP,no active membership in authoritative round 3; winner never chosen,2026-06-30 00:20:14.615163,2026-06-30 00:20:14.594783,2026-06-30 00:20:14.594783
EXCLUDED,15085,184,255,26,country,True,3,B_ZERO_AUTHORITATIVE_MATCH/ZM_MISSING_GENUINE_MEMBERSHIP,no active membership in authoritative round 3; winner never chosen,2026-07-31 00:04:55.548205,2026-07-31 00:04:55.522847,2026-07-31 00:04:55.522847
EXCLUDED,18341,184,257,27,country,True,3,B_ZERO_AUTHORITATIVE_MATCH/ZM_MISSING_GENUINE_MEMBERSHIP,no active membership in authoritative round 3; winner never chosen,2026-09-03 12:08:40.081419,2026-09-03 12:08:40.044538,2026-09-03 12:08:40.044538
EXCLUDED,8682,188,249,1,continent,True,3,B_ZERO_AUTHORITATIVE_MATCH/ZM_MISSING_GENUINE_MEMBERSHIP,no active membership in authoritative round 3; winner never chosen,2026-05-31 01:03:09.432444,2026-05-02 01:35:13.800580,2026-05-31 01:03:09.411421
EXCLUDED,10168,188,252,2,continent,True,3,B_ZERO_AUTHORITATIVE_MATCH/ZM_MISSING_GENUINE_MEMBERSHIP,no active membership in authoritative round 3; winner never chosen,2026-05-31 00:03:13.553188,2026-05-31 00:03:13.530973,2026-05-31 00:03:13.530973
EXCLUDED,10481,188,241,4,country,True,3,B_ZERO_AUTHORITATIVE_MATCH/ZM_MISSING_GENUINE_MEMBERSHIP,no active membership in authoritative round 3; winner never chosen,2026-05-31 00:03:18.439723,2026-05-31 00:03:18.417147,2026-05-31 00:03:18.417147
EXCLUDED,13281,188,253,21,country,True,3,B_ZERO_AUTHORITATIVE_MATCH/ZM_MISSING_GENUINE_MEMBERSHIP,no active membership in authoritative round 3; winner never chosen,2026-06-30 00:20:14.644312,2026-06-30 00:20:14.622329,2026-06-30 00:20:14.622329
EXCLUDED,15086,188,255,26,country,True,3,B_ZERO_AUTHORITATIVE_MATCH/ZM_MISSING_GENUINE_MEMBERSHIP,no active membership in authoritative round 3; winner never chosen,2026-07-31 00:04:55.582718,2026-07-31 00:04:55.556948,2026-07-31 00:04:55.556948
EXCLUDED,18342,188,257,27,country,True,3,B_ZERO_AUTHORITATIVE_MATCH/ZM_MISSING_GENUINE_MEMBERSHIP,no active membership in authoritative round 3; winner never chosen,2026-09-03 12:08:40.126209,2026-09-03 12:08:40.092770,2026-09-03 12:08:40.092770
EXCLUDED,8687,192,249,1,continent,True,3,B_ZERO_AUTHORITATIVE_MATCH/ZM_MISSING_GENUINE_MEMBERSHIP,no active membership in authoritative round 3; winner never chosen,2026-05-31 01:03:09.498063,2026-05-02 01:35:13.863731,2026-05-31 01:03:09.478405
EXCLUDED,10173,192,252,2,continent,True,3,B_ZERO_AUTHORITATIVE_MATCH/ZM_MISSING_GENUINE_MEMBERSHIP,no active membership in authoritative round 3; winner never chosen,2026-05-31 00:03:13.618875,2026-05-31 00:03:13.598440,2026-05-31 00:03:13.598440
EXCLUDED,10482,192,241,4,country,True,3,B_ZERO_AUTHORITATIVE_MATCH/ZM_MISSING_GENUINE_MEMBERSHIP,no active membership in authoritative round 3; winner never chosen,2026-05-31 00:03:18.470832,2026-05-31 00:03:18.447719,2026-05-31 00:03:18.447719
EXCLUDED,13282,192,253,21,country,True,3,B_ZERO_AUTHORITATIVE_MATCH/ZM_MISSING_GENUINE_MEMBERSHIP,no active membership in authoritative round 3; winner never chosen,2026-06-30 00:20:14.672228,2026-06-30 00:20:14.650024,2026-06-30 00:20:14.650024
EXCLUDED,15087,192,255,26,country,True,3,B_ZERO_AUTHORITATIVE_MATCH/ZM_MISSING_GENUINE_MEMBERSHIP,no active membership in authoritative round 3; winner never chosen,2026-07-31 00:04:55.619721,2026-07-31 00:04:55.591309,2026-07-31 00:04:55.591309
EXCLUDED,18343,192,257,27,country,True,3,B_ZERO_AUTHORITATIVE_MATCH/ZM_MISSING_GENUINE_MEMBERSHIP,no active membership in authoritative round 3; winner never chosen,2026-09-03 12:08:40.172574,2026-09-03 12:08:40.137014,2026-09-03 12:08:40.137014
EXCLUDED,8689,196,249,1,continent,True,3,B_ZERO_AUTHORITATIVE_MATCH/ZM_MISSING_GENUINE_MEMBERSHIP,no active membership in authoritative round 3; winner never chosen,2026-05-31 01:03:09.555628,2026-05-02 01:35:13.919741,2026-05-31 01:03:09.531832
EXCLUDED,10175,196,252,2,continent,True,3,B_ZERO_AUTHORITATIVE_MATCH/ZM_MISSING_GENUINE_MEMBERSHIP,no active membership in authoritative round 3; winner never chosen,2026-05-31 00:03:13.679300,2026-05-31 00:03:13.657417,2026-05-31 00:03:13.657417
EXCLUDED,10483,196,241,4,country,True,3,B_ZERO_AUTHORITATIVE_MATCH/ZM_MISSING_GENUINE_MEMBERSHIP,no active membership in authoritative round 3; winner never chosen,2026-05-31 00:03:18.500190,2026-05-31 00:03:18.478308,2026-05-31 00:03:18.478308
EXCLUDED,13283,196,253,21,country,True,3,B_ZERO_AUTHORITATIVE_MATCH/ZM_MISSING_GENUINE_MEMBERSHIP,no active membership in authoritative round 3; winner never chosen,2026-06-30 00:20:14.700708,2026-06-30 00:20:14.679474,2026-06-30 00:20:14.679474
EXCLUDED,15088,196,255,26,country,True,3,B_ZERO_AUTHORITATIVE_MATCH/ZM_MISSING_GENUINE_MEMBERSHIP,no active membership in authoritative round 3; winner never chosen,2026-07-31 00:04:55.657124,2026-07-31 00:04:55.628678,2026-07-31 00:04:55.628678
EXCLUDED,18344,196,257,27,country,True,3,B_ZERO_AUTHORITATIVE_MATCH/ZM_MISSING_GENUINE_MEMBERSHIP,no active membership in authoritative round 3; winner never chosen,2026-09-03 12:08:40.217747,2026-09-03 12:08:40.186248,2026-09-03 12:08:40.186248
EXCLUDED,8696,200,249,1,continent,True,3,B_ZERO_AUTHORITATIVE_MATCH/ZM_MISSING_GENUINE_MEMBERSHIP,no active membership in authoritative round 3; winner never chosen,2026-05-31 01:03:09.618140,2026-05-02 01:35:13.991702,2026-05-31 01:03:09.598187
EXCLUDED,10183,200,252,2,continent,True,3,B_ZERO_AUTHORITATIVE_MATCH/ZM_MISSING_GENUINE_MEMBERSHIP,no active membership in authoritative round 3; winner never chosen,2026-05-31 00:03:13.756808,2026-05-31 00:03:13.736176,2026-05-31 00:03:13.736176
EXCLUDED,10484,200,241,4,country,True,3,B_ZERO_AUTHORITATIVE_MATCH/ZM_MISSING_GENUINE_MEMBERSHIP,no active membership in authoritative round 3; winner never chosen,2026-05-31 00:03:18.526780,2026-05-31 00:03:18.507198,2026-05-31 00:03:18.507198
EXCLUDED,13284,200,253,21,country,True,3,B_ZERO_AUTHORITATIVE_MATCH/ZM_MISSING_GENUINE_MEMBERSHIP,no active membership in authoritative round 3; winner never chosen,2026-06-30 00:20:14.726561,2026-06-30 00:20:14.706548,2026-06-30 00:20:14.706548
EXCLUDED,15089,200,255,26,country,True,3,B_ZERO_AUTHORITATIVE_MATCH/ZM_MISSING_GENUINE_MEMBERSHIP,no active membership in authoritative round 3; winner never chosen,2026-07-31 00:04:55.692590,2026-07-31 00:04:55.665378,2026-07-31 00:04:55.665378
EXCLUDED,18345,200,257,27,country,True,3,B_ZERO_AUTHORITATIVE_MATCH/ZM_MISSING_GENUINE_MEMBERSHIP,no active membership in authoritative round 3; winner never chosen,2026-09-03 12:08:40.277675,2026-09-03 12:08:40.229281,2026-09-03 12:08:40.229281
EXCLUDED,8708,204,249,1,continent,True,3,B_ZERO_AUTHORITATIVE_MATCH/ZM_MISSING_GENUINE_MEMBERSHIP,no active membership in authoritative round 3; winner never chosen,2026-05-31 01:03:09.701947,2026-05-02 01:35:14.067656,2026-05-31 01:03:09.680556
EXCLUDED,10195,204,252,2,continent,True,3,B_ZERO_AUTHORITATIVE_MATCH/ZM_MISSING_GENUINE_MEMBERSHIP,no active membership in authoritative round 3; winner never chosen,2026-05-31 00:03:13.844793,2026-05-31 00:03:13.819960,2026-05-31 00:03:13.819960
EXCLUDED,10485,204,241,4,country,True,3,B_ZERO_AUTHORITATIVE_MATCH/ZM_MISSING_GENUINE_MEMBERSHIP,no active membership in authoritative round 3; winner never chosen,2026-05-31 00:03:18.557489,2026-05-31 00:03:18.533204,2026-05-31 00:03:18.533204
EXCLUDED,13285,204,253,21,country,True,3,B_ZERO_AUTHORITATIVE_MATCH/ZM_MISSING_GENUINE_MEMBERSHIP,no active membership in authoritative round 3; winner never chosen,2026-06-30 00:20:14.757255,2026-06-30 00:20:14.733174,2026-06-30 00:20:14.733174
EXCLUDED,15090,204,255,26,country,True,3,B_ZERO_AUTHORITATIVE_MATCH/ZM_MISSING_GENUINE_MEMBERSHIP,no active membership in authoritative round 3; winner never chosen,2026-07-31 00:04:55.732581,2026-07-31 00:04:55.703034,2026-07-31 00:04:55.703034
EXCLUDED,18346,204,257,27,country,True,3,B_ZERO_AUTHORITATIVE_MATCH/ZM_MISSING_GENUINE_MEMBERSHIP,no active membership in authoritative round 3; winner never chosen,2026-09-03 12:08:40.348525,2026-09-03 12:08:40.294780,2026-09-03 12:08:40.294780
EXCLUDED,8710,208,249,1,continent,True,3,B_ZERO_AUTHORITATIVE_MATCH/ZM_MISSING_GENUINE_MEMBERSHIP,no active membership in authoritative round 3; winner never chosen,2026-05-31 01:03:09.759257,2026-05-02 01:35:14.121421,2026-05-31 01:03:09.738661
EXCLUDED,10197,208,252,2,continent,True,3,B_ZERO_AUTHORITATIVE_MATCH/ZM_MISSING_GENUINE_MEMBERSHIP,no active membership in authoritative round 3; winner never chosen,2026-05-31 00:03:13.898736,2026-05-31 00:03:13.879778,2026-05-31 00:03:13.879778
EXCLUDED,10486,208,241,4,country,True,3,B_ZERO_AUTHORITATIVE_MATCH/ZM_MISSING_GENUINE_MEMBERSHIP,no active membership in authoritative round 3; winner never chosen,2026-05-31 00:03:18.588032,2026-05-31 00:03:18.564835,2026-05-31 00:03:18.564835
EXCLUDED,13286,208,253,21,country,True,3,B_ZERO_AUTHORITATIVE_MATCH/ZM_MISSING_GENUINE_MEMBERSHIP,no active membership in authoritative round 3; winner never chosen,2026-06-30 00:20:14.788389,2026-06-30 00:20:14.764119,2026-06-30 00:20:14.764119
EXCLUDED,15091,208,255,26,country,True,3,B_ZERO_AUTHORITATIVE_MATCH/ZM_MISSING_GENUINE_MEMBERSHIP,no active membership in authoritative round 3; winner never chosen,2026-07-31 00:04:55.771178,2026-07-31 00:04:55.742053,2026-07-31 00:04:55.742053
EXCLUDED,18347,208,257,27,country,True,3,B_ZERO_AUTHORITATIVE_MATCH/ZM_MISSING_GENUINE_MEMBERSHIP,no active membership in authoritative round 3; winner never chosen,2026-09-03 12:08:40.399225,2026-09-03 12:08:40.360472,2026-09-03 12:08:40.360472
EXCLUDED,8713,212,249,1,continent,True,3,B_ZERO_AUTHORITATIVE_MATCH/ZM_MISSING_GENUINE_MEMBERSHIP,no active membership in authoritative round 3; winner never chosen,2026-05-31 01:03:09.820601,2026-05-02 01:35:14.182682,2026-05-31 01:03:09.797559
EXCLUDED,10200,212,252,2,continent,True,3,B_ZERO_AUTHORITATIVE_MATCH/ZM_MISSING_GENUINE_MEMBERSHIP,no active membership in authoritative round 3; winner never chosen,2026-05-31 00:03:13.966060,2026-05-31 00:03:13.942174,2026-05-31 00:03:13.942174
EXCLUDED,10487,212,241,4,country,True,3,B_ZERO_AUTHORITATIVE_MATCH/ZM_MISSING_GENUINE_MEMBERSHIP,no active membership in authoritative round 3; winner never chosen,2026-05-31 00:03:18.620378,2026-05-31 00:03:18.597066,2026-05-31 00:03:18.597066
EXCLUDED,13287,212,253,21,country,True,3,B_ZERO_AUTHORITATIVE_MATCH/ZM_MISSING_GENUINE_MEMBERSHIP,no active membership in authoritative round 3; winner never chosen,2026-06-30 00:20:14.818701,2026-06-30 00:20:14.795263,2026-06-30 00:20:14.795263
EXCLUDED,15092,212,255,26,country,True,3,B_ZERO_AUTHORITATIVE_MATCH/ZM_MISSING_GENUINE_MEMBERSHIP,no active membership in authoritative round 3; winner never chosen,2026-07-31 00:04:55.809230,2026-07-31 00:04:55.779745,2026-07-31 00:04:55.779745
EXCLUDED,18348,212,257,27,country,True,3,B_ZERO_AUTHORITATIVE_MATCH/ZM_MISSING_GENUINE_MEMBERSHIP,no active membership in authoritative round 3; winner never chosen,2026-09-03 12:08:40.466072,2026-09-03 12:08:40.415298,2026-09-03 12:08:40.415298
EXCLUDED,8716,216,249,1,continent,True,3,B_ZERO_AUTHORITATIVE_MATCH/ZM_MISSING_GENUINE_MEMBERSHIP,no active membership in authoritative round 3; winner never chosen,2026-05-31 01:03:09.900399,2026-05-02 01:35:14.233189,2026-05-31 01:03:09.866363
EXCLUDED,10203,216,252,2,continent,True,3,B_ZERO_AUTHORITATIVE_MATCH/ZM_MISSING_GENUINE_MEMBERSHIP,no active membership in authoritative round 3; winner never chosen,2026-05-31 00:03:14.037642,2026-05-31 00:03:14.007283,2026-05-31 00:03:14.007283
EXCLUDED,10488,216,241,4,country,True,3,B_ZERO_AUTHORITATIVE_MATCH/ZM_MISSING_GENUINE_MEMBERSHIP,no active membership in authoritative round 3; winner never chosen,2026-05-31 00:03:18.653784,2026-05-31 00:03:18.627676,2026-05-31 00:03:18.627676
EXCLUDED,13288,216,253,21,country,True,3,B_ZERO_AUTHORITATIVE_MATCH/ZM_MISSING_GENUINE_MEMBERSHIP,no active membership in authoritative round 3; winner never chosen,2026-06-30 00:20:14.850519,2026-06-30 00:20:14.826152,2026-06-30 00:20:14.826152
EXCLUDED,15093,216,255,26,country,True,3,B_ZERO_AUTHORITATIVE_MATCH/ZM_MISSING_GENUINE_MEMBERSHIP,no active membership in authoritative round 3; winner never chosen,2026-07-31 00:04:55.852609,2026-07-31 00:04:55.821008,2026-07-31 00:04:55.821008
EXCLUDED,18349,216,257,27,country,True,3,B_ZERO_AUTHORITATIVE_MATCH/ZM_MISSING_GENUINE_MEMBERSHIP,no active membership in authoritative round 3; winner never chosen,2026-09-03 12:08:40.522117,2026-09-03 12:08:40.480400,2026-09-03 12:08:40.480400
EXCLUDED,8721,220,249,1,continent,True,3,B_ZERO_AUTHORITATIVE_MATCH/ZM_MISSING_GENUINE_MEMBERSHIP,no active membership in authoritative round 3; winner never chosen,2026-05-31 01:03:09.974074,2026-05-02 01:35:14.294141,2026-05-31 01:03:09.950307
EXCLUDED,10208,220,252,2,continent,True,3,B_ZERO_AUTHORITATIVE_MATCH/ZM_MISSING_GENUINE_MEMBERSHIP,no active membership in authoritative round 3; winner never chosen,2026-05-31 00:03:14.122433,2026-05-31 00:03:14.089141,2026-05-31 00:03:14.089141
EXCLUDED,10489,220,241,4,country,True,3,B_ZERO_AUTHORITATIVE_MATCH/ZM_MISSING_GENUINE_MEMBERSHIP,no active membership in authoritative round 3; winner never chosen,2026-05-31 00:03:18.686884,2026-05-31 00:03:18.661784,2026-05-31 00:03:18.661784
EXCLUDED,13289,220,253,21,country,True,3,B_ZERO_AUTHORITATIVE_MATCH/ZM_MISSING_GENUINE_MEMBERSHIP,no active membership in authoritative round 3; winner never chosen,2026-06-30 00:20:14.885441,2026-06-30 00:20:14.859187,2026-06-30 00:20:14.859187
EXCLUDED,15094,220,255,26,country,True,3,B_ZERO_AUTHORITATIVE_MATCH/ZM_MISSING_GENUINE_MEMBERSHIP,no active membership in authoritative round 3; winner never chosen,2026-07-31 00:04:55.895904,2026-07-31 00:04:55.862236,2026-07-31 00:04:55.862236
EXCLUDED,18350,220,257,27,country,True,3,B_ZERO_AUTHORITATIVE_MATCH/ZM_MISSING_GENUINE_MEMBERSHIP,no active membership in authoritative round 3; winner never chosen,2026-09-03 12:08:40.569374,2026-09-03 12:08:40.532965,2026-09-03 12:08:40.532965
EXCLUDED,8725,224,249,1,continent,True,3,B_ZERO_AUTHORITATIVE_MATCH/ZM_MISSING_GENUINE_MEMBERSHIP,no active membership in authoritative round 3; winner never chosen,2026-05-31 01:03:10.037486,2026-05-02 01:35:14.342505,2026-05-31 01:03:10.016140
EXCLUDED,10212,224,252,2,continent,True,3,B_ZERO_AUTHORITATIVE_MATCH/ZM_MISSING_GENUINE_MEMBERSHIP,no active membership in authoritative round 3; winner never chosen,2026-05-31 00:03:14.201555,2026-05-31 00:03:14.176502,2026-05-31 00:03:14.176502
EXCLUDED,10490,224,241,4,country,True,3,B_ZERO_AUTHORITATIVE_MATCH/ZM_MISSING_GENUINE_MEMBERSHIP,no active membership in authoritative round 3; winner never chosen,2026-05-31 00:03:18.716355,2026-05-31 00:03:18.693746,2026-05-31 00:03:18.693746
EXCLUDED,13290,224,253,21,country,True,3,B_ZERO_AUTHORITATIVE_MATCH/ZM_MISSING_GENUINE_MEMBERSHIP,no active membership in authoritative round 3; winner never chosen,2026-06-30 00:20:14.915040,2026-06-30 00:20:14.892791,2026-06-30 00:20:14.892791
EXCLUDED,15095,224,255,26,country,True,3,B_ZERO_AUTHORITATIVE_MATCH/ZM_MISSING_GENUINE_MEMBERSHIP,no active membership in authoritative round 3; winner never chosen,2026-07-31 00:04:55.936682,2026-07-31 00:04:55.906431,2026-07-31 00:04:55.906431
EXCLUDED,18351,224,257,27,country,True,3,B_ZERO_AUTHORITATIVE_MATCH/ZM_MISSING_GENUINE_MEMBERSHIP,no active membership in authoritative round 3; winner never chosen,2026-09-03 12:08:40.643781,2026-09-03 12:08:40.584240,2026-09-03 12:08:40.584240
EXCLUDED,8730,228,249,1,continent,True,3,B_ZERO_AUTHORITATIVE_MATCH/ZM_MISSING_GENUINE_MEMBERSHIP,no active membership in authoritative round 3; winner never chosen,2026-05-31 01:03:10.121828,2026-05-02 01:35:14.398707,2026-05-31 01:03:10.092738
EXCLUDED,10217,228,252,2,continent,True,3,B_ZERO_AUTHORITATIVE_MATCH/ZM_MISSING_GENUINE_MEMBERSHIP,no active membership in authoritative round 3; winner never chosen,2026-05-31 00:03:14.273841,2026-05-31 00:03:14.250333,2026-05-31 00:03:14.250333
EXCLUDED,4380,228,241,4,country,True,3,B_ZERO_AUTHORITATIVE_MATCH/ZM_ALL_ACTIVE_MEMBERSHIPS_FOREIGN,no active membership in authoritative round 3; winner never chosen,2026-05-01 00:04:14.192472,2026-05-01 00:04:14.184255,2026-05-01 00:04:14.184255
EXCLUDED,13291,228,253,21,country,True,3,B_ZERO_AUTHORITATIVE_MATCH/ZM_ALL_ACTIVE_MEMBERSHIPS_FOREIGN,no active membership in authoritative round 3; winner never chosen,2026-06-30 00:20:14.945493,2026-06-30 00:20:14.922229,2026-06-30 00:20:14.922229
EXCLUDED,15096,228,255,26,country,True,3,B_ZERO_AUTHORITATIVE_MATCH/ZM_ALL_ACTIVE_MEMBERSHIPS_FOREIGN,no active membership in authoritative round 3; winner never chosen,2026-07-31 00:04:55.984530,2026-07-31 00:04:55.947594,2026-07-31 00:04:55.947594
EXCLUDED,18352,228,257,27,country,True,3,B_ZERO_AUTHORITATIVE_MATCH/ZM_ALL_ACTIVE_MEMBERSHIPS_FOREIGN,no active membership in authoritative round 3; winner never chosen,2026-09-03 12:08:40.748112,2026-09-03 12:08:40.659033,2026-09-03 12:08:40.659033
EXCLUDED,8732,232,249,1,continent,True,3,B_ZERO_AUTHORITATIVE_MATCH/ZM_MISSING_GENUINE_MEMBERSHIP,no active membership in authoritative round 3; winner never chosen,2026-05-31 01:03:10.193362,2026-05-02 01:35:14.449546,2026-05-31 01:03:10.166613
EXCLUDED,10219,232,252,2,continent,True,3,B_ZERO_AUTHORITATIVE_MATCH/ZM_MISSING_GENUINE_MEMBERSHIP,no active membership in authoritative round 3; winner never chosen,2026-05-31 00:03:14.346352,2026-05-31 00:03:14.318955,2026-05-31 00:03:14.318955
EXCLUDED,4435,232,241,4,country,True,3,B_ZERO_AUTHORITATIVE_MATCH/ZM_MISSING_GENUINE_MEMBERSHIP,no active membership in authoritative round 3; winner never chosen,2026-05-01 00:04:14.320036,2026-05-01 00:04:14.312941,2026-05-01 00:04:14.312941
EXCLUDED,13292,232,253,21,country,True,3,B_ZERO_AUTHORITATIVE_MATCH/ZM_MISSING_GENUINE_MEMBERSHIP,no active membership in authoritative round 3; winner never chosen,2026-06-30 00:20:14.973959,2026-06-30 00:20:14.953351,2026-06-30 00:20:14.953351
EXCLUDED,15097,232,255,26,country,True,3,B_ZERO_AUTHORITATIVE_MATCH/ZM_MISSING_GENUINE_MEMBERSHIP,no active membership in authoritative round 3; winner never chosen,2026-07-31 00:04:56.036010,2026-07-31 00:04:55.996651,2026-07-31 00:04:55.996651
EXCLUDED,18353,232,257,27,country,True,3,B_ZERO_AUTHORITATIVE_MATCH/ZM_MISSING_GENUINE_MEMBERSHIP,no active membership in authoritative round 3; winner never chosen,2026-09-03 12:08:40.809985,2026-09-03 12:08:40.761034,2026-09-03 12:08:40.761034
EXCLUDED,8733,236,249,1,continent,True,3,B_ZERO_AUTHORITATIVE_MATCH/ZM_MISSING_GENUINE_MEMBERSHIP,no active membership in authoritative round 3; winner never chosen,2026-05-31 01:03:10.224090,2026-05-02 01:35:14.475879,2026-05-31 01:03:10.200279
EXCLUDED,10220,236,252,2,continent,True,3,B_ZERO_AUTHORITATIVE_MATCH/ZM_MISSING_GENUINE_MEMBERSHIP,no active membership in authoritative round 3; winner never chosen,2026-05-31 00:03:14.377669,2026-05-31 00:03:14.354396,2026-05-31 00:03:14.354396
EXCLUDED,4436,236,241,4,country,True,3,B_ZERO_AUTHORITATIVE_MATCH/ZM_ALL_ACTIVE_MEMBERSHIPS_FOREIGN,no active membership in authoritative round 3; winner never chosen,2026-05-01 00:04:14.344418,2026-05-01 00:04:14.335982,2026-05-01 00:04:14.335982
EXCLUDED,13293,236,253,21,country,True,3,B_ZERO_AUTHORITATIVE_MATCH/ZM_ALL_ACTIVE_MEMBERSHIPS_FOREIGN,no active membership in authoritative round 3; winner never chosen,2026-06-30 00:20:15.011213,2026-06-30 00:20:14.982332,2026-06-30 00:20:14.982332
EXCLUDED,15098,236,255,26,country,True,3,B_ZERO_AUTHORITATIVE_MATCH/ZM_ALL_ACTIVE_MEMBERSHIPS_FOREIGN,no active membership in authoritative round 3; winner never chosen,2026-07-31 00:04:56.082572,2026-07-31 00:04:56.045857,2026-07-31 00:04:56.045857
EXCLUDED,18354,236,257,27,country,True,3,B_ZERO_AUTHORITATIVE_MATCH/ZM_ALL_ACTIVE_MEMBERSHIPS_FOREIGN,no active membership in authoritative round 3; winner never chosen,2026-09-03 12:08:40.889396,2026-09-03 12:08:40.833683,2026-09-03 12:08:40.833683
EXCLUDED,8735,240,249,1,continent,True,3,B_ZERO_AUTHORITATIVE_MATCH/ZM_MISSING_GENUINE_MEMBERSHIP,no active membership in authoritative round 3; winner never chosen,2026-05-31 01:03:10.286009,2026-05-02 01:35:14.527371,2026-05-31 01:03:10.262824
EXCLUDED,10222,240,252,2,continent,True,3,B_ZERO_AUTHORITATIVE_MATCH/ZM_MISSING_GENUINE_MEMBERSHIP,no active membership in authoritative round 3; winner never chosen,2026-05-31 00:03:14.444587,2026-05-31 00:03:14.420082,2026-05-31 00:03:14.420082
EXCLUDED,10491,240,241,4,country,True,3,B_ZERO_AUTHORITATIVE_MATCH/ZM_MISSING_GENUINE_MEMBERSHIP,no active membership in authoritative round 3; winner never chosen,2026-05-31 00:03:18.743155,2026-05-31 00:03:18.723648,2026-05-31 00:03:18.723648
EXCLUDED,13294,240,253,21,country,True,3,B_ZERO_AUTHORITATIVE_MATCH/ZM_MISSING_GENUINE_MEMBERSHIP,no active membership in authoritative round 3; winner never chosen,2026-06-30 00:20:15.044312,2026-06-30 00:20:15.018602,2026-06-30 00:20:15.018602
EXCLUDED,15099,240,255,26,country,True,3,B_ZERO_AUTHORITATIVE_MATCH/ZM_MISSING_GENUINE_MEMBERSHIP,no active membership in authoritative round 3; winner never chosen,2026-07-31 00:04:56.126670,2026-07-31 00:04:56.092630,2026-07-31 00:04:56.092630
EXCLUDED,18355,240,257,27,country,True,3,B_ZERO_AUTHORITATIVE_MATCH/ZM_MISSING_GENUINE_MEMBERSHIP,no active membership in authoritative round 3; winner never chosen,2026-09-03 12:08:40.948806,2026-09-03 12:08:40.907083,2026-09-03 12:08:40.907083
EXCLUDED,8739,244,249,1,continent,True,3,B_ZERO_AUTHORITATIVE_MATCH/ZM_MISSING_GENUINE_MEMBERSHIP,no active membership in authoritative round 3; winner never chosen,2026-05-31 01:03:10.348708,2026-05-02 01:35:14.588041,2026-05-31 01:03:10.327243
EXCLUDED,10226,244,252,2,continent,True,3,B_ZERO_AUTHORITATIVE_MATCH/ZM_MISSING_GENUINE_MEMBERSHIP,no active membership in authoritative round 3; winner never chosen,2026-05-31 00:03:14.518167,2026-05-31 00:03:14.492325,2026-05-31 00:03:14.492325
EXCLUDED,10492,244,241,4,country,True,3,B_ZERO_AUTHORITATIVE_MATCH/ZM_MISSING_GENUINE_MEMBERSHIP,no active membership in authoritative round 3; winner never chosen,2026-05-31 00:03:18.770056,2026-05-31 00:03:18.750218,2026-05-31 00:03:18.750218
EXCLUDED,13295,244,253,21,country,True,3,B_ZERO_AUTHORITATIVE_MATCH/ZM_MISSING_GENUINE_MEMBERSHIP,no active membership in authoritative round 3; winner never chosen,2026-06-30 00:20:15.079079,2026-06-30 00:20:15.052186,2026-06-30 00:20:15.052186
EXCLUDED,15100,244,255,26,country,True,3,B_ZERO_AUTHORITATIVE_MATCH/ZM_MISSING_GENUINE_MEMBERSHIP,no active membership in authoritative round 3; winner never chosen,2026-07-31 00:04:56.170424,2026-07-31 00:04:56.139756,2026-07-31 00:04:56.139756
EXCLUDED,18356,244,257,27,country,True,3,B_ZERO_AUTHORITATIVE_MATCH/ZM_MISSING_GENUINE_MEMBERSHIP,no active membership in authoritative round 3; winner never chosen,2026-09-03 12:08:41.066903,2026-09-03 12:08:40.968136,2026-09-03 12:08:40.968136
EXCLUDED,8742,252,249,1,continent,True,3,B_ZERO_AUTHORITATIVE_MATCH/ZM_MISSING_GENUINE_MEMBERSHIP,no active membership in authoritative round 3; winner never chosen,2026-05-31 01:03:10.467608,2026-05-02 01:35:14.667723,2026-05-31 01:03:10.446813
EXCLUDED,10231,252,252,2,continent,True,3,B_ZERO_AUTHORITATIVE_MATCH/ZM_MISSING_GENUINE_MEMBERSHIP,no active membership in authoritative round 3; winner never chosen,2026-05-31 00:03:14.650282,2026-05-31 00:03:14.620031,2026-05-31 00:03:14.620031
EXCLUDED,10493,252,241,4,country,True,3,B_ZERO_AUTHORITATIVE_MATCH/ZM_MISSING_GENUINE_MEMBERSHIP,no active membership in authoritative round 3; winner never chosen,2026-05-31 00:03:18.795487,2026-05-31 00:03:18.776135,2026-05-31 00:03:18.776135
EXCLUDED,13296,252,253,21,country,True,3,B_ZERO_AUTHORITATIVE_MATCH/ZM_MISSING_GENUINE_MEMBERSHIP,no active membership in authoritative round 3; winner never chosen,2026-06-30 00:20:15.108192,2026-06-30 00:20:15.085615,2026-06-30 00:20:15.085615
EXCLUDED,15101,252,255,26,country,True,3,B_ZERO_AUTHORITATIVE_MATCH/ZM_MISSING_GENUINE_MEMBERSHIP,no active membership in authoritative round 3; winner never chosen,2026-07-31 00:04:56.210942,2026-07-31 00:04:56.179999,2026-07-31 00:04:56.179999
EXCLUDED,18357,252,257,27,country,True,3,B_ZERO_AUTHORITATIVE_MATCH/ZM_MISSING_GENUINE_MEMBERSHIP,no active membership in authoritative round 3; winner never chosen,2026-09-03 12:08:41.109964,2026-09-03 12:08:41.077999,2026-09-03 12:08:41.077999
EXCLUDED,8744,256,249,1,continent,True,3,B_ZERO_AUTHORITATIVE_MATCH/ZM_MISSING_GENUINE_MEMBERSHIP,no active membership in authoritative round 3; winner never chosen,2026-05-31 01:03:10.522499,2026-05-02 01:35:14.729877,2026-05-31 01:03:10.503249
EXCLUDED,10233,256,252,2,continent,True,3,B_ZERO_AUTHORITATIVE_MATCH/ZM_MISSING_GENUINE_MEMBERSHIP,no active membership in authoritative round 3; winner never chosen,2026-05-31 00:03:14.722214,2026-05-31 00:03:14.695612,2026-05-31 00:03:14.695612
EXCLUDED,10494,256,241,4,country,True,3,B_ZERO_AUTHORITATIVE_MATCH/ZM_MISSING_GENUINE_MEMBERSHIP,no active membership in authoritative round 3; winner never chosen,2026-05-31 00:03:18.822228,2026-05-31 00:03:18.801217,2026-05-31 00:03:18.801217
EXCLUDED,13297,256,253,21,country,True,3,B_ZERO_AUTHORITATIVE_MATCH/ZM_MISSING_GENUINE_MEMBERSHIP,no active membership in authoritative round 3; winner never chosen,2026-06-30 00:20:15.138036,2026-06-30 00:20:15.114466,2026-06-30 00:20:15.114466
EXCLUDED,15102,256,255,26,country,True,3,B_ZERO_AUTHORITATIVE_MATCH/ZM_MISSING_GENUINE_MEMBERSHIP,no active membership in authoritative round 3; winner never chosen,2026-07-31 00:04:56.260215,2026-07-31 00:04:56.221166,2026-07-31 00:04:56.221166
EXCLUDED,18358,256,257,27,country,True,3,B_ZERO_AUTHORITATIVE_MATCH/ZM_MISSING_GENUINE_MEMBERSHIP,no active membership in authoritative round 3; winner never chosen,2026-09-03 12:08:41.168338,2026-09-03 12:08:41.122364,2026-09-03 12:08:41.122364
EXCLUDED,8746,260,249,1,continent,True,3,B_ZERO_AUTHORITATIVE_MATCH/ZM_MISSING_GENUINE_MEMBERSHIP,no active membership in authoritative round 3; winner never chosen,2026-05-31 01:03:10.578868,2026-05-02 01:35:14.781130,2026-05-31 01:03:10.556427
EXCLUDED,10235,260,252,2,continent,True,3,B_ZERO_AUTHORITATIVE_MATCH/ZM_MISSING_GENUINE_MEMBERSHIP,no active membership in authoritative round 3; winner never chosen,2026-05-31 00:03:14.792028,2026-05-31 00:03:14.766454,2026-05-31 00:03:14.766454
EXCLUDED,10495,260,241,4,country,True,3,B_ZERO_AUTHORITATIVE_MATCH/ZM_MISSING_GENUINE_MEMBERSHIP,no active membership in authoritative round 3; winner never chosen,2026-05-31 00:03:18.845858,2026-05-31 00:03:18.828606,2026-05-31 00:03:18.828606
EXCLUDED,13298,260,253,21,country,True,3,B_ZERO_AUTHORITATIVE_MATCH/ZM_MISSING_GENUINE_MEMBERSHIP,no active membership in authoritative round 3; winner never chosen,2026-06-30 00:20:15.169758,2026-06-30 00:20:15.146291,2026-06-30 00:20:15.146291
EXCLUDED,15103,260,255,26,country,True,3,B_ZERO_AUTHORITATIVE_MATCH/ZM_MISSING_GENUINE_MEMBERSHIP,no active membership in authoritative round 3; winner never chosen,2026-07-31 00:04:56.301181,2026-07-31 00:04:56.272418,2026-07-31 00:04:56.272418
EXCLUDED,18359,260,257,27,country,True,3,B_ZERO_AUTHORITATIVE_MATCH/ZM_MISSING_GENUINE_MEMBERSHIP,no active membership in authoritative round 3; winner never chosen,2026-09-03 12:08:41.229002,2026-09-03 12:08:41.185255,2026-09-03 12:08:41.185255
EXCLUDED,8748,264,249,1,continent,True,3,B_ZERO_AUTHORITATIVE_MATCH/ZM_MISSING_GENUINE_MEMBERSHIP,no active membership in authoritative round 3; winner never chosen,2026-05-31 01:03:10.628399,2026-05-02 01:35:14.851469,2026-05-31 01:03:10.608427
EXCLUDED,10237,264,252,2,continent,True,3,B_ZERO_AUTHORITATIVE_MATCH/ZM_MISSING_GENUINE_MEMBERSHIP,no active membership in authoritative round 3; winner never chosen,2026-05-31 00:03:14.852178,2026-05-31 00:03:14.831255,2026-05-31 00:03:14.831255
EXCLUDED,10496,264,241,4,country,True,3,B_ZERO_AUTHORITATIVE_MATCH/ZM_MISSING_GENUINE_MEMBERSHIP,no active membership in authoritative round 3; winner never chosen,2026-05-31 00:03:18.872703,2026-05-31 00:03:18.851888,2026-05-31 00:03:18.851888
EXCLUDED,13299,264,253,21,country,True,3,B_ZERO_AUTHORITATIVE_MATCH/ZM_MISSING_GENUINE_MEMBERSHIP,no active membership in authoritative round 3; winner never chosen,2026-06-30 00:20:15.205407,2026-06-30 00:20:15.182053,2026-06-30 00:20:15.182053
EXCLUDED,15104,264,255,26,country,True,3,B_ZERO_AUTHORITATIVE_MATCH/ZM_MISSING_GENUINE_MEMBERSHIP,no active membership in authoritative round 3; winner never chosen,2026-07-31 00:04:56.339275,2026-07-31 00:04:56.310207,2026-07-31 00:04:56.310207
EXCLUDED,18360,264,257,27,country,True,3,B_ZERO_AUTHORITATIVE_MATCH/ZM_MISSING_GENUINE_MEMBERSHIP,no active membership in authoritative round 3; winner never chosen,2026-09-03 12:08:41.299395,2026-09-03 12:08:41.247485,2026-09-03 12:08:41.247485
EXCLUDED,8750,268,249,1,continent,True,3,B_ZERO_AUTHORITATIVE_MATCH/ZM_MISSING_GENUINE_MEMBERSHIP,no active membership in authoritative round 3; winner never chosen,2026-05-31 01:03:10.675602,2026-05-02 01:35:14.930150,2026-05-31 01:03:10.659203
EXCLUDED,10239,268,252,2,continent,True,3,B_ZERO_AUTHORITATIVE_MATCH/ZM_MISSING_GENUINE_MEMBERSHIP,no active membership in authoritative round 3; winner never chosen,2026-05-31 00:03:14.914628,2026-05-31 00:03:14.889297,2026-05-31 00:03:14.889297
EXCLUDED,10497,268,241,4,country,True,3,B_ZERO_AUTHORITATIVE_MATCH/ZM_MISSING_GENUINE_MEMBERSHIP,no active membership in authoritative round 3; winner never chosen,2026-05-31 00:03:18.896501,2026-05-31 00:03:18.878445,2026-05-31 00:03:18.878445
EXCLUDED,13300,268,253,21,country,True,3,B_ZERO_AUTHORITATIVE_MATCH/ZM_MISSING_GENUINE_MEMBERSHIP,no active membership in authoritative round 3; winner never chosen,2026-06-30 00:20:15.243795,2026-06-30 00:20:15.215091,2026-06-30 00:20:15.215091
EXCLUDED,15105,268,255,26,country,True,3,B_ZERO_AUTHORITATIVE_MATCH/ZM_MISSING_GENUINE_MEMBERSHIP,no active membership in authoritative round 3; winner never chosen,2026-07-31 00:04:56.387005,2026-07-31 00:04:56.349799,2026-07-31 00:04:56.349799
EXCLUDED,18361,268,257,27,country,True,3,B_ZERO_AUTHORITATIVE_MATCH/ZM_MISSING_GENUINE_MEMBERSHIP,no active membership in authoritative round 3; winner never chosen,2026-09-03 12:08:41.352656,2026-09-03 12:08:41.313457,2026-09-03 12:08:41.313457
EXCLUDED,8753,274,249,1,continent,True,3,B_ZERO_AUTHORITATIVE_MATCH/ZM_MISSING_GENUINE_MEMBERSHIP,no active membership in authoritative round 3; winner never chosen,2026-05-31 01:03:10.765145,2026-05-02 01:35:15.010697,2026-05-31 01:03:10.742732
EXCLUDED,10242,274,252,2,continent,True,3,B_ZERO_AUTHORITATIVE_MATCH/ZM_MISSING_GENUINE_MEMBERSHIP,no active membership in authoritative round 3; winner never chosen,2026-05-31 00:03:15.006162,2026-05-31 00:03:14.980425,2026-05-31 00:03:14.980425
EXCLUDED,10498,274,241,4,country,True,3,B_ZERO_AUTHORITATIVE_MATCH/ZM_MISSING_GENUINE_MEMBERSHIP,no active membership in authoritative round 3; winner never chosen,2026-05-31 00:03:18.923859,2026-05-31 00:03:18.903227,2026-05-31 00:03:18.903227
EXCLUDED,13301,274,253,21,country,True,3,B_ZERO_AUTHORITATIVE_MATCH/ZM_MISSING_GENUINE_MEMBERSHIP,no active membership in authoritative round 3; winner never chosen,2026-06-30 00:20:15.279171,2026-06-30 00:20:15.252160,2026-06-30 00:20:15.252160
EXCLUDED,15106,274,255,26,country,True,3,B_ZERO_AUTHORITATIVE_MATCH/ZM_MISSING_GENUINE_MEMBERSHIP,no active membership in authoritative round 3; winner never chosen,2026-07-31 00:04:56.433985,2026-07-31 00:04:56.399614,2026-07-31 00:04:56.399614
EXCLUDED,18362,274,257,27,country,True,3,B_ZERO_AUTHORITATIVE_MATCH/ZM_MISSING_GENUINE_MEMBERSHIP,no active membership in authoritative round 3; winner never chosen,2026-09-03 12:08:41.407993,2026-09-03 12:08:41.368572,2026-09-03 12:08:41.368572
EXCLUDED,8755,278,249,1,continent,True,3,B_ZERO_AUTHORITATIVE_MATCH/ZM_MISSING_GENUINE_MEMBERSHIP,no active membership in authoritative round 3; winner never chosen,2026-05-31 01:03:10.823235,2026-05-02 01:35:15.067061,2026-05-31 01:03:10.800819
EXCLUDED,10244,278,252,2,continent,True,3,B_ZERO_AUTHORITATIVE_MATCH/ZM_MISSING_GENUINE_MEMBERSHIP,no active membership in authoritative round 3; winner never chosen,2026-05-31 00:03:15.070188,2026-05-31 00:03:15.046385,2026-05-31 00:03:15.046385
EXCLUDED,10499,278,241,4,country,True,3,B_ZERO_AUTHORITATIVE_MATCH/ZM_MISSING_GENUINE_MEMBERSHIP,no active membership in authoritative round 3; winner never chosen,2026-05-31 00:03:18.952506,2026-05-31 00:03:18.930864,2026-05-31 00:03:18.930864
EXCLUDED,13302,278,253,21,country,True,3,B_ZERO_AUTHORITATIVE_MATCH/ZM_MISSING_GENUINE_MEMBERSHIP,no active membership in authoritative round 3; winner never chosen,2026-06-30 00:20:15.309053,2026-06-30 00:20:15.286799,2026-06-30 00:20:15.286799
EXCLUDED,15107,278,255,26,country,True,3,B_ZERO_AUTHORITATIVE_MATCH/ZM_MISSING_GENUINE_MEMBERSHIP,no active membership in authoritative round 3; winner never chosen,2026-07-31 00:04:56.475503,2026-07-31 00:04:56.444030,2026-07-31 00:04:56.444030
EXCLUDED,18363,278,257,27,country,True,3,B_ZERO_AUTHORITATIVE_MATCH/ZM_MISSING_GENUINE_MEMBERSHIP,no active membership in authoritative round 3; winner never chosen,2026-09-03 12:08:41.466259,2026-09-03 12:08:41.420875,2026-09-03 12:08:41.420875
EXCLUDED,8757,282,249,1,continent,True,3,B_ZERO_AUTHORITATIVE_MATCH/ZM_MISSING_GENUINE_MEMBERSHIP,no active membership in authoritative round 3; winner never chosen,2026-05-31 01:03:10.889101,2026-05-02 01:35:15.115279,2026-05-31 01:03:10.865093
EXCLUDED,10246,282,252,2,continent,True,3,B_ZERO_AUTHORITATIVE_MATCH/ZM_MISSING_GENUINE_MEMBERSHIP,no active membership in authoritative round 3; winner never chosen,2026-05-31 00:03:15.143888,2026-05-31 00:03:15.118178,2026-05-31 00:03:15.118178
EXCLUDED,10500,282,241,4,country,True,3,B_ZERO_AUTHORITATIVE_MATCH/ZM_MISSING_GENUINE_MEMBERSHIP,no active membership in authoritative round 3; winner never chosen,2026-05-31 00:03:18.982771,2026-05-31 00:03:18.960203,2026-05-31 00:03:18.960203
EXCLUDED,13303,282,253,21,country,True,3,B_ZERO_AUTHORITATIVE_MATCH/ZM_MISSING_GENUINE_MEMBERSHIP,no active membership in authoritative round 3; winner never chosen,2026-06-30 00:20:15.344653,2026-06-30 00:20:15.317018,2026-06-30 00:20:15.317018
EXCLUDED,15108,282,255,26,country,True,3,B_ZERO_AUTHORITATIVE_MATCH/ZM_MISSING_GENUINE_MEMBERSHIP,no active membership in authoritative round 3; winner never chosen,2026-07-31 00:04:56.512954,2026-07-31 00:04:56.484968,2026-07-31 00:04:56.484968
EXCLUDED,18364,282,257,27,country,True,3,B_ZERO_AUTHORITATIVE_MATCH/ZM_MISSING_GENUINE_MEMBERSHIP,no active membership in authoritative round 3; winner never chosen,2026-09-03 12:08:41.514991,2026-09-03 12:08:41.479675,2026-09-03 12:08:41.479675
EXCLUDED,8759,286,249,1,continent,True,3,B_ZERO_AUTHORITATIVE_MATCH/ZM_MISSING_GENUINE_MEMBERSHIP,no active membership in authoritative round 3; winner never chosen,2026-05-31 01:03:10.939299,2026-05-02 01:35:15.167266,2026-05-31 01:03:10.921147
EXCLUDED,10248,286,252,2,continent,True,3,B_ZERO_AUTHORITATIVE_MATCH/ZM_MISSING_GENUINE_MEMBERSHIP,no active membership in authoritative round 3; winner never chosen,2026-05-31 00:03:15.206118,2026-05-31 00:03:15.183577,2026-05-31 00:03:15.183577
EXCLUDED,10501,286,241,4,country,True,3,B_ZERO_AUTHORITATIVE_MATCH/ZM_MISSING_GENUINE_MEMBERSHIP,no active membership in authoritative round 3; winner never chosen,2026-05-31 00:03:19.010139,2026-05-31 00:03:18.989612,2026-05-31 00:03:18.989612
EXCLUDED,13304,286,253,21,country,True,3,B_ZERO_AUTHORITATIVE_MATCH/ZM_MISSING_GENUINE_MEMBERSHIP,no active membership in authoritative round 3; winner never chosen,2026-06-30 00:20:15.377052,2026-06-30 00:20:15.352364,2026-06-30 00:20:15.352364
EXCLUDED,15109,286,255,26,country,True,3,B_ZERO_AUTHORITATIVE_MATCH/ZM_MISSING_GENUINE_MEMBERSHIP,no active membership in authoritative round 3; winner never chosen,2026-07-31 00:04:56.552246,2026-07-31 00:04:56.522066,2026-07-31 00:04:56.522066
EXCLUDED,18365,286,257,27,country,True,3,B_ZERO_AUTHORITATIVE_MATCH/ZM_MISSING_GENUINE_MEMBERSHIP,no active membership in authoritative round 3; winner never chosen,2026-09-03 12:08:41.556733,2026-09-03 12:08:41.525097,2026-09-03 12:08:41.525097
EXCLUDED,8761,290,249,1,continent,True,3,B_ZERO_AUTHORITATIVE_MATCH/ZM_MISSING_GENUINE_MEMBERSHIP,no active membership in authoritative round 3; winner never chosen,2026-05-31 01:03:10.993004,2026-05-02 01:35:15.223964,2026-05-31 01:03:10.971984
EXCLUDED,10250,290,252,2,continent,True,3,B_ZERO_AUTHORITATIVE_MATCH/ZM_MISSING_GENUINE_MEMBERSHIP,no active membership in authoritative round 3; winner never chosen,2026-05-31 00:03:15.271271,2026-05-31 00:03:15.244992,2026-05-31 00:03:15.244992
EXCLUDED,10502,290,241,4,country,True,3,B_ZERO_AUTHORITATIVE_MATCH/ZM_MISSING_GENUINE_MEMBERSHIP,no active membership in authoritative round 3; winner never chosen,2026-05-31 00:03:19.035728,2026-05-31 00:03:19.016460,2026-05-31 00:03:19.016460
EXCLUDED,13305,290,253,21,country,True,3,B_ZERO_AUTHORITATIVE_MATCH/ZM_MISSING_GENUINE_MEMBERSHIP,no active membership in authoritative round 3; winner never chosen,2026-06-30 00:20:15.410973,2026-06-30 00:20:15.384412,2026-06-30 00:20:15.384412
EXCLUDED,15110,290,255,26,country,True,3,B_ZERO_AUTHORITATIVE_MATCH/ZM_MISSING_GENUINE_MEMBERSHIP,no active membership in authoritative round 3; winner never chosen,2026-07-31 00:04:56.599027,2026-07-31 00:04:56.563514,2026-07-31 00:04:56.563514
EXCLUDED,18366,290,257,27,country,True,3,B_ZERO_AUTHORITATIVE_MATCH/ZM_MISSING_GENUINE_MEMBERSHIP,no active membership in authoritative round 3; winner never chosen,2026-09-03 12:08:41.606368,2026-09-03 12:08:41.571857,2026-09-03 12:08:41.571857
EXCLUDED,8763,294,249,1,continent,True,3,B_ZERO_AUTHORITATIVE_MATCH/ZM_MISSING_GENUINE_MEMBERSHIP,no active membership in authoritative round 3; winner never chosen,2026-05-31 01:03:11.046230,2026-05-02 01:35:15.279433,2026-05-31 01:03:11.028242
EXCLUDED,10252,294,252,2,continent,True,3,B_ZERO_AUTHORITATIVE_MATCH/ZM_MISSING_GENUINE_MEMBERSHIP,no active membership in authoritative round 3; winner never chosen,2026-05-31 00:03:15.333806,2026-05-31 00:03:15.313781,2026-05-31 00:03:15.313781
EXCLUDED,4466,294,241,4,country,True,3,B_ZERO_AUTHORITATIVE_MATCH/ZM_MISSING_GENUINE_MEMBERSHIP,no active membership in authoritative round 3; winner never chosen,2026-05-01 00:04:14.672046,2026-05-01 00:04:14.665353,2026-05-01 00:04:14.665353
EXCLUDED,13306,294,253,21,country,True,3,B_ZERO_AUTHORITATIVE_MATCH/ZM_MISSING_GENUINE_MEMBERSHIP,no active membership in authoritative round 3; winner never chosen,2026-06-30 00:20:15.440271,2026-06-30 00:20:15.417901,2026-06-30 00:20:15.417901
EXCLUDED,15111,294,255,26,country,True,3,B_ZERO_AUTHORITATIVE_MATCH/ZM_MISSING_GENUINE_MEMBERSHIP,no active membership in authoritative round 3; winner never chosen,2026-07-31 00:04:56.642348,2026-07-31 00:04:56.610206,2026-07-31 00:04:56.610206
EXCLUDED,18367,294,257,27,country,True,3,B_ZERO_AUTHORITATIVE_MATCH/ZM_MISSING_GENUINE_MEMBERSHIP,no active membership in authoritative round 3; winner never chosen,2026-09-03 12:08:41.660290,2026-09-03 12:08:41.617426,2026-09-03 12:08:41.617426
EXCLUDED,8765,298,249,1,continent,True,3,B_ZERO_AUTHORITATIVE_MATCH/ZM_MISSING_GENUINE_MEMBERSHIP,no active membership in authoritative round 3; winner never chosen,2026-05-31 01:03:11.098666,2026-05-02 01:35:15.325160,2026-05-31 01:03:11.078608
EXCLUDED,10254,298,252,2,continent,True,3,B_ZERO_AUTHORITATIVE_MATCH/ZM_MISSING_GENUINE_MEMBERSHIP,no active membership in authoritative round 3; winner never chosen,2026-05-31 00:03:15.387540,2026-05-31 00:03:15.366413,2026-05-31 00:03:15.366413
EXCLUDED,10503,298,241,4,country,True,3,B_ZERO_AUTHORITATIVE_MATCH/ZM_MISSING_GENUINE_MEMBERSHIP,no active membership in authoritative round 3; winner never chosen,2026-05-31 00:03:19.060408,2026-05-31 00:03:19.041466,2026-05-31 00:03:19.041466
EXCLUDED,13307,298,253,21,country,True,3,B_ZERO_AUTHORITATIVE_MATCH/ZM_MISSING_GENUINE_MEMBERSHIP,no active membership in authoritative round 3; winner never chosen,2026-06-30 00:20:15.473088,2026-06-30 00:20:15.448681,2026-06-30 00:20:15.448681
EXCLUDED,15112,298,255,26,country,True,3,B_ZERO_AUTHORITATIVE_MATCH/ZM_MISSING_GENUINE_MEMBERSHIP,no active membership in authoritative round 3; winner never chosen,2026-07-31 00:04:56.684849,2026-07-31 00:04:56.653149,2026-07-31 00:04:56.653149
EXCLUDED,18368,298,257,27,country,True,3,B_ZERO_AUTHORITATIVE_MATCH/ZM_MISSING_GENUINE_MEMBERSHIP,no active membership in authoritative round 3; winner never chosen,2026-09-03 12:08:41.719282,2026-09-03 12:08:41.676835,2026-09-03 12:08:41.676835
EXCLUDED,8767,302,249,1,continent,True,3,B_ZERO_AUTHORITATIVE_MATCH/ZM_MISSING_GENUINE_MEMBERSHIP,no active membership in authoritative round 3; winner never chosen,2026-05-31 01:03:11.153862,2026-05-02 01:35:15.372077,2026-05-31 01:03:11.133373
EXCLUDED,10256,302,252,2,continent,True,3,B_ZERO_AUTHORITATIVE_MATCH/ZM_MISSING_GENUINE_MEMBERSHIP,no active membership in authoritative round 3; winner never chosen,2026-05-31 00:03:15.444437,2026-05-31 00:03:15.423028,2026-05-31 00:03:15.423028
EXCLUDED,10504,302,241,4,country,True,3,B_ZERO_AUTHORITATIVE_MATCH/ZM_MISSING_GENUINE_MEMBERSHIP,no active membership in authoritative round 3; winner never chosen,2026-05-31 00:03:19.085594,2026-05-31 00:03:19.066603,2026-05-31 00:03:19.066603
EXCLUDED,13308,302,253,21,country,True,3,B_ZERO_AUTHORITATIVE_MATCH/ZM_MISSING_GENUINE_MEMBERSHIP,no active membership in authoritative round 3; winner never chosen,2026-06-30 00:20:15.501308,2026-06-30 00:20:15.479133,2026-06-30 00:20:15.479133
EXCLUDED,15113,302,255,26,country,True,3,B_ZERO_AUTHORITATIVE_MATCH/ZM_MISSING_GENUINE_MEMBERSHIP,no active membership in authoritative round 3; winner never chosen,2026-07-31 00:04:56.724438,2026-07-31 00:04:56.695669,2026-07-31 00:04:56.695669
EXCLUDED,18369,302,257,27,country,True,3,B_ZERO_AUTHORITATIVE_MATCH/ZM_MISSING_GENUINE_MEMBERSHIP,no active membership in authoritative round 3; winner never chosen,2026-09-03 12:08:41.797677,2026-09-03 12:08:41.745307,2026-09-03 12:08:41.745307
EXCLUDED,8769,306,249,1,continent,True,3,B_ZERO_AUTHORITATIVE_MATCH/ZM_MISSING_GENUINE_MEMBERSHIP,no active membership in authoritative round 3; winner never chosen,2026-05-31 01:03:11.207847,2026-05-02 01:35:15.420884,2026-05-31 01:03:11.187659
EXCLUDED,10258,306,252,2,continent,True,3,B_ZERO_AUTHORITATIVE_MATCH/ZM_MISSING_GENUINE_MEMBERSHIP,no active membership in authoritative round 3; winner never chosen,2026-05-31 00:03:15.516155,2026-05-31 00:03:15.489675,2026-05-31 00:03:15.489675
EXCLUDED,10505,306,241,4,country,True,3,B_ZERO_AUTHORITATIVE_MATCH/ZM_MISSING_GENUINE_MEMBERSHIP,no active membership in authoritative round 3; winner never chosen,2026-05-31 00:03:19.113474,2026-05-31 00:03:19.092551,2026-05-31 00:03:19.092551
EXCLUDED,13309,306,253,21,country,True,3,B_ZERO_AUTHORITATIVE_MATCH/ZM_MISSING_GENUINE_MEMBERSHIP,no active membership in authoritative round 3; winner never chosen,2026-06-30 00:20:15.530973,2026-06-30 00:20:15.507902,2026-06-30 00:20:15.507902
EXCLUDED,15114,306,255,26,country,True,3,B_ZERO_AUTHORITATIVE_MATCH/ZM_MISSING_GENUINE_MEMBERSHIP,no active membership in authoritative round 3; winner never chosen,2026-07-31 00:04:56.762718,2026-07-31 00:04:56.733733,2026-07-31 00:04:56.733733
EXCLUDED,18370,306,257,27,country,True,3,B_ZERO_AUTHORITATIVE_MATCH/ZM_MISSING_GENUINE_MEMBERSHIP,no active membership in authoritative round 3; winner never chosen,2026-09-03 12:08:41.861273,2026-09-03 12:08:41.810700,2026-09-03 12:08:41.810700
EXCLUDED,8771,310,249,1,continent,True,3,B_ZERO_AUTHORITATIVE_MATCH/ZM_MISSING_GENUINE_MEMBERSHIP,no active membership in authoritative round 3; winner never chosen,2026-05-31 01:03:11.267084,2026-05-02 01:35:15.470738,2026-05-31 01:03:11.244078
EXCLUDED,10260,310,252,2,continent,True,3,B_ZERO_AUTHORITATIVE_MATCH/ZM_MISSING_GENUINE_MEMBERSHIP,no active membership in authoritative round 3; winner never chosen,2026-05-31 00:03:15.578979,2026-05-31 00:03:15.553539,2026-05-31 00:03:15.553539
EXCLUDED,10506,310,241,4,country,True,3,B_ZERO_AUTHORITATIVE_MATCH/ZM_MISSING_GENUINE_MEMBERSHIP,no active membership in authoritative round 3; winner never chosen,2026-05-31 00:03:19.142327,2026-05-31 00:03:19.121333,2026-05-31 00:03:19.121333
EXCLUDED,13310,310,253,21,country,True,3,B_ZERO_AUTHORITATIVE_MATCH/ZM_MISSING_GENUINE_MEMBERSHIP,no active membership in authoritative round 3; winner never chosen,2026-06-30 00:20:15.559876,2026-06-30 00:20:15.538102,2026-06-30 00:20:15.538102
EXCLUDED,15115,310,255,26,country,True,3,B_ZERO_AUTHORITATIVE_MATCH/ZM_MISSING_GENUINE_MEMBERSHIP,no active membership in authoritative round 3; winner never chosen,2026-07-31 00:04:56.803488,2026-07-31 00:04:56.774647,2026-07-31 00:04:56.774647
EXCLUDED,18371,310,257,27,country,True,3,B_ZERO_AUTHORITATIVE_MATCH/ZM_MISSING_GENUINE_MEMBERSHIP,no active membership in authoritative round 3; winner never chosen,2026-09-03 12:08:41.914829,2026-09-03 12:08:41.872172,2026-09-03 12:08:41.872172
EXCLUDED,8773,314,249,1,continent,True,3,B_ZERO_AUTHORITATIVE_MATCH/ZM_MISSING_GENUINE_MEMBERSHIP,no active membership in authoritative round 3; winner never chosen,2026-05-31 01:03:11.325621,2026-05-02 01:35:15.519625,2026-05-31 01:03:11.303165
EXCLUDED,10263,314,252,2,continent,True,3,B_ZERO_AUTHORITATIVE_MATCH/ZM_MISSING_GENUINE_MEMBERSHIP,no active membership in authoritative round 3; winner never chosen,2026-05-31 00:03:15.640219,2026-05-31 00:03:15.617601,2026-05-31 00:03:15.617601
EXCLUDED,10507,314,241,4,country,True,3,B_ZERO_AUTHORITATIVE_MATCH/ZM_MISSING_GENUINE_MEMBERSHIP,no active membership in authoritative round 3; winner never chosen,2026-05-31 00:03:19.167819,2026-05-31 00:03:19.148046,2026-05-31 00:03:19.148046
EXCLUDED,13311,314,253,21,country,True,3,B_ZERO_AUTHORITATIVE_MATCH/ZM_MISSING_GENUINE_MEMBERSHIP,no active membership in authoritative round 3; winner never chosen,2026-06-30 00:20:15.589044,2026-06-30 00:20:15.566647,2026-06-30 00:20:15.566647
EXCLUDED,15116,314,255,26,country,True,3,B_ZERO_AUTHORITATIVE_MATCH/ZM_MISSING_GENUINE_MEMBERSHIP,no active membership in authoritative round 3; winner never chosen,2026-07-31 00:04:56.842738,2026-07-31 00:04:56.814629,2026-07-31 00:04:56.814629
EXCLUDED,18372,314,257,27,country,True,3,B_ZERO_AUTHORITATIVE_MATCH/ZM_MISSING_GENUINE_MEMBERSHIP,no active membership in authoritative round 3; winner never chosen,2026-09-03 12:08:41.965020,2026-09-03 12:08:41.927404,2026-09-03 12:08:41.927404
EXCLUDED,8778,318,249,1,continent,True,3,B_ZERO_AUTHORITATIVE_MATCH/ZM_MISSING_GENUINE_MEMBERSHIP,no active membership in authoritative round 3; winner never chosen,2026-05-31 01:03:11.401676,2026-05-02 01:35:15.581559,2026-05-31 01:03:11.380308
EXCLUDED,10271,318,252,2,continent,True,3,B_ZERO_AUTHORITATIVE_MATCH/ZM_MISSING_GENUINE_MEMBERSHIP,no active membership in authoritative round 3; winner never chosen,2026-05-31 00:03:15.733640,2026-05-31 00:03:15.707424,2026-05-31 00:03:15.707424
EXCLUDED,10508,318,241,4,country,True,3,B_ZERO_AUTHORITATIVE_MATCH/ZM_MISSING_GENUINE_MEMBERSHIP,no active membership in authoritative round 3; winner never chosen,2026-05-31 00:03:19.194768,2026-05-31 00:03:19.173957,2026-05-31 00:03:19.173957
EXCLUDED,13312,318,253,21,country,True,3,B_ZERO_AUTHORITATIVE_MATCH/ZM_MISSING_GENUINE_MEMBERSHIP,no active membership in authoritative round 3; winner never chosen,2026-06-30 00:20:15.631353,2026-06-30 00:20:15.596588,2026-06-30 00:20:15.596588
EXCLUDED,15117,318,255,26,country,True,3,B_ZERO_AUTHORITATIVE_MATCH/ZM_MISSING_GENUINE_MEMBERSHIP,no active membership in authoritative round 3; winner never chosen,2026-07-31 00:04:56.880568,2026-07-31 00:04:56.852532,2026-07-31 00:04:56.852532
EXCLUDED,18373,318,257,27,country,True,3,B_ZERO_AUTHORITATIVE_MATCH/ZM_MISSING_GENUINE_MEMBERSHIP,no active membership in authoritative round 3; winner never chosen,2026-09-03 12:08:42.013805,2026-09-03 12:08:41.974484,2026-09-03 12:08:41.974484
EXCLUDED,8780,322,249,1,continent,True,3,B_ZERO_AUTHORITATIVE_MATCH/ZM_MISSING_GENUINE_MEMBERSHIP,no active membership in authoritative round 3; winner never chosen,2026-05-31 01:03:11.459814,2026-05-02 01:35:15.628432,2026-05-31 01:03:11.438213
EXCLUDED,10273,322,252,2,continent,True,3,B_ZERO_AUTHORITATIVE_MATCH/ZM_MISSING_GENUINE_MEMBERSHIP,no active membership in authoritative round 3; winner never chosen,2026-05-31 00:03:15.797715,2026-05-31 00:03:15.771779,2026-05-31 00:03:15.771779
EXCLUDED,10509,322,241,4,country,True,3,B_ZERO_AUTHORITATIVE_MATCH/ZM_MISSING_GENUINE_MEMBERSHIP,no active membership in authoritative round 3; winner never chosen,2026-05-31 00:03:19.235098,2026-05-31 00:03:19.205779,2026-05-31 00:03:19.205779
EXCLUDED,13313,322,253,21,country,True,3,B_ZERO_AUTHORITATIVE_MATCH/ZM_MISSING_GENUINE_MEMBERSHIP,no active membership in authoritative round 3; winner never chosen,2026-06-30 00:20:15.665610,2026-06-30 00:20:15.638605,2026-06-30 00:20:15.638605
EXCLUDED,15118,322,255,26,country,True,3,B_ZERO_AUTHORITATIVE_MATCH/ZM_MISSING_GENUINE_MEMBERSHIP,no active membership in authoritative round 3; winner never chosen,2026-07-31 00:04:56.919217,2026-07-31 00:04:56.889913,2026-07-31 00:04:56.889913
EXCLUDED,18374,322,257,27,country,True,3,B_ZERO_AUTHORITATIVE_MATCH/ZM_MISSING_GENUINE_MEMBERSHIP,no active membership in authoritative round 3; winner never chosen,2026-09-03 12:08:42.077850,2026-09-03 12:08:42.028532,2026-09-03 12:08:42.028532
EXCLUDED,8782,326,249,1,continent,True,3,B_ZERO_AUTHORITATIVE_MATCH/ZM_MISSING_GENUINE_MEMBERSHIP,no active membership in authoritative round 3; winner never chosen,2026-05-31 01:03:11.509685,2026-05-02 01:35:15.676279,2026-05-31 01:03:11.491256
EXCLUDED,10275,326,252,2,continent,True,3,B_ZERO_AUTHORITATIVE_MATCH/ZM_MISSING_GENUINE_MEMBERSHIP,no active membership in authoritative round 3; winner never chosen,2026-05-31 00:03:15.856000,2026-05-31 00:03:15.834381,2026-05-31 00:03:15.834381
EXCLUDED,10510,326,241,4,country,True,3,B_ZERO_AUTHORITATIVE_MATCH/ZM_MISSING_GENUINE_MEMBERSHIP,no active membership in authoritative round 3; winner never chosen,2026-05-31 00:03:19.266973,2026-05-31 00:03:19.244875,2026-05-31 00:03:19.244875
EXCLUDED,13314,326,253,21,country,True,3,B_ZERO_AUTHORITATIVE_MATCH/ZM_MISSING_GENUINE_MEMBERSHIP,no active membership in authoritative round 3; winner never chosen,2026-06-30 00:20:15.697638,2026-06-30 00:20:15.673272,2026-06-30 00:20:15.673272
EXCLUDED,15119,326,255,26,country,True,3,B_ZERO_AUTHORITATIVE_MATCH/ZM_MISSING_GENUINE_MEMBERSHIP,no active membership in authoritative round 3; winner never chosen,2026-07-31 00:04:56.960083,2026-07-31 00:04:56.928749,2026-07-31 00:04:56.928749
EXCLUDED,18375,326,257,27,country,True,3,B_ZERO_AUTHORITATIVE_MATCH/ZM_MISSING_GENUINE_MEMBERSHIP,no active membership in authoritative round 3; winner never chosen,2026-09-03 12:08:42.147221,2026-09-03 12:08:42.098707,2026-09-03 12:08:42.098707
EXCLUDED,8784,330,249,1,continent,True,3,B_ZERO_AUTHORITATIVE_MATCH/ZM_MISSING_GENUINE_MEMBERSHIP,no active membership in authoritative round 3; winner never chosen,2026-05-31 01:03:11.560007,2026-05-02 01:35:15.722101,2026-05-31 01:03:11.540601
EXCLUDED,10277,330,252,2,continent,True,3,B_ZERO_AUTHORITATIVE_MATCH/ZM_MISSING_GENUINE_MEMBERSHIP,no active membership in authoritative round 3; winner never chosen,2026-05-31 00:03:15.910987,2026-05-31 00:03:15.890424,2026-05-31 00:03:15.890424
EXCLUDED,10511,330,241,4,country,True,3,B_ZERO_AUTHORITATIVE_MATCH/ZM_MISSING_GENUINE_MEMBERSHIP,no active membership in authoritative round 3; winner never chosen,2026-05-31 00:03:19.290179,2026-05-31 00:03:19.272580,2026-05-31 00:03:19.272580
EXCLUDED,13315,330,253,21,country,True,3,B_ZERO_AUTHORITATIVE_MATCH/ZM_MISSING_GENUINE_MEMBERSHIP,no active membership in authoritative round 3; winner never chosen,2026-06-30 00:20:15.729353,2026-06-30 00:20:15.704869,2026-06-30 00:20:15.704869
EXCLUDED,15120,330,255,26,country,True,3,B_ZERO_AUTHORITATIVE_MATCH/ZM_MISSING_GENUINE_MEMBERSHIP,no active membership in authoritative round 3; winner never chosen,2026-07-31 00:04:57.004818,2026-07-31 00:04:56.969771,2026-07-31 00:04:56.969771
EXCLUDED,18376,330,257,27,country,True,3,B_ZERO_AUTHORITATIVE_MATCH/ZM_MISSING_GENUINE_MEMBERSHIP,no active membership in authoritative round 3; winner never chosen,2026-09-03 12:08:42.217374,2026-09-03 12:08:42.173242,2026-09-03 12:08:42.173242
EXCLUDED,8786,334,249,1,continent,True,3,B_ZERO_AUTHORITATIVE_MATCH/ZM_MISSING_GENUINE_MEMBERSHIP,no active membership in authoritative round 3; winner never chosen,2026-05-31 01:03:11.620150,2026-05-02 01:35:15.773206,2026-05-31 01:03:11.593273
EXCLUDED,10279,334,252,2,continent,True,3,B_ZERO_AUTHORITATIVE_MATCH/ZM_MISSING_GENUINE_MEMBERSHIP,no active membership in authoritative round 3; winner never chosen,2026-05-31 00:03:15.964805,2026-05-31 00:03:15.943428,2026-05-31 00:03:15.943428
EXCLUDED,10512,334,241,4,country,True,3,B_ZERO_AUTHORITATIVE_MATCH/ZM_MISSING_GENUINE_MEMBERSHIP,no active membership in authoritative round 3; winner never chosen,2026-05-31 00:03:19.320507,2026-05-31 00:03:19.297203,2026-05-31 00:03:19.297203
EXCLUDED,13316,334,253,21,country,True,3,B_ZERO_AUTHORITATIVE_MATCH/ZM_MISSING_GENUINE_MEMBERSHIP,no active membership in authoritative round 3; winner never chosen,2026-06-30 00:20:15.758602,2026-06-30 00:20:15.737478,2026-06-30 00:20:15.737478
EXCLUDED,15121,334,255,26,country,True,3,B_ZERO_AUTHORITATIVE_MATCH/ZM_MISSING_GENUINE_MEMBERSHIP,no active membership in authoritative round 3; winner never chosen,2026-07-31 00:04:57.056451,2026-07-31 00:04:57.021057,2026-07-31 00:04:57.021057
EXCLUDED,18377,334,257,27,country,True,3,B_ZERO_AUTHORITATIVE_MATCH/ZM_MISSING_GENUINE_MEMBERSHIP,no active membership in authoritative round 3; winner never chosen,2026-09-03 12:08:42.263691,2026-09-03 12:08:42.230766,2026-09-03 12:08:42.230766
EXCLUDED,8789,338,249,1,continent,True,3,B_ZERO_AUTHORITATIVE_MATCH/ZM_MISSING_GENUINE_MEMBERSHIP,no active membership in authoritative round 3; winner never chosen,2026-05-31 01:03:11.680088,2026-05-02 01:35:15.825230,2026-05-31 01:03:11.660966
EXCLUDED,10282,338,252,2,continent,True,3,B_ZERO_AUTHORITATIVE_MATCH/ZM_MISSING_GENUINE_MEMBERSHIP,no active membership in authoritative round 3; winner never chosen,2026-05-31 00:03:16.030815,2026-05-31 00:03:16.006788,2026-05-31 00:03:16.006788
EXCLUDED,10513,338,241,4,country,True,3,B_ZERO_AUTHORITATIVE_MATCH/ZM_MISSING_GENUINE_MEMBERSHIP,no active membership in authoritative round 3; winner never chosen,2026-05-31 00:03:19.347483,2026-05-31 00:03:19.327130,2026-05-31 00:03:19.327130
EXCLUDED,13317,338,253,21,country,True,3,B_ZERO_AUTHORITATIVE_MATCH/ZM_MISSING_GENUINE_MEMBERSHIP,no active membership in authoritative round 3; winner never chosen,2026-06-30 00:20:15.788155,2026-06-30 00:20:15.765434,2026-06-30 00:20:15.765434
EXCLUDED,15122,338,255,26,country,True,3,B_ZERO_AUTHORITATIVE_MATCH/ZM_MISSING_GENUINE_MEMBERSHIP,no active membership in authoritative round 3; winner never chosen,2026-07-31 00:04:57.098268,2026-07-31 00:04:57.067106,2026-07-31 00:04:57.067106
EXCLUDED,18378,338,257,27,country,True,3,B_ZERO_AUTHORITATIVE_MATCH/ZM_MISSING_GENUINE_MEMBERSHIP,no active membership in authoritative round 3; winner never chosen,2026-09-03 12:08:42.311299,2026-09-03 12:08:42.275345,2026-09-03 12:08:42.275345
EXCLUDED,8791,342,249,1,continent,True,3,B_ZERO_AUTHORITATIVE_MATCH/ZM_MISSING_GENUINE_MEMBERSHIP,no active membership in authoritative round 3; winner never chosen,2026-05-31 01:03:11.735873,2026-05-02 01:35:15.871307,2026-05-31 01:03:11.714688
EXCLUDED,10285,342,252,2,continent,True,3,B_ZERO_AUTHORITATIVE_MATCH/ZM_MISSING_GENUINE_MEMBERSHIP,no active membership in authoritative round 3; winner never chosen,2026-05-31 00:03:16.099846,2026-05-31 00:03:16.068665,2026-05-31 00:03:16.068665
EXCLUDED,10514,342,241,4,country,True,3,B_ZERO_AUTHORITATIVE_MATCH/ZM_MISSING_GENUINE_MEMBERSHIP,no active membership in authoritative round 3; winner never chosen,2026-05-31 00:03:19.375056,2026-05-31 00:03:19.354487,2026-05-31 00:03:19.354487
EXCLUDED,13318,342,253,21,country,True,3,B_ZERO_AUTHORITATIVE_MATCH/ZM_MISSING_GENUINE_MEMBERSHIP,no active membership in authoritative round 3; winner never chosen,2026-06-30 00:20:15.824356,2026-06-30 00:20:15.796472,2026-06-30 00:20:15.796472
EXCLUDED,15123,342,255,26,country,True,3,B_ZERO_AUTHORITATIVE_MATCH/ZM_MISSING_GENUINE_MEMBERSHIP,no active membership in authoritative round 3; winner never chosen,2026-07-31 00:04:57.134201,2026-07-31 00:04:57.107693,2026-07-31 00:04:57.107693
EXCLUDED,18379,342,257,27,country,True,3,B_ZERO_AUTHORITATIVE_MATCH/ZM_MISSING_GENUINE_MEMBERSHIP,no active membership in authoritative round 3; winner never chosen,2026-09-03 12:08:42.380126,2026-09-03 12:08:42.326494,2026-09-03 12:08:42.326494
EXCLUDED,9713,346,249,1,continent,True,3,B_ZERO_AUTHORITATIVE_MATCH/ZM_MISSING_GENUINE_MEMBERSHIP,no active membership in authoritative round 3; winner never chosen,2026-05-31 01:03:11.787152,2026-05-31 00:03:09.005355,2026-05-31 01:03:11.767409
EXCLUDED,10288,346,252,2,continent,True,3,B_ZERO_AUTHORITATIVE_MATCH/ZM_MISSING_GENUINE_MEMBERSHIP,no active membership in authoritative round 3; winner never chosen,2026-06-30 00:20:12.612282,2026-05-31 00:03:16.138098,2026-06-30 00:20:12.603648
EXCLUDED,10515,346,241,4,country,True,3,B_ZERO_AUTHORITATIVE_MATCH/ZM_MISSING_GENUINE_MEMBERSHIP,no active membership in authoritative round 3; winner never chosen,2026-05-31 00:03:19.404274,2026-05-31 00:03:19.381437,2026-05-31 00:03:19.381437
EXCLUDED,13319,346,253,21,country,True,3,B_ZERO_AUTHORITATIVE_MATCH/ZM_MISSING_GENUINE_MEMBERSHIP,no active membership in authoritative round 3; winner never chosen,2026-06-30 00:20:15.852829,2026-06-30 00:20:15.831945,2026-06-30 00:20:15.831945
EXCLUDED,15124,346,255,26,country,True,3,B_ZERO_AUTHORITATIVE_MATCH/ZM_MISSING_GENUINE_MEMBERSHIP,no active membership in authoritative round 3; winner never chosen,2026-07-31 00:04:57.168882,2026-07-31 00:04:57.142955,2026-07-31 00:04:57.142955
EXCLUDED,18380,346,257,27,country,True,3,B_ZERO_AUTHORITATIVE_MATCH/ZM_MISSING_GENUINE_MEMBERSHIP,no active membership in authoritative round 3; winner never chosen,2026-09-03 12:08:42.455004,2026-09-03 12:08:42.409837,2026-09-03 12:08:42.409837
EXCLUDED,9714,346,251,1,global,True,3,B_ZERO_AUTHORITATIVE_MATCH/ZM_MISSING_GENUINE_MEMBERSHIP,no active membership in authoritative round 3; winner never chosen,2026-05-31 00:03:09.031619,2026-05-31 00:03:09.005355,2026-05-31 00:03:09.005355
EXCLUDED,12322,346,256,2,global,True,3,B_ZERO_AUTHORITATIVE_MATCH/ZM_MISSING_GENUINE_MEMBERSHIP,no active membership in authoritative round 3; winner never chosen,2026-06-17 18:26:35.236224,2026-06-17 18:26:35.214246,2026-06-17 18:26:35.214246
EXCLUDED,8793,350,249,1,continent,True,3,B_ZERO_AUTHORITATIVE_MATCH/ZM_MISSING_GENUINE_MEMBERSHIP,no active membership in authoritative round 3; winner never chosen,2026-05-31 01:03:11.844211,2026-05-02 01:35:15.922315,2026-05-31 01:03:11.822702
EXCLUDED,10290,350,252,2,continent,True,3,B_ZERO_AUTHORITATIVE_MATCH/ZM_MISSING_GENUINE_MEMBERSHIP,no active membership in authoritative round 3; winner never chosen,2026-06-30 00:20:12.649139,2026-05-31 00:03:16.192653,2026-06-30 00:20:12.640195
EXCLUDED,10516,350,241,4,country,True,3,B_ZERO_AUTHORITATIVE_MATCH/ZM_ALL_ACTIVE_MEMBERSHIPS_FOREIGN,no active membership in authoritative round 3; winner never chosen,2026-05-31 00:03:19.434282,2026-05-31 00:03:19.411001,2026-05-31 00:03:19.411001
EXCLUDED,13320,350,253,21,country,True,3,B_ZERO_AUTHORITATIVE_MATCH/ZM_ALL_ACTIVE_MEMBERSHIPS_FOREIGN,no active membership in authoritative round 3; winner never chosen,2026-06-30 00:20:15.880673,2026-06-30 00:20:15.859514,2026-06-30 00:20:15.859514
EXCLUDED,15125,350,255,26,country,True,3,B_ZERO_AUTHORITATIVE_MATCH/ZM_ALL_ACTIVE_MEMBERSHIPS_FOREIGN,no active membership in authoritative round 3; winner never chosen,2026-07-31 00:04:57.206964,2026-07-31 00:04:57.177739,2026-07-31 00:04:57.177739
EXCLUDED,18381,350,257,27,country,True,3,B_ZERO_AUTHORITATIVE_MATCH/ZM_ALL_ACTIVE_MEMBERSHIPS_FOREIGN,no active membership in authoritative round 3; winner never chosen,2026-09-03 12:08:42.532763,2026-09-03 12:08:42.470958,2026-09-03 12:08:42.470958
EXCLUDED,9671,350,251,1,global,True,3,B_ZERO_AUTHORITATIVE_MATCH/ZM_MISSING_GENUINE_MEMBERSHIP,no active membership in authoritative round 3; winner never chosen,2026-05-31 00:03:09.096907,2026-05-31 00:03:06.986212,2026-05-31 00:03:09.072053
EXCLUDED,12320,350,256,2,global,True,3,B_ZERO_AUTHORITATIVE_MATCH/ZM_MISSING_GENUINE_MEMBERSHIP,no active membership in authoritative round 3; winner never chosen,2026-06-17 18:26:35.174215,2026-06-17 18:26:35.151348,2026-06-17 18:26:35.151348
EXCLUDED,8795,354,249,1,continent,True,3,B_ZERO_AUTHORITATIVE_MATCH/ZM_MISSING_GENUINE_MEMBERSHIP,no active membership in authoritative round 3; winner never chosen,2026-05-31 01:03:11.895488,2026-05-02 01:35:15.973521,2026-05-31 01:03:11.874382
EXCLUDED,10292,354,252,2,continent,True,3,B_ZERO_AUTHORITATIVE_MATCH/ZM_MISSING_GENUINE_MEMBERSHIP,no active membership in authoritative round 3; winner never chosen,2026-06-30 00:20:12.686004,2026-05-31 00:03:16.245377,2026-06-30 00:20:12.676468
EXCLUDED,10517,354,241,4,country,True,3,B_ZERO_AUTHORITATIVE_MATCH/ZM_MISSING_GENUINE_MEMBERSHIP,no active membership in authoritative round 3; winner never chosen,2026-05-31 00:03:19.465421,2026-05-31 00:03:19.442082,2026-05-31 00:03:19.442082
EXCLUDED,13321,354,253,21,country,True,3,B_ZERO_AUTHORITATIVE_MATCH/ZM_MISSING_GENUINE_MEMBERSHIP,no active membership in authoritative round 3; winner never chosen,2026-06-30 00:20:15.916312,2026-06-30 00:20:15.888122,2026-06-30 00:20:15.888122
EXCLUDED,15126,354,255,26,country,True,3,B_ZERO_AUTHORITATIVE_MATCH/ZM_MISSING_GENUINE_MEMBERSHIP,no active membership in authoritative round 3; winner never chosen,2026-07-31 00:04:57.248949,2026-07-31 00:04:57.216494,2026-07-31 00:04:57.216494
EXCLUDED,18382,354,257,27,country,True,3,B_ZERO_AUTHORITATIVE_MATCH/ZM_MISSING_GENUINE_MEMBERSHIP,no active membership in authoritative round 3; winner never chosen,2026-09-03 12:08:42.580829,2026-09-03 12:08:42.549596,2026-09-03 12:08:42.549596
EXCLUDED,9648,354,251,1,global,True,3,B_ZERO_AUTHORITATIVE_MATCH/ZM_MISSING_GENUINE_MEMBERSHIP,no active membership in authoritative round 3; winner never chosen,2026-05-31 00:03:09.157430,2026-05-31 00:03:06.833137,2026-05-31 00:03:09.134013
EXCLUDED,12318,354,256,2,global,True,3,B_ZERO_AUTHORITATIVE_MATCH/ZM_MISSING_GENUINE_MEMBERSHIP,no active membership in authoritative round 3; winner never chosen,2026-06-17 18:26:35.112561,2026-06-17 18:26:35.090392,2026-06-17 18:26:35.090392
EXCLUDED,8797,358,249,1,continent,True,3,B_ZERO_AUTHORITATIVE_MATCH/ZM_MISSING_GENUINE_MEMBERSHIP,no active membership in authoritative round 3; winner never chosen,2026-05-31 01:03:11.950814,2026-05-02 01:35:16.025193,2026-05-31 01:03:11.928205
EXCLUDED,10294,358,252,2,continent,True,3,B_ZERO_AUTHORITATIVE_MATCH/ZM_MISSING_GENUINE_MEMBERSHIP,no active membership in authoritative round 3; winner never chosen,2026-06-30 00:20:12.726408,2026-05-31 00:03:16.301366,2026-06-30 00:20:12.717109
EXCLUDED,10518,358,241,4,country,True,3,B_ZERO_AUTHORITATIVE_MATCH/ZM_MISSING_GENUINE_MEMBERSHIP,no active membership in authoritative round 3; winner never chosen,2026-05-31 00:03:19.495408,2026-05-31 00:03:19.472933,2026-05-31 00:03:19.472933
EXCLUDED,13322,358,253,21,country,True,3,B_ZERO_AUTHORITATIVE_MATCH/ZM_MISSING_GENUINE_MEMBERSHIP,no active membership in authoritative round 3; winner never chosen,2026-06-30 00:20:15.947200,2026-06-30 00:20:15.923751,2026-06-30 00:20:15.923751
EXCLUDED,15127,358,255,26,country,True,3,B_ZERO_AUTHORITATIVE_MATCH/ZM_MISSING_GENUINE_MEMBERSHIP,no active membership in authoritative round 3; winner never chosen,2026-07-31 00:04:57.298521,2026-07-31 00:04:57.265480,2026-07-31 00:04:57.265480
EXCLUDED,18383,358,257,27,country,True,3,B_ZERO_AUTHORITATIVE_MATCH/ZM_MISSING_GENUINE_MEMBERSHIP,no active membership in authoritative round 3; winner never chosen,2026-09-03 12:08:42.658440,2026-09-03 12:08:42.596274,2026-09-03 12:08:42.596274
EXCLUDED,9646,358,251,1,global,True,3,B_ZERO_AUTHORITATIVE_MATCH/ZM_MISSING_GENUINE_MEMBERSHIP,no active membership in authoritative round 3; winner never chosen,2026-05-31 00:03:09.218870,2026-05-31 00:03:06.771706,2026-05-31 00:03:09.199081
EXCLUDED,12313,358,256,2,global,True,3,B_ZERO_AUTHORITATIVE_MATCH/ZM_MISSING_GENUINE_MEMBERSHIP,no active membership in authoritative round 3; winner never chosen,2026-06-17 18:26:35.038579,2026-06-17 18:26:35.018516,2026-06-17 18:26:35.018516
EXCLUDED,5511,362,249,1,continent,True,3,B_ZERO_AUTHORITATIVE_MATCH/ZM_MISSING_GENUINE_MEMBERSHIP,no active membership in authoritative round 3; winner never chosen,2026-05-31 01:03:12.015707,2026-05-02 00:27:55.657731,2026-05-31 01:03:11.988367
EXCLUDED,10296,362,252,2,continent,True,3,B_ZERO_AUTHORITATIVE_MATCH/ZM_MISSING_GENUINE_MEMBERSHIP,no active membership in authoritative round 3; winner never chosen,2026-06-30 00:20:12.766377,2026-05-31 00:03:16.358389,2026-06-30 00:20:12.757140
EXCLUDED,10519,362,241,4,country,True,3,B_ZERO_AUTHORITATIVE_MATCH/ZM_ALL_ACTIVE_MEMBERSHIPS_FOREIGN,no active membership in authoritative round 3; winner never chosen,2026-05-31 00:03:19.522547,2026-05-31 00:03:19.501879,2026-05-31 00:03:19.501879
EXCLUDED,13323,362,253,21,country,True,3,B_ZERO_AUTHORITATIVE_MATCH/ZM_ALL_ACTIVE_MEMBERSHIPS_FOREIGN,no active membership in authoritative round 3; winner never chosen,2026-06-30 00:20:15.977011,2026-06-30 00:20:15.954738,2026-06-30 00:20:15.954738
EXCLUDED,15128,362,255,26,country,True,3,B_ZERO_AUTHORITATIVE_MATCH/ZM_ALL_ACTIVE_MEMBERSHIPS_FOREIGN,no active membership in authoritative round 3; winner never chosen,2026-07-31 00:04:57.343941,2026-07-31 00:04:57.309558,2026-07-31 00:04:57.309558
EXCLUDED,18384,362,257,27,country,True,3,B_ZERO_AUTHORITATIVE_MATCH/ZM_ALL_ACTIVE_MEMBERSHIPS_FOREIGN,no active membership in authoritative round 3; winner never chosen,2026-09-03 12:08:42.717431,2026-09-03 12:08:42.671763,2026-09-03 12:08:42.671763
EXCLUDED,9644,362,251,1,global,True,3,B_ZERO_AUTHORITATIVE_MATCH/ZM_MISSING_GENUINE_MEMBERSHIP,no active membership in authoritative round 3; winner never chosen,2026-05-31 00:03:09.273827,2026-05-31 00:03:06.692228,2026-05-31 00:03:09.254484
EXCLUDED,12311,362,256,2,global,True,3,B_ZERO_AUTHORITATIVE_MATCH/ZM_MISSING_GENUINE_MEMBERSHIP,no active membership in authoritative round 3; winner never chosen,2026-06-17 18:26:34.979959,2026-06-17 18:26:34.958426,2026-06-17 18:26:34.958426
EXCLUDED,8799,366,249,1,continent,True,3,B_ZERO_AUTHORITATIVE_MATCH/ZM_MISSING_GENUINE_MEMBERSHIP,no active membership in authoritative round 3; winner never chosen,2026-05-31 01:03:12.085968,2026-05-02 01:35:16.103940,2026-05-31 01:03:12.062771
EXCLUDED,10298,366,252,2,continent,True,3,B_ZERO_AUTHORITATIVE_MATCH/ZM_MISSING_GENUINE_MEMBERSHIP,no active membership in authoritative round 3; winner never chosen,2026-06-30 00:20:12.812790,2026-05-31 00:03:16.418388,2026-06-30 00:20:12.801983
EXCLUDED,10520,366,241,4,country,True,3,B_ZERO_AUTHORITATIVE_MATCH/ZM_MISSING_GENUINE_MEMBERSHIP,no active membership in authoritative round 3; winner never chosen,2026-05-31 00:03:19.547059,2026-05-31 00:03:19.528362,2026-05-31 00:03:19.528362
EXCLUDED,13324,366,253,21,country,True,3,B_ZERO_AUTHORITATIVE_MATCH/ZM_MISSING_GENUINE_MEMBERSHIP,no active membership in authoritative round 3; winner never chosen,2026-06-30 00:20:16.009442,2026-06-30 00:20:15.984651,2026-06-30 00:20:15.984651
EXCLUDED,15129,366,255,26,country,True,3,B_ZERO_AUTHORITATIVE_MATCH/ZM_MISSING_GENUINE_MEMBERSHIP,no active membership in authoritative round 3; winner never chosen,2026-07-31 00:04:57.384540,2026-07-31 00:04:57.353807,2026-07-31 00:04:57.353807
EXCLUDED,18385,366,257,27,country,True,3,B_ZERO_AUTHORITATIVE_MATCH/ZM_MISSING_GENUINE_MEMBERSHIP,no active membership in authoritative round 3; winner never chosen,2026-09-03 12:08:42.776082,2026-09-03 12:08:42.731901,2026-09-03 12:08:42.731901
EXCLUDED,9642,366,251,1,global,True,3,B_ZERO_AUTHORITATIVE_MATCH/ZM_MISSING_GENUINE_MEMBERSHIP,no active membership in authoritative round 3; winner never chosen,2026-05-31 00:03:09.325262,2026-05-31 00:03:06.618237,2026-05-31 00:03:09.305836
EXCLUDED,12309,366,256,2,global,True,3,B_ZERO_AUTHORITATIVE_MATCH/ZM_MISSING_GENUINE_MEMBERSHIP,no active membership in authoritative round 3; winner never chosen,2026-06-17 18:26:34.923831,2026-06-17 18:26:34.903075,2026-06-17 18:26:34.903075
EXCLUDED,10521,370,241,4,country,True,3,B_ZERO_AUTHORITATIVE_MATCH/ZM_MISSING_GENUINE_MEMBERSHIP,no active membership in authoritative round 3; winner never chosen,2026-05-31 00:03:19.570099,2026-05-31 00:03:19.553069,2026-05-31 00:03:19.553069
EXCLUDED,13325,370,253,21,country,True,3,B_ZERO_AUTHORITATIVE_MATCH/ZM_MISSING_GENUINE_MEMBERSHIP,no active membership in authoritative round 3; winner never chosen,2026-06-30 00:20:16.040198,2026-06-30 00:20:16.017090,2026-06-30 00:20:16.017090
EXCLUDED,15130,370,255,26,country,True,3,B_ZERO_AUTHORITATIVE_MATCH/ZM_MISSING_GENUINE_MEMBERSHIP,no active membership in authoritative round 3; winner never chosen,2026-07-31 00:04:57.425004,2026-07-31 00:04:57.394237,2026-07-31 00:04:57.394237
EXCLUDED,18386,370,257,27,country,True,3,B_ZERO_AUTHORITATIVE_MATCH/ZM_MISSING_GENUINE_MEMBERSHIP,no active membership in authoritative round 3; winner never chosen,2026-09-03 12:08:42.837073,2026-09-03 12:08:42.798156,2026-09-03 12:08:42.798156
EXCLUDED,9640,370,251,1,global,True,3,B_ZERO_AUTHORITATIVE_MATCH/ZM_MISSING_GENUINE_MEMBERSHIP,no active membership in authoritative round 3; winner never chosen,2026-05-31 00:03:09.381473,2026-05-31 00:03:06.554976,2026-05-31 00:03:09.357071
EXCLUDED,12307,370,256,2,global,True,3,B_ZERO_AUTHORITATIVE_MATCH/ZM_MISSING_GENUINE_MEMBERSHIP,no active membership in authoritative round 3; winner never chosen,2026-06-30 00:20:12.871993,2026-06-17 18:26:34.839164,2026-06-30 00:20:12.840046
EXCLUDED,10522,374,241,4,country,True,3,B_ZERO_AUTHORITATIVE_MATCH/ZM_MISSING_GENUINE_MEMBERSHIP,no active membership in authoritative round 3; winner never chosen,2026-05-31 00:03:19.594884,2026-05-31 00:03:19.575873,2026-05-31 00:03:19.575873
EXCLUDED,13326,374,253,21,country,True,3,B_ZERO_AUTHORITATIVE_MATCH/ZM_MISSING_GENUINE_MEMBERSHIP,no active membership in authoritative round 3; winner never chosen,2026-06-30 00:20:16.068614,2026-06-30 00:20:16.046473,2026-06-30 00:20:16.046473
EXCLUDED,15131,374,255,26,country,True,3,B_ZERO_AUTHORITATIVE_MATCH/ZM_MISSING_GENUINE_MEMBERSHIP,no active membership in authoritative round 3; winner never chosen,2026-07-31 00:04:57.467799,2026-07-31 00:04:57.437517,2026-07-31 00:04:57.437517
EXCLUDED,18387,374,257,27,country,True,3,B_ZERO_AUTHORITATIVE_MATCH/ZM_MISSING_GENUINE_MEMBERSHIP,no active membership in authoritative round 3; winner never chosen,2026-09-03 12:08:42.887842,2026-09-03 12:08:42.848536,2026-09-03 12:08:42.848536
EXCLUDED,9638,374,251,1,global,True,3,B_ZERO_AUTHORITATIVE_MATCH/ZM_MISSING_GENUINE_MEMBERSHIP,no active membership in authoritative round 3; winner never chosen,2026-05-31 00:03:09.435036,2026-05-31 00:03:06.491658,2026-05-31 00:03:09.416767
EXCLUDED,12305,374,256,2,global,True,3,B_ZERO_AUTHORITATIVE_MATCH/ZM_MISSING_GENUINE_MEMBERSHIP,no active membership in authoritative round 3; winner never chosen,2026-06-30 00:20:12.910047,2026-06-17 18:26:34.780032,2026-06-30 00:20:12.882074
EXCLUDED,10523,378,241,4,country,True,3,B_ZERO_AUTHORITATIVE_MATCH/ZM_MISSING_GENUINE_MEMBERSHIP,no active membership in authoritative round 3; winner never chosen,2026-05-31 00:03:19.619124,2026-05-31 00:03:19.601781,2026-05-31 00:03:19.601781
EXCLUDED,13327,378,253,21,country,True,3,B_ZERO_AUTHORITATIVE_MATCH/ZM_MISSING_GENUINE_MEMBERSHIP,no active membership in authoritative round 3; winner never chosen,2026-06-30 00:20:16.097332,2026-06-30 00:20:16.076452,2026-06-30 00:20:16.076452
EXCLUDED,15132,378,255,26,country,True,3,B_ZERO_AUTHORITATIVE_MATCH/ZM_MISSING_GENUINE_MEMBERSHIP,no active membership in authoritative round 3; winner never chosen,2026-07-31 00:04:57.507750,2026-07-31 00:04:57.476862,2026-07-31 00:04:57.476862
EXCLUDED,18388,378,257,27,country,True,3,B_ZERO_AUTHORITATIVE_MATCH/ZM_MISSING_GENUINE_MEMBERSHIP,no active membership in authoritative round 3; winner never chosen,2026-09-03 12:08:42.955556,2026-09-03 12:08:42.904126,2026-09-03 12:08:42.904126
EXCLUDED,9636,378,251,1,global,True,3,B_ZERO_AUTHORITATIVE_MATCH/ZM_MISSING_GENUINE_MEMBERSHIP,no active membership in authoritative round 3; winner never chosen,2026-05-31 00:03:09.484496,2026-05-31 00:03:06.426027,2026-05-31 00:03:09.467093
EXCLUDED,12303,378,256,2,global,True,3,B_ZERO_AUTHORITATIVE_MATCH/ZM_MISSING_GENUINE_MEMBERSHIP,no active membership in authoritative round 3; winner never chosen,2026-06-30 00:20:12.946657,2026-06-17 18:26:34.726302,2026-06-30 00:20:12.918787
EXCLUDED,10524,386,241,4,country,True,3,B_ZERO_AUTHORITATIVE_MATCH/ZM_MISSING_GENUINE_MEMBERSHIP,no active membership in authoritative round 3; winner never chosen,2026-05-31 00:03:19.642335,2026-05-31 00:03:19.625215,2026-05-31 00:03:19.625215
EXCLUDED,13328,386,253,21,country,True,3,B_ZERO_AUTHORITATIVE_MATCH/ZM_MISSING_GENUINE_MEMBERSHIP,no active membership in authoritative round 3; winner never chosen,2026-06-30 00:20:16.128566,2026-06-30 00:20:16.106012,2026-06-30 00:20:16.106012
EXCLUDED,15133,386,255,26,country,True,3,B_ZERO_AUTHORITATIVE_MATCH/ZM_MISSING_GENUINE_MEMBERSHIP,no active membership in authoritative round 3; winner never chosen,2026-07-31 00:04:57.544295,2026-07-31 00:04:57.516292,2026-07-31 00:04:57.516292
EXCLUDED,18389,386,257,27,country,True,3,B_ZERO_AUTHORITATIVE_MATCH/ZM_MISSING_GENUINE_MEMBERSHIP,no active membership in authoritative round 3; winner never chosen,2026-09-03 12:08:43.023679,2026-09-03 12:08:42.975618,2026-09-03 12:08:42.975618
EXCLUDED,9633,386,251,1,global,True,3,B_ZERO_AUTHORITATIVE_MATCH/ZM_MISSING_GENUINE_MEMBERSHIP,no active membership in authoritative round 3; winner never chosen,2026-05-31 00:03:09.587984,2026-05-31 00:03:06.259179,2026-05-31 00:03:09.568325
EXCLUDED,12299,386,256,2,global,True,3,B_ZERO_AUTHORITATIVE_MATCH/ZM_MISSING_GENUINE_MEMBERSHIP,no active membership in authoritative round 3; winner never chosen,2026-06-30 00:20:12.983123,2026-06-17 18:26:34.612705,2026-06-30 00:20:12.955698
EXCLUDED,10525,390,241,4,country,True,3,B_ZERO_AUTHORITATIVE_MATCH/ZM_MISSING_GENUINE_MEMBERSHIP,no active membership in authoritative round 3; winner never chosen,2026-05-31 00:03:19.665861,2026-05-31 00:03:19.647577,2026-05-31 00:03:19.647577
EXCLUDED,13329,390,253,21,country,True,3,B_ZERO_AUTHORITATIVE_MATCH/ZM_MISSING_GENUINE_MEMBERSHIP,no active membership in authoritative round 3; winner never chosen,2026-06-30 00:20:16.159685,2026-06-30 00:20:16.135708,2026-06-30 00:20:16.135708
EXCLUDED,15134,390,255,26,country,True,3,B_ZERO_AUTHORITATIVE_MATCH/ZM_MISSING_GENUINE_MEMBERSHIP,no active membership in authoritative round 3; winner never chosen,2026-07-31 00:04:57.595084,2026-07-31 00:04:57.557549,2026-07-31 00:04:57.557549
EXCLUDED,18390,390,257,27,country,True,3,B_ZERO_AUTHORITATIVE_MATCH/ZM_MISSING_GENUINE_MEMBERSHIP,no active membership in authoritative round 3; winner never chosen,2026-09-03 12:08:43.150388,2026-09-03 12:08:43.039549,2026-09-03 12:08:28.779011
EXCLUDED,9631,390,251,1,global,True,3,B_ZERO_AUTHORITATIVE_MATCH/ZM_MISSING_GENUINE_MEMBERSHIP,no active membership in authoritative round 3; winner never chosen,2026-05-31 00:03:09.637659,2026-05-31 00:03:06.176048,2026-05-31 00:03:09.619567
EXCLUDED,12297,390,256,2,global,True,3,B_ZERO_AUTHORITATIVE_MATCH/ZM_MISSING_GENUINE_MEMBERSHIP,no active membership in authoritative round 3; winner never chosen,2026-06-30 00:20:13.017772,2026-06-17 18:26:34.558944,2026-06-30 00:20:12.991082
EXCLUDED,10526,394,241,4,country,True,3,B_ZERO_AUTHORITATIVE_MATCH/ZM_MISSING_GENUINE_MEMBERSHIP,no active membership in authoritative round 3; winner never chosen,2026-05-31 00:03:19.695854,2026-05-31 00:03:19.671687,2026-05-31 00:03:19.671687
EXCLUDED,13330,394,253,21,country,True,3,B_ZERO_AUTHORITATIVE_MATCH/ZM_MISSING_GENUINE_MEMBERSHIP,no active membership in authoritative round 3; winner never chosen,2026-06-30 00:20:16.190904,2026-06-30 00:20:16.166316,2026-06-30 00:20:16.166316
EXCLUDED,15135,394,255,26,country,True,3,B_ZERO_AUTHORITATIVE_MATCH/ZM_MISSING_GENUINE_MEMBERSHIP,no active membership in authoritative round 3; winner never chosen,2026-07-31 00:04:57.637909,2026-07-31 00:04:57.606223,2026-07-31 00:04:57.606223
EXCLUDED,18391,394,257,27,country,True,3,B_ZERO_AUTHORITATIVE_MATCH/ZM_MISSING_GENUINE_MEMBERSHIP,no active membership in authoritative round 3; winner never chosen,2026-09-03 12:08:43.131237,2026-09-03 12:08:43.090632,2026-09-03 12:08:43.090632
EXCLUDED,9629,394,251,1,global,True,3,B_ZERO_AUTHORITATIVE_MATCH/ZM_MISSING_GENUINE_MEMBERSHIP,no active membership in authoritative round 3; winner never chosen,2026-05-31 00:03:09.691464,2026-05-31 00:03:06.108343,2026-05-31 00:03:09.672358
EXCLUDED,12295,394,256,2,global,True,3,B_ZERO_AUTHORITATIVE_MATCH/ZM_MISSING_GENUINE_MEMBERSHIP,no active membership in authoritative round 3; winner never chosen,2026-06-30 00:20:13.048058,2026-06-17 18:26:34.494625,2026-06-30 00:20:13.024812
EXCLUDED,10528,398,241,4,country,True,3,B_ZERO_AUTHORITATIVE_MATCH/ZM_MISSING_GENUINE_MEMBERSHIP,no active membership in authoritative round 3; winner never chosen,2026-05-31 00:03:19.732830,2026-05-31 00:03:19.704279,2026-05-31 00:03:19.704279
EXCLUDED,13331,398,253,21,country,True,3,B_ZERO_AUTHORITATIVE_MATCH/ZM_MISSING_GENUINE_MEMBERSHIP,no active membership in authoritative round 3; winner never chosen,2026-06-30 00:20:16.220137,2026-06-30 00:20:16.196926,2026-06-30 00:20:16.196926
EXCLUDED,15136,398,255,26,country,True,3,B_ZERO_AUTHORITATIVE_MATCH/ZM_MISSING_GENUINE_MEMBERSHIP,no active membership in authoritative round 3; winner never chosen,2026-07-31 00:04:57.688814,2026-07-31 00:04:57.652552,2026-07-31 00:04:57.652552
EXCLUDED,18392,398,257,27,country,True,3,B_ZERO_AUTHORITATIVE_MATCH/ZM_MISSING_GENUINE_MEMBERSHIP,no active membership in authoritative round 3; winner never chosen,2026-09-03 12:08:43.228644,2026-09-03 12:08:43.142546,2026-09-03 12:08:43.172713
EXCLUDED,9627,398,251,1,global,True,3,B_ZERO_AUTHORITATIVE_MATCH/ZM_MISSING_GENUINE_MEMBERSHIP,no active membership in authoritative round 3; winner never chosen,2026-05-31 00:03:09.772811,2026-05-31 00:03:06.045236,2026-05-31 00:03:09.753889
EXCLUDED,12293,398,256,2,global,True,3,B_ZERO_AUTHORITATIVE_MATCH/ZM_MISSING_GENUINE_MEMBERSHIP,no active membership in authoritative round 3; winner never chosen,2026-06-30 00:20:13.079043,2026-06-17 18:26:34.416741,2026-06-30 00:20:13.054712
EXCLUDED,9741,402,249,1,continent,True,3,B_ZERO_AUTHORITATIVE_MATCH/ZM_MISSING_GENUINE_MEMBERSHIP,no active membership in authoritative round 3; winner never chosen,2026-05-31 01:03:12.641012,2026-05-31 00:03:09.821993,2026-05-31 01:03:12.595512
EXCLUDED,10349,402,252,2,continent,True,3,B_ZERO_AUTHORITATIVE_MATCH/ZM_MISSING_GENUINE_MEMBERSHIP,no active membership in authoritative round 3; winner never chosen,2026-06-30 00:20:13.099880,2026-05-31 00:03:16.912360,2026-06-30 00:20:13.086791
EXCLUDED,10534,402,241,4,country,True,3,B_ZERO_AUTHORITATIVE_MATCH/ZM_ALL_ACTIVE_MEMBERSHIPS_FOREIGN,no active membership in authoritative round 3; winner never chosen,2026-05-31 00:03:19.783098,2026-05-31 00:03:19.740941,2026-05-31 00:03:19.740941
EXCLUDED,13338,402,253,21,country,True,3,B_ZERO_AUTHORITATIVE_MATCH/ZM_ALL_ACTIVE_MEMBERSHIPS_FOREIGN,no active membership in authoritative round 3; winner never chosen,2026-06-30 00:20:16.277119,2026-06-30 00:20:16.226181,2026-06-30 00:20:16.226181
EXCLUDED,15143,402,255,26,country,True,3,B_ZERO_AUTHORITATIVE_MATCH/ZM_ALL_ACTIVE_MEMBERSHIPS_FOREIGN,no active membership in authoritative round 3; winner never chosen,2026-07-31 00:05:03.746230,2026-07-31 00:04:57.702449,2026-07-31 00:04:57.702449
EXCLUDED,18399,402,257,27,country,True,3,B_ZERO_AUTHORITATIVE_MATCH/ZM_ALL_ACTIVE_MEMBERSHIPS_FOREIGN,no active membership in authoritative round 3; winner never chosen,2026-09-03 12:08:49.235953,2026-09-03 12:08:43.187916,2026-09-03 12:08:43.187916
EXCLUDED,8825,406,249,1,continent,True,3,B_ZERO_AUTHORITATIVE_MATCH/ZM_MISSING_GENUINE_MEMBERSHIP,no active membership in authoritative round 3; winner never chosen,2026-05-31 01:03:12.733504,2026-05-02 01:35:16.590839,2026-05-31 01:03:12.697320
EXCLUDED,10365,406,252,2,continent,True,3,B_ZERO_AUTHORITATIVE_MATCH/ZM_MISSING_GENUINE_MEMBERSHIP,no active membership in authoritative round 3; winner never chosen,2026-06-30 00:20:13.147189,2026-05-31 00:03:17.012043,2026-06-30 00:20:13.134935
EXCLUDED,10539,406,241,4,country,True,3,B_ZERO_AUTHORITATIVE_MATCH/ZM_ALL_ACTIVE_MEMBERSHIPS_FOREIGN,no active membership in authoritative round 3; winner never chosen,2026-05-31 00:03:19.831067,2026-05-31 00:03:19.795906,2026-05-31 00:03:19.795906
EXCLUDED,13346,406,253,21,country,True,3,B_ZERO_AUTHORITATIVE_MATCH/ZM_ALL_ACTIVE_MEMBERSHIPS_FOREIGN,no active membership in authoritative round 3; winner never chosen,2026-06-30 00:20:16.333003,2026-06-30 00:20:16.287187,2026-06-30 00:20:16.287187
EXCLUDED,15151,406,255,26,country,True,3,B_ZERO_AUTHORITATIVE_MATCH/ZM_ALL_ACTIVE_MEMBERSHIPS_FOREIGN,no active membership in authoritative round 3; winner never chosen,2026-07-31 00:05:04.811309,2026-07-31 00:04:57.768560,2026-07-31 00:04:57.768560
EXCLUDED,18407,406,257,27,country,True,3,B_ZERO_AUTHORITATIVE_MATCH/ZM_ALL_ACTIVE_MEMBERSHIPS_FOREIGN,no active membership in authoritative round 3; winner never chosen,2026-09-03 12:08:50.359756,2026-09-03 12:08:43.258761,2026-09-03 12:08:43.245651
EXCLUDED,9624,406,251,1,global,True,3,B_ZERO_AUTHORITATIVE_MATCH/ZM_MISSING_GENUINE_MEMBERSHIP,no active membership in authoritative round 3; winner never chosen,2026-05-31 00:03:05.971100,2026-05-31 00:03:05.948129,2026-05-31 00:03:05.948129
EXCLUDED,12289,406,256,2,global,True,3,B_ZERO_AUTHORITATIVE_MATCH/ZM_MISSING_GENUINE_MEMBERSHIP,no active membership in authoritative round 3; winner never chosen,2026-06-17 18:26:34.296218,2026-06-17 18:26:34.261078,2026-06-17 18:26:34.261078
EXCLUDED,8833,410,249,1,continent,True,3,B_ZERO_AUTHORITATIVE_MATCH/ZM_MISSING_GENUINE_MEMBERSHIP,no active membership in authoritative round 3; winner never chosen,2026-05-31 01:03:12.828259,2026-05-02 01:35:16.664663,2026-05-31 01:03:12.795024
EXCLUDED,10380,410,252,2,continent,True,3,B_ZERO_AUTHORITATIVE_MATCH/ZM_MISSING_GENUINE_MEMBERSHIP,no active membership in authoritative round 3; winner never chosen,2026-06-30 00:20:13.199371,2026-05-31 00:03:17.101343,2026-06-30 00:20:13.186925
EXCLUDED,9622,410,251,1,global,True,3,B_ZERO_AUTHORITATIVE_MATCH/ZM_MISSING_GENUINE_MEMBERSHIP,no active membership in authoritative round 3; winner never chosen,2026-05-31 00:03:05.905975,2026-05-31 00:03:05.883605,2026-05-31 00:03:05.883605
EXCLUDED,12287,410,256,2,global,True,3,B_ZERO_AUTHORITATIVE_MATCH/ZM_MISSING_GENUINE_MEMBERSHIP,no active membership in authoritative round 3; winner never chosen,2026-06-17 18:26:34.215889,2026-06-17 18:26:34.183582,2026-06-17 18:26:34.183582
EXCLUDED,8835,411,249,1,continent,True,3,B_ZERO_AUTHORITATIVE_MATCH/ZM_MISSING_GENUINE_MEMBERSHIP,no active membership in authoritative round 3; winner never chosen,2026-05-31 00:03:10.003820,2026-05-02 01:35:16.664663,2026-05-31 00:03:09.995584
EXCLUDED,13199,411,252,2,continent,True,3,B_ZERO_AUTHORITATIVE_MATCH/ZM_MISSING_GENUINE_MEMBERSHIP,no active membership in authoritative round 3; winner never chosen,2026-06-30 00:20:13.198048,2026-06-30 00:20:13.186925,2026-06-30 00:20:13.186925
EXCLUDED,7376,411,247,2,regional,True,3,B_ZERO_AUTHORITATIVE_MATCH/ZM_MISSING_GENUINE_MEMBERSHIP,no active membership in authoritative round 3; winner never chosen,2026-05-02 01:00:36.861142,2026-05-02 01:00:36.819096,2026-05-02 01:00:36.819096
EXCLUDED,8260,411,245,1,regional,True,3,B_ZERO_AUTHORITATIVE_MATCH/ZM_MISSING_GENUINE_MEMBERSHIP,no active membership in authoritative round 3; winner never chosen,2026-05-02 01:49:00.862248,2026-05-02 01:00:43.282200,2026-05-02 01:49:00.835080
EXCLUDED,8843,414,249,1,continent,True,3,B_ZERO_AUTHORITATIVE_MATCH/ZM_MISSING_GENUINE_MEMBERSHIP,no active membership in authoritative round 3; winner never chosen,2026-05-31 01:03:12.933253,2026-05-02 01:35:16.735250,2026-05-31 01:03:12.890887
EXCLUDED,10401,414,252,2,continent,True,3,B_ZERO_AUTHORITATIVE_MATCH/ZM_MISSING_GENUINE_MEMBERSHIP,no active membership in authoritative round 3; winner never chosen,2026-06-30 00:20:13.278488,2026-05-31 00:03:17.202149,2026-06-30 00:20:13.259411
EXCLUDED,10558,414,241,4,country,True,3,B_ZERO_AUTHORITATIVE_MATCH/ZM_ALL_ACTIVE_MEMBERSHIPS_FOREIGN,no active membership in authoritative round 3; winner never chosen,2026-05-31 00:03:19.934047,2026-05-31 00:03:19.894953,2026-05-31 00:03:19.894953
EXCLUDED,13365,414,253,21,country,True,3,B_ZERO_AUTHORITATIVE_MATCH/ZM_ALL_ACTIVE_MEMBERSHIPS_FOREIGN,no active membership in authoritative round 3; winner never chosen,2026-06-30 00:20:16.462274,2026-06-30 00:20:16.402568,2026-06-30 00:20:16.402568
EXCLUDED,15170,414,255,26,country,True,3,B_ZERO_AUTHORITATIVE_MATCH/ZM_ALL_ACTIVE_MEMBERSHIPS_FOREIGN,no active membership in authoritative round 3; winner never chosen,2026-07-31 00:05:08.983300,2026-07-31 00:04:57.915343,2026-07-31 00:04:57.915343
EXCLUDED,9617,414,251,1,global,True,3,B_ZERO_AUTHORITATIVE_MATCH/ZM_MISSING_GENUINE_MEMBERSHIP,no active membership in authoritative round 3; winner never chosen,2026-05-31 00:03:05.745815,2026-05-31 00:03:05.718538,2026-05-31 00:03:05.718538
EXCLUDED,12268,414,256,2,global,True,3,B_ZERO_AUTHORITATIVE_MATCH/ZM_MISSING_GENUINE_MEMBERSHIP,no active membership in authoritative round 3; winner never chosen,2026-06-17 18:26:34.036582,2026-06-17 18:26:34.010685,2026-06-17 18:26:34.010685
EXCLUDED,5516,451,249,1,continent,True,3,B_ZERO_AUTHORITATIVE_MATCH/ZM_MISSING_GENUINE_MEMBERSHIP,no active membership in authoritative round 3; winner never chosen,2026-05-02 00:27:56.530370,2026-05-02 00:27:55.657731,2026-05-02 00:27:55.657731
EXCLUDED,12893,451,252,2,continent,True,3,B_ZERO_AUTHORITATIVE_MATCH/ZM_MISSING_GENUINE_MEMBERSHIP,no active membership in authoritative round 3; winner never chosen,2026-06-30 00:20:07.656671,2026-06-30 00:20:07.643612,2026-06-30 00:20:07.643612
EXCLUDED,10428,451,241,4,country,True,3,B_ZERO_AUTHORITATIVE_MATCH/ZM_ALL_ACTIVE_MEMBERSHIPS_FOREIGN,no active membership in authoritative round 3; winner never chosen,2026-05-31 00:03:17.572789,2026-05-31 00:03:17.504839,2026-05-31 00:03:17.504839
EXCLUDED,13229,451,253,21,country,True,3,B_ZERO_AUTHORITATIVE_MATCH/ZM_ALL_ACTIVE_MEMBERSHIPS_FOREIGN,no active membership in authoritative round 3; winner never chosen,2026-06-30 00:20:13.552753,2026-06-30 00:20:13.464732,2026-06-30 00:20:13.464732
EXCLUDED,15034,451,255,26,country,True,3,B_ZERO_AUTHORITATIVE_MATCH/ZM_ALL_ACTIVE_MEMBERSHIPS_FOREIGN,no active membership in authoritative round 3; winner never chosen,2026-07-31 00:05:02.045219,2026-07-31 00:04:53.909783,2026-07-31 00:04:53.909783
EXCLUDED,18290,451,257,27,country,True,3,B_ZERO_AUTHORITATIVE_MATCH/ZM_ALL_ACTIVE_MEMBERSHIPS_FOREIGN,no active membership in authoritative round 3; winner never chosen,2026-09-03 12:08:46.065309,2026-09-03 12:08:37.949829,2026-09-03 12:08:37.949829
EXCLUDED,8432,472,249,1,continent,True,3,B_ZERO_AUTHORITATIVE_MATCH/ZM_MISSING_GENUINE_MEMBERSHIP,no active membership in authoritative round 3; winner never chosen,2026-05-02 01:35:11.441583,2026-05-02 01:35:11.380109,2026-05-02 01:35:11.380109
EXCLUDED,9874,472,252,2,continent,True,3,B_ZERO_AUTHORITATIVE_MATCH/ZM_MISSING_GENUINE_MEMBERSHIP,no active membership in authoritative round 3; winner never chosen,2026-06-30 00:20:07.666739,2026-05-31 00:03:10.849709,2026-06-30 00:20:07.643612
EXCLUDED,10425,472,241,4,country,True,3,B_ZERO_AUTHORITATIVE_MATCH/ZM_ALL_ACTIVE_MEMBERSHIPS_FOREIGN,no active membership in authoritative round 3; winner never chosen,2026-05-31 00:03:17.568489,2026-05-31 00:03:17.504839,2026-05-31 00:03:17.504839
EXCLUDED,13226,472,253,21,country,True,3,B_ZERO_AUTHORITATIVE_MATCH/ZM_ALL_ACTIVE_MEMBERSHIPS_FOREIGN,no active membership in authoritative round 3; winner never chosen,2026-06-30 00:20:13.548083,2026-06-30 00:20:13.464732,2026-06-30 00:20:13.464732
EXCLUDED,15031,472,255,26,country,True,3,B_ZERO_AUTHORITATIVE_MATCH/ZM_ALL_ACTIVE_MEMBERSHIPS_FOREIGN,no active membership in authoritative round 3; winner never chosen,2026-07-31 00:04:59.045219,2026-07-31 00:04:53.909783,2026-07-31 00:04:53.909783
EXCLUDED,18287,472,257,27,country,True,3,B_ZERO_AUTHORITATIVE_MATCH/ZM_ALL_ACTIVE_MEMBERSHIPS_FOREIGN,no active membership in authoritative round 3; winner never chosen,2026-09-03 12:08:43.065309,2026-09-03 12:08:37.949829,2026-09-03 12:08:37.949829
EXCLUDED,8411,473,249,1,continent,True,3,B_ZERO_AUTHORITATIVE_MATCH/ZM_MISSING_GENUINE_MEMBERSHIP,no active membership in authoritative round 3; winner never chosen,2026-05-31 01:03:06.717671,2026-05-02 01:35:11.289152,2026-05-31 01:03:06.675025
EXCLUDED,9844,473,252,2,continent,True,3,B_ZERO_AUTHORITATIVE_MATCH/ZM_MISSING_GENUINE_MEMBERSHIP,no active membership in authoritative round 3; winner never chosen,2026-06-30 00:20:07.558556,2026-05-31 00:03:10.721837,2026-06-30 00:20:07.538214
EXCLUDED,10415,473,241,4,country,True,3,B_ZERO_AUTHORITATIVE_MATCH/ZM_ALL_ACTIVE_MEMBERSHIPS_FOREIGN,no active membership in authoritative round 3; winner never chosen,2026-05-31 00:03:17.480972,2026-05-31 00:03:17.441354,2026-05-31 00:03:17.441354
EXCLUDED,13212,473,253,21,country,True,3,B_ZERO_AUTHORITATIVE_MATCH/ZM_ALL_ACTIVE_MEMBERSHIPS_FOREIGN,no active membership in authoritative round 3; winner never chosen,2026-06-30 00:20:13.436889,2026-06-30 00:20:13.394348,2026-06-30 00:20:13.394348
EXCLUDED,15017,473,255,26,country,True,3,B_ZERO_AUTHORITATIVE_MATCH/ZM_ALL_ACTIVE_MEMBERSHIPS_FOREIGN,no active membership in authoritative round 3; winner never chosen,2026-07-31 00:04:54.866787,2026-07-31 00:04:53.805014,2026-07-31 00:04:53.805014
EXCLUDED,18273,473,257,27,country,True,3,B_ZERO_AUTHORITATIVE_MATCH/ZM_ALL_ACTIVE_MEMBERSHIPS_FOREIGN,no active membership in authoritative round 3; winner never chosen,2026-09-03 12:08:38.911180,2026-09-03 12:08:37.839238,2026-09-03 12:08:37.839238
EXCLUDED,10427,484,241,4,country,True,3,B_ZERO_AUTHORITATIVE_MATCH/ZM_ALL_ACTIVE_MEMBERSHIPS_FOREIGN,no active membership in authoritative round 3; winner never chosen,2026-05-31 00:03:17.571411,2026-05-31 00:03:17.504839,2026-05-31 00:03:17.504839
EXCLUDED,13228,484,253,21,country,True,3,B_ZERO_AUTHORITATIVE_MATCH/ZM_ALL_ACTIVE_MEMBERSHIPS_FOREIGN,no active membership in authoritative round 3; winner never chosen,2026-06-30 00:20:13.551374,2026-06-30 00:20:13.464732,2026-06-30 00:20:13.464732
EXCLUDED,15033,484,255,26,country,True,3,B_ZERO_AUTHORITATIVE_MATCH/ZM_ALL_ACTIVE_MEMBERSHIPS_FOREIGN,no active membership in authoritative round 3; winner never chosen,2026-07-31 00:05:01.045219,2026-07-31 00:04:53.909783,2026-07-31 00:04:53.909783
EXCLUDED,18289,484,257,27,country,True,3,B_ZERO_AUTHORITATIVE_MATCH/ZM_ALL_ACTIVE_MEMBERSHIPS_FOREIGN,no active membership in authoritative round 3; winner never chosen,2026-09-03 12:08:45.065309,2026-09-03 12:08:37.949829,2026-09-03 12:08:37.949829
EXCLUDED,5520,498,249,1,continent,True,3,B_ZERO_AUTHORITATIVE_MATCH/ZM_MISSING_GENUINE_MEMBERSHIP,no active membership in authoritative round 3; winner never chosen,2026-05-31 01:03:12.934483,2026-05-02 00:27:55.657731,2026-05-31 01:03:12.890887
EXCLUDED,10402,498,252,2,continent,True,3,B_ZERO_AUTHORITATIVE_MATCH/ZM_MISSING_GENUINE_MEMBERSHIP,no active membership in authoritative round 3; winner never chosen,2026-06-30 00:20:13.275624,2026-05-31 00:03:17.202149,2026-06-30 00:20:13.259411
EXCLUDED,10555,498,241,4,country,True,3,B_ZERO_AUTHORITATIVE_MATCH/ZM_ALL_ACTIVE_MEMBERSHIPS_FOREIGN,no active membership in authoritative round 3; winner never chosen,2026-05-31 00:03:19.930311,2026-05-31 00:03:19.894953,2026-05-31 00:03:19.894953
EXCLUDED,13354,498,253,21,country,True,3,B_ZERO_AUTHORITATIVE_MATCH/ZM_ALL_ACTIVE_MEMBERSHIPS_FOREIGN,no active membership in authoritative round 3; winner never chosen,2026-06-30 00:20:16.447479,2026-06-30 00:20:16.402568,2026-06-30 00:20:16.402568
EXCLUDED,15159,498,255,26,country,True,3,B_ZERO_AUTHORITATIVE_MATCH/ZM_ALL_ACTIVE_MEMBERSHIPS_FOREIGN,no active membership in authoritative round 3; winner never chosen,2026-07-31 00:04:57.983300,2026-07-31 00:04:57.915343,2026-07-31 00:04:57.915343
EXCLUDED,9607,498,251,1,global,True,3,B_ZERO_AUTHORITATIVE_MATCH/ZM_MISSING_GENUINE_MEMBERSHIP,no active membership in authoritative round 3; winner never chosen,2026-05-31 00:03:05.646773,2026-05-31 00:03:05.615130,2026-05-31 00:03:05.615130
EXCLUDED,12263,498,256,2,global,True,3,B_ZERO_AUTHORITATIVE_MATCH/ZM_MISSING_GENUINE_MEMBERSHIP,no active membership in authoritative round 3; winner never chosen,2026-06-17 18:26:33.961107,2026-06-17 18:26:33.929006,2026-06-17 18:26:33.929006
EXCLUDED,8433,500,249,1,continent,True,3,B_ZERO_AUTHORITATIVE_MATCH/ZM_MISSING_GENUINE_MEMBERSHIP,no active membership in authoritative round 3; winner never chosen,2026-05-02 01:35:11.443040,2026-05-02 01:35:11.380109,2026-05-02 01:35:11.380109
EXCLUDED,9875,500,252,2,continent,True,3,B_ZERO_AUTHORITATIVE_MATCH/ZM_MISSING_GENUINE_MEMBERSHIP,no active membership in authoritative round 3; winner never chosen,2026-06-30 00:20:07.676145,2026-05-31 00:03:10.849709,2026-06-30 00:20:07.643612
EXCLUDED,10446,500,241,4,country,True,3,B_ZERO_AUTHORITATIVE_MATCH/ZM_ALL_ACTIVE_MEMBERSHIPS_FOREIGN,no active membership in authoritative round 3; winner never chosen,2026-05-31 00:03:17.594452,2026-05-31 00:03:17.504839,2026-05-31 00:03:17.504839
EXCLUDED,13230,500,253,21,country,True,3,B_ZERO_AUTHORITATIVE_MATCH/ZM_ALL_ACTIVE_MEMBERSHIPS_FOREIGN,no active membership in authoritative round 3; winner never chosen,2026-06-30 00:20:13.553930,2026-06-30 00:20:13.464732,2026-06-30 00:20:13.464732
EXCLUDED,15035,500,255,26,country,True,3,B_ZERO_AUTHORITATIVE_MATCH/ZM_ALL_ACTIVE_MEMBERSHIPS_FOREIGN,no active membership in authoritative round 3; winner never chosen,2026-07-31 00:05:03.045219,2026-07-31 00:04:53.909783,2026-07-31 00:04:53.909783
EXCLUDED,18291,500,257,27,country,True,3,B_ZERO_AUTHORITATIVE_MATCH/ZM_ALL_ACTIVE_MEMBERSHIPS_FOREIGN,no active membership in authoritative round 3; winner never chosen,2026-09-03 12:08:47.065309,2026-09-03 12:08:37.949829,2026-09-03 12:08:37.949829
EXCLUDED,8847,506,249,1,continent,True,3,B_ZERO_AUTHORITATIVE_MATCH/ZM_MISSING_GENUINE_MEMBERSHIP,no active membership in authoritative round 3; winner never chosen,2026-05-31 01:03:12.935696,2026-05-02 01:35:16.735250,2026-05-31 01:03:12.890887
EXCLUDED,10403,506,252,2,continent,True,3,B_ZERO_AUTHORITATIVE_MATCH/ZM_MISSING_GENUINE_MEMBERSHIP,no active membership in authoritative round 3; winner never chosen,2026-06-30 00:20:13.276973,2026-05-31 00:03:17.202149,2026-06-30 00:20:13.259411
EXCLUDED,10556,506,241,4,country,True,3,B_ZERO_AUTHORITATIVE_MATCH/ZM_ALL_ACTIVE_MEMBERSHIPS_FOREIGN,no active membership in authoritative round 3; winner never chosen,2026-05-31 00:03:19.931563,2026-05-31 00:03:19.894953,2026-05-31 00:03:19.894953
EXCLUDED,13355,506,253,21,country,True,3,B_ZERO_AUTHORITATIVE_MATCH/ZM_ALL_ACTIVE_MEMBERSHIPS_FOREIGN,no active membership in authoritative round 3; winner never chosen,2026-06-30 00:20:16.448995,2026-06-30 00:20:16.402568,2026-06-30 00:20:16.402568
EXCLUDED,15160,506,255,26,country,True,3,B_ZERO_AUTHORITATIVE_MATCH/ZM_ALL_ACTIVE_MEMBERSHIPS_FOREIGN,no active membership in authoritative round 3; winner never chosen,2026-07-31 00:04:58.983300,2026-07-31 00:04:57.915343,2026-07-31 00:04:57.915343
EXCLUDED,9601,506,251,1,global,True,3,B_ZERO_AUTHORITATIVE_MATCH/ZM_MISSING_GENUINE_MEMBERSHIP,no active membership in authoritative round 3; winner never chosen,2026-05-31 00:03:05.603347,2026-05-31 00:03:05.572053,2026-05-31 00:03:05.572053
EXCLUDED,12265,506,256,2,global,True,3,B_ZERO_AUTHORITATIVE_MATCH/ZM_MISSING_GENUINE_MEMBERSHIP,no active membership in authoritative round 3; winner never chosen,2026-06-17 18:26:34.000615,2026-06-17 18:26:33.969457,2026-06-17 18:26:33.969457
EXCLUDED,8434,507,249,1,continent,True,3,B_ZERO_AUTHORITATIVE_MATCH/ZM_MISSING_GENUINE_MEMBERSHIP,no active membership in authoritative round 3; winner never chosen,2026-05-02 01:35:11.445952,2026-05-02 01:35:11.380109,2026-05-02 01:35:11.380109
EXCLUDED,12906,507,252,2,continent,True,3,B_ZERO_AUTHORITATIVE_MATCH/ZM_MISSING_GENUINE_MEMBERSHIP,no active membership in authoritative round 3; winner never chosen,2026-06-30 00:20:07.678125,2026-06-30 00:20:07.643612,2026-06-30 00:20:07.643612
EXCLUDED,10445,507,241,4,country,True,3,B_ZERO_AUTHORITATIVE_MATCH/ZM_ALL_ACTIVE_MEMBERSHIPS_FOREIGN,no active membership in authoritative round 3; winner never chosen,2026-05-31 00:03:17.593339,2026-05-31 00:03:17.504839,2026-05-31 00:03:17.504839
EXCLUDED,13232,507,253,21,country,True,3,B_ZERO_AUTHORITATIVE_MATCH/ZM_ALL_ACTIVE_MEMBERSHIPS_FOREIGN,no active membership in authoritative round 3; winner never chosen,2026-06-30 00:20:13.556456,2026-06-30 00:20:13.464732,2026-06-30 00:20:13.464732
EXCLUDED,15037,507,255,26,country,True,3,B_ZERO_AUTHORITATIVE_MATCH/ZM_ALL_ACTIVE_MEMBERSHIPS_FOREIGN,no active membership in authoritative round 3; winner never chosen,2026-07-31 00:05:05.045219,2026-07-31 00:04:53.909783,2026-07-31 00:04:53.909783
EXCLUDED,18293,507,257,27,country,True,3,B_ZERO_AUTHORITATIVE_MATCH/ZM_ALL_ACTIVE_MEMBERSHIPS_FOREIGN,no active membership in authoritative round 3; winner never chosen,2026-09-03 12:08:49.065309,2026-09-03 12:08:37.949829,2026-09-03 12:08:37.949829
EXCLUDED,10448,508,241,4,country,True,3,B_ZERO_AUTHORITATIVE_MATCH/ZM_ALL_ACTIVE_MEMBERSHIPS_FOREIGN,no active membership in authoritative round 3; winner never chosen,2026-05-31 00:03:17.596863,2026-05-31 00:03:17.504839,2026-05-31 00:03:17.504839
EXCLUDED,13234,508,253,21,country,True,3,B_ZERO_AUTHORITATIVE_MATCH/ZM_ALL_ACTIVE_MEMBERSHIPS_FOREIGN,no active membership in authoritative round 3; winner never chosen,2026-06-30 00:20:13.558939,2026-06-30 00:20:13.464732,2026-06-30 00:20:13.464732
EXCLUDED,15039,508,255,26,country,True,3,B_ZERO_AUTHORITATIVE_MATCH/ZM_ALL_ACTIVE_MEMBERSHIPS_FOREIGN,no active membership in authoritative round 3; winner never chosen,2026-07-31 00:05:07.045219,2026-07-31 00:04:53.909783,2026-07-31 00:04:53.909783
EXCLUDED,18295,508,257,27,country,True,3,B_ZERO_AUTHORITATIVE_MATCH/ZM_ALL_ACTIVE_MEMBERSHIPS_FOREIGN,no active membership in authoritative round 3; winner never chosen,2026-09-03 12:08:51.065309,2026-09-03 12:08:37.949829,2026-09-03 12:08:37.949829
EXCLUDED,10583,509,249,1,continent,True,3,B_ZERO_AUTHORITATIVE_MATCH/ZM_MISSING_GENUINE_MEMBERSHIP,no active membership in authoritative round 3; winner never chosen,2026-05-31 01:03:06.842775,2026-05-31 01:03:06.816700,2026-05-31 01:03:06.816700
EXCLUDED,12908,509,252,2,continent,True,3,B_ZERO_AUTHORITATIVE_MATCH/ZM_MISSING_GENUINE_MEMBERSHIP,no active membership in authoritative round 3; winner never chosen,2026-06-30 00:20:07.682342,2026-06-30 00:20:07.643612,2026-06-30 00:20:07.643612
EXCLUDED,10447,509,241,4,country,True,3,B_ZERO_AUTHORITATIVE_MATCH/ZM_ALL_ACTIVE_MEMBERSHIPS_FOREIGN,no active membership in authoritative round 3; winner never chosen,2026-05-31 00:03:17.595648,2026-05-31 00:03:17.504839,2026-05-31 00:03:17.504839
EXCLUDED,13233,509,253,21,country,True,3,B_ZERO_AUTHORITATIVE_MATCH/ZM_ALL_ACTIVE_MEMBERSHIPS_FOREIGN,no active membership in authoritative round 3; winner never chosen,2026-06-30 00:20:13.557640,2026-06-30 00:20:13.464732,2026-06-30 00:20:13.464732
EXCLUDED,15038,509,255,26,country,True,3,B_ZERO_AUTHORITATIVE_MATCH/ZM_ALL_ACTIVE_MEMBERSHIPS_FOREIGN,no active membership in authoritative round 3; winner never chosen,2026-07-31 00:05:06.045219,2026-07-31 00:04:53.909783,2026-07-31 00:04:53.909783
EXCLUDED,18294,509,257,27,country,True,3,B_ZERO_AUTHORITATIVE_MATCH/ZM_ALL_ACTIVE_MEMBERSHIPS_FOREIGN,no active membership in authoritative round 3; winner never chosen,2026-09-03 12:08:50.065309,2026-09-03 12:08:37.949829,2026-09-03 12:08:37.949829
EXCLUDED,8848,529,249,1,continent,True,3,B_ZERO_AUTHORITATIVE_MATCH/ZM_MISSING_GENUINE_MEMBERSHIP,no active membership in authoritative round 3; winner never chosen,2026-05-31 01:03:12.936973,2026-05-02 01:35:16.735250,2026-05-31 01:03:12.890887
EXCLUDED,10404,529,252,2,continent,True,3,B_ZERO_AUTHORITATIVE_MATCH/ZM_MISSING_GENUINE_MEMBERSHIP,no active membership in authoritative round 3; winner never chosen,2026-06-30 00:20:13.282299,2026-05-31 00:03:17.202149,2026-06-30 00:20:13.259411
EXCLUDED,10561,529,241,4,country,True,3,B_ZERO_AUTHORITATIVE_MATCH/ZM_ALL_ACTIVE_MEMBERSHIPS_FOREIGN,no active membership in authoritative round 3; winner never chosen,2026-05-31 00:03:19.937539,2026-05-31 00:03:19.894953,2026-05-31 00:03:19.894953
EXCLUDED,13357,529,253,21,country,True,3,B_ZERO_AUTHORITATIVE_MATCH/ZM_ALL_ACTIVE_MEMBERSHIPS_FOREIGN,no active membership in authoritative round 3; winner never chosen,2026-06-30 00:20:16.451833,2026-06-30 00:20:16.402568,2026-06-30 00:20:16.402568
EXCLUDED,15162,529,255,26,country,True,3,B_ZERO_AUTHORITATIVE_MATCH/ZM_ALL_ACTIVE_MEMBERSHIPS_FOREIGN,no active membership in authoritative round 3; winner never chosen,2026-07-31 00:05:00.983300,2026-07-31 00:04:57.915343,2026-07-31 00:04:57.915343
EXCLUDED,18418,529,257,27,country,True,3,B_ZERO_AUTHORITATIVE_MATCH/ZM_ALL_ACTIVE_MEMBERSHIPS_FOREIGN,no active membership in authoritative round 3; winner never chosen,2026-09-03 12:08:43.680314,2026-09-03 12:08:43.443902,2026-09-03 12:08:43.468907
EXCLUDED,9599,529,251,1,global,True,3,B_ZERO_AUTHORITATIVE_MATCH/ZM_MISSING_GENUINE_MEMBERSHIP,no active membership in authoritative round 3; winner never chosen,2026-05-31 00:03:05.601013,2026-05-31 00:03:05.572053,2026-05-31 00:03:05.572053
EXCLUDED,12264,529,256,2,global,True,3,B_ZERO_AUTHORITATIVE_MATCH/ZM_MISSING_GENUINE_MEMBERSHIP,no active membership in authoritative round 3; winner never chosen,2026-06-17 18:26:33.999608,2026-06-17 18:26:33.969457,2026-06-17 18:26:33.969457
EXCLUDED,10430,538,241,4,country,True,3,B_ZERO_AUTHORITATIVE_MATCH/ZM_ALL_ACTIVE_MEMBERSHIPS_FOREIGN,no active membership in authoritative round 3; winner never chosen,2026-05-31 00:03:17.575272,2026-05-31 00:03:17.504839,2026-05-31 00:03:17.504839
EXCLUDED,13222,538,253,21,country,True,3,B_ZERO_AUTHORITATIVE_MATCH/ZM_ALL_ACTIVE_MEMBERSHIPS_FOREIGN,no active membership in authoritative round 3; winner never chosen,2026-06-30 00:20:13.542505,2026-06-30 00:20:13.464732,2026-06-30 00:20:13.464732
EXCLUDED,15027,538,255,26,country,True,3,B_ZERO_AUTHORITATIVE_MATCH/ZM_ALL_ACTIVE_MEMBERSHIPS_FOREIGN,no active membership in authoritative round 3; winner never chosen,2026-07-31 00:04:55.045219,2026-07-31 00:04:53.909783,2026-07-31 00:04:53.909783
EXCLUDED,18283,538,257,27,country,True,3,B_ZERO_AUTHORITATIVE_MATCH/ZM_ALL_ACTIVE_MEMBERSHIPS_FOREIGN,no active membership in authoritative round 3; winner never chosen,2026-09-03 12:08:39.065309,2026-09-03 12:08:37.949829,2026-09-03 12:08:37.949829
EXCLUDED,10429,544,241,4,country,True,3,B_ZERO_AUTHORITATIVE_MATCH/ZM_ALL_ACTIVE_MEMBERSHIPS_FOREIGN,no active membership in authoritative round 3; winner never chosen,2026-05-31 00:03:17.574133,2026-05-31 00:03:17.504839,2026-05-31 00:03:17.504839
EXCLUDED,13221,544,253,21,country,True,3,B_ZERO_AUTHORITATIVE_MATCH/ZM_ALL_ACTIVE_MEMBERSHIPS_FOREIGN,no active membership in authoritative round 3; winner never chosen,2026-06-30 00:20:13.541097,2026-06-30 00:20:13.464732,2026-06-30 00:20:13.464732
EXCLUDED,15026,544,255,26,country,True,3,B_ZERO_AUTHORITATIVE_MATCH/ZM_ALL_ACTIVE_MEMBERSHIPS_FOREIGN,no active membership in authoritative round 3; winner never chosen,2026-07-31 00:04:54.045219,2026-07-31 00:04:53.909783,2026-07-31 00:04:53.909783
EXCLUDED,18282,544,257,27,country,True,3,B_ZERO_AUTHORITATIVE_MATCH/ZM_ALL_ACTIVE_MEMBERSHIPS_FOREIGN,no active membership in authoritative round 3; winner never chosen,2026-09-03 12:08:38.065309,2026-09-03 12:08:37.949829,2026-09-03 12:08:37.949829
EXCLUDED,9238,544,251,1,global,True,3,B_ZERO_AUTHORITATIVE_MATCH/ZM_MISSING_GENUINE_MEMBERSHIP,no active membership in authoritative round 3; winner never chosen,2026-05-31 00:03:03.248342,2026-05-31 00:03:02.816732,2026-05-31 00:03:03.205557
EXCLUDED,12260,544,256,2,global,True,3,B_ZERO_AUTHORITATIVE_MATCH/ZM_MISSING_GENUINE_MEMBERSHIP,no active membership in authoritative round 3; winner never chosen,2026-06-17 18:26:33.919051,2026-06-17 18:26:33.884913,2026-06-17 18:26:33.884913
EXCLUDED,8849,554,249,1,continent,True,3,B_ZERO_AUTHORITATIVE_MATCH/ZM_MISSING_GENUINE_MEMBERSHIP,no active membership in authoritative round 3; winner never chosen,2026-05-31 01:03:12.938335,2026-05-02 01:35:16.735250,2026-05-31 01:03:12.890887
EXCLUDED,10405,554,252,2,continent,True,3,B_ZERO_AUTHORITATIVE_MATCH/ZM_MISSING_GENUINE_MEMBERSHIP,no active membership in authoritative round 3; winner never chosen,2026-06-30 00:20:13.284045,2026-05-31 00:03:17.202149,2026-06-30 00:20:13.259411
EXCLUDED,10557,554,241,4,country,True,3,B_ZERO_AUTHORITATIVE_MATCH/ZM_ALL_ACTIVE_MEMBERSHIPS_FOREIGN,no active membership in authoritative round 3; winner never chosen,2026-05-31 00:03:19.932800,2026-05-31 00:03:19.894953,2026-05-31 00:03:19.894953
EXCLUDED,13356,554,253,21,country,True,3,B_ZERO_AUTHORITATIVE_MATCH/ZM_ALL_ACTIVE_MEMBERSHIPS_FOREIGN,no active membership in authoritative round 3; winner never chosen,2026-06-30 00:20:16.450416,2026-06-30 00:20:16.402568,2026-06-30 00:20:16.402568
EXCLUDED,15161,554,255,26,country,True,3,B_ZERO_AUTHORITATIVE_MATCH/ZM_ALL_ACTIVE_MEMBERSHIPS_FOREIGN,no active membership in authoritative round 3; winner never chosen,2026-07-31 00:04:59.983300,2026-07-31 00:04:57.915343,2026-07-31 00:04:57.915343
EXCLUDED,18417,554,257,27,country,True,3,B_ZERO_AUTHORITATIVE_MATCH/ZM_ALL_ACTIVE_MEMBERSHIPS_FOREIGN,no active membership in authoritative round 3; winner never chosen,2026-09-03 12:08:44.680314,2026-09-03 12:08:43.443902,2026-09-03 12:08:43.468907
EXCLUDED,9598,554,251,1,global,True,3,B_ZERO_AUTHORITATIVE_MATCH/ZM_MISSING_GENUINE_MEMBERSHIP,no active membership in authoritative round 3; winner never chosen,2026-05-31 00:03:05.599636,2026-05-31 00:03:05.572053,2026-05-31 00:03:05.572053
EXCLUDED,12259,554,256,2,global,True,3,B_ZERO_AUTHORITATIVE_MATCH/ZM_MISSING_GENUINE_MEMBERSHIP,no active membership in authoritative round 3; winner never chosen,2026-06-17 18:26:33.917828,2026-06-17 18:26:33.884913,2026-06-17 18:26:33.884913
EXCLUDED,8413,558,249,1,continent,True,3,B_ZERO_AUTHORITATIVE_MATCH/ZM_MISSING_GENUINE_MEMBERSHIP,no active membership in authoritative round 3; winner never chosen,2026-05-02 01:35:11.379967,2026-05-02 01:35:11.289152,2026-05-02 01:35:11.324731
EXCLUDED,12890,558,252,2,continent,True,3,B_ZERO_AUTHORITATIVE_MATCH/ZM_MISSING_GENUINE_MEMBERSHIP,no active membership in authoritative round 3; winner never chosen,2026-06-30 00:20:07.563573,2026-06-30 00:20:07.538214,2026-06-30 00:20:07.538214
EXCLUDED,10421,558,241,4,country,True,3,B_ZERO_AUTHORITATIVE_MATCH/ZM_ALL_ACTIVE_MEMBERSHIPS_FOREIGN,no active membership in authoritative round 3; winner never chosen,2026-05-31 00:03:17.489601,2026-05-31 00:03:17.441354,2026-05-31 00:03:17.441354
EXCLUDED,13219,558,253,21,country,True,3,B_ZERO_AUTHORITATIVE_MATCH/ZM_ALL_ACTIVE_MEMBERSHIPS_FOREIGN,no active membership in authoritative round 3; winner never chosen,2026-06-30 00:20:13.447827,2026-06-30 00:20:13.394348,2026-06-30 00:20:13.394348
EXCLUDED,15024,558,255,26,country,True,3,B_ZERO_AUTHORITATIVE_MATCH/ZM_ALL_ACTIVE_MEMBERSHIPS_FOREIGN,no active membership in authoritative round 3; winner never chosen,2026-07-31 00:05:01.866787,2026-07-31 00:04:53.805014,2026-07-31 00:04:53.805014
EXCLUDED,18280,558,257,27,country,True,3,B_ZERO_AUTHORITATIVE_MATCH/ZM_ALL_ACTIVE_MEMBERSHIPS_FOREIGN,no active membership in authoritative round 3; winner never chosen,2026-09-03 12:08:45.911180,2026-09-03 12:08:37.839238,2026-09-03 12:08:37.839238
EXCLUDED,5518,569,249,1,continent,True,3,B_ZERO_AUTHORITATIVE_MATCH/ZM_MISSING_GENUINE_MEMBERSHIP,no active membership in authoritative round 3; winner never chosen,2026-05-02 00:27:56.532581,2026-05-02 00:27:55.657731,2026-05-02 00:27:55.657731
EXCLUDED,12902,569,252,2,continent,True,3,B_ZERO_AUTHORITATIVE_MATCH/ZM_MISSING_GENUINE_MEMBERSHIP,no active membership in authoritative round 3; winner never chosen,2026-06-30 00:20:07.670202,2026-06-30 00:20:07.643612,2026-06-30 00:20:07.643612
EXCLUDED,10431,569,241,4,country,True,3,B_ZERO_AUTHORITATIVE_MATCH/ZM_ALL_ACTIVE_MEMBERSHIPS_FOREIGN,no active membership in authoritative round 3; winner never chosen,2026-05-31 00:03:17.576650,2026-05-31 00:03:17.504839,2026-05-31 00:03:17.504839
EXCLUDED,13223,569,253,21,country,True,3,B_ZERO_AUTHORITATIVE_MATCH/ZM_ALL_ACTIVE_MEMBERSHIPS_FOREIGN,no active membership in authoritative round 3; winner never chosen,2026-06-30 00:20:13.543887,2026-06-30 00:20:13.464732,2026-06-30 00:20:13.464732
EXCLUDED,15028,569,255,26,country,True,3,B_ZERO_AUTHORITATIVE_MATCH/ZM_ALL_ACTIVE_MEMBERSHIPS_FOREIGN,no active membership in authoritative round 3; winner never chosen,2026-07-31 00:04:56.045219,2026-07-31 00:04:53.909783,2026-07-31 00:04:53.909783
EXCLUDED,18284,569,257,27,country,True,3,B_ZERO_AUTHORITATIVE_MATCH/ZM_ALL_ACTIVE_MEMBERSHIPS_FOREIGN,no active membership in authoritative round 3; winner never chosen,2026-09-03 12:08:40.065309,2026-09-03 12:08:37.949829,2026-09-03 12:08:37.949829
EXCLUDED,10432,580,241,4,country,True,3,B_ZERO_AUTHORITATIVE_MATCH/ZM_ALL_ACTIVE_MEMBERSHIPS_FOREIGN,no active membership in authoritative round 3; winner never chosen,2026-05-31 00:03:17.577846,2026-05-31 00:03:17.504839,2026-05-31 00:03:17.504839
EXCLUDED,13224,580,253,21,country,True,3,B_ZERO_AUTHORITATIVE_MATCH/ZM_ALL_ACTIVE_MEMBERSHIPS_FOREIGN,no active membership in authoritative round 3; winner never chosen,2026-06-30 00:20:13.545280,2026-06-30 00:20:13.464732,2026-06-30 00:20:13.464732
EXCLUDED,15029,580,255,26,country,True,3,B_ZERO_AUTHORITATIVE_MATCH/ZM_ALL_ACTIVE_MEMBERSHIPS_FOREIGN,no active membership in authoritative round 3; winner never chosen,2026-07-31 00:04:57.045219,2026-07-31 00:04:53.909783,2026-07-31 00:04:53.909783
EXCLUDED,18285,580,257,27,country,True,3,B_ZERO_AUTHORITATIVE_MATCH/ZM_ALL_ACTIVE_MEMBERSHIPS_FOREIGN,no active membership in authoritative round 3; winner never chosen,2026-09-03 12:08:41.065309,2026-09-03 12:08:37.949829,2026-09-03 12:08:37.949829
EXCLUDED,5517,592,249,1,continent,True,3,B_ZERO_AUTHORITATIVE_MATCH/ZM_MISSING_GENUINE_MEMBERSHIP,no active membership in authoritative round 3; winner never chosen,2026-05-02 01:35:11.444558,2026-05-02 00:27:55.657731,2026-05-02 01:35:11.380109
EXCLUDED,9877,592,252,2,continent,True,3,B_ZERO_AUTHORITATIVE_MATCH/ZM_MISSING_GENUINE_MEMBERSHIP,no active membership in authoritative round 3; winner never chosen,2026-06-30 00:20:07.694147,2026-05-31 00:03:10.849709,2026-06-30 00:20:07.643612
EXCLUDED,10451,592,241,4,country,True,3,B_ZERO_AUTHORITATIVE_MATCH/ZM_ALL_ACTIVE_MEMBERSHIPS_FOREIGN,no active membership in authoritative round 3; winner never chosen,2026-05-31 00:03:17.600227,2026-05-31 00:03:17.504839,2026-05-31 00:03:17.504839
EXCLUDED,13231,592,253,21,country,True,3,B_ZERO_AUTHORITATIVE_MATCH/ZM_ALL_ACTIVE_MEMBERSHIPS_FOREIGN,no active membership in authoritative round 3; winner never chosen,2026-06-30 00:20:13.555128,2026-06-30 00:20:13.464732,2026-06-30 00:20:13.464732
EXCLUDED,15036,592,255,26,country,True,3,B_ZERO_AUTHORITATIVE_MATCH/ZM_ALL_ACTIVE_MEMBERSHIPS_FOREIGN,no active membership in authoritative round 3; winner never chosen,2026-07-31 00:05:04.045219,2026-07-31 00:04:53.909783,2026-07-31 00:04:53.909783
EXCLUDED,18292,592,257,27,country,True,3,B_ZERO_AUTHORITATIVE_MATCH/ZM_ALL_ACTIVE_MEMBERSHIPS_FOREIGN,no active membership in authoritative round 3; winner never chosen,2026-09-03 12:08:48.065309,2026-09-03 12:08:37.949829,2026-09-03 12:08:37.949829
EXCLUDED,8410,593,249,1,continent,True,3,B_ZERO_AUTHORITATIVE_MATCH/ZM_MISSING_GENUINE_MEMBERSHIP,no active membership in authoritative round 3; winner never chosen,2026-05-31 01:03:06.715894,2026-05-02 01:35:11.289152,2026-05-31 01:03:06.675025
EXCLUDED,9843,593,252,2,continent,True,3,B_ZERO_AUTHORITATIVE_MATCH/ZM_MISSING_GENUINE_MEMBERSHIP,no active membership in authoritative round 3; winner never chosen,2026-06-30 00:20:07.565812,2026-05-31 00:03:10.721837,2026-06-30 00:20:07.538214
EXCLUDED,10423,593,241,4,country,True,3,B_ZERO_AUTHORITATIVE_MATCH/ZM_ALL_ACTIVE_MEMBERSHIPS_FOREIGN,no active membership in authoritative round 3; winner never chosen,2026-05-31 00:03:17.492416,2026-05-31 00:03:17.441354,2026-05-31 00:03:17.441354
EXCLUDED,13211,593,253,21,country,True,3,B_ZERO_AUTHORITATIVE_MATCH/ZM_ALL_ACTIVE_MEMBERSHIPS_FOREIGN,no active membership in authoritative round 3; winner never chosen,2026-06-30 00:20:13.435500,2026-06-30 00:20:13.394348,2026-06-30 00:20:13.394348
EXCLUDED,15016,593,255,26,country,True,3,B_ZERO_AUTHORITATIVE_MATCH/ZM_ALL_ACTIVE_MEMBERSHIPS_FOREIGN,no active membership in authoritative round 3; winner never chosen,2026-07-31 00:04:53.866787,2026-07-31 00:04:53.805014,2026-07-31 00:04:53.805014
EXCLUDED,18272,593,257,27,country,True,3,B_ZERO_AUTHORITATIVE_MATCH/ZM_ALL_ACTIVE_MEMBERSHIPS_FOREIGN,no active membership in authoritative round 3; winner never chosen,2026-09-03 12:08:37.911180,2026-09-03 12:08:37.839238,2026-09-03 12:08:37.839238
EXCLUDED,8412,594,249,1,continent,True,3,B_ZERO_AUTHORITATIVE_MATCH/ZM_MISSING_GENUINE_MEMBERSHIP,no active membership in authoritative round 3; winner never chosen,2026-05-31 01:03:06.720931,2026-05-02 01:35:11.289152,2026-05-31 01:03:06.675025
EXCLUDED,9845,594,252,2,continent,True,3,B_ZERO_AUTHORITATIVE_MATCH/ZM_MISSING_GENUINE_MEMBERSHIP,no active membership in authoritative round 3; winner never chosen,2026-06-30 00:20:07.555745,2026-05-31 00:03:10.721837,2026-06-30 00:20:07.538214
EXCLUDED,10416,594,241,4,country,True,3,B_ZERO_AUTHORITATIVE_MATCH/ZM_ALL_ACTIVE_MEMBERSHIPS_FOREIGN,no active membership in authoritative round 3; winner never chosen,2026-05-31 00:03:17.482386,2026-05-31 00:03:17.441354,2026-05-31 00:03:17.441354
EXCLUDED,13213,594,253,21,country,True,3,B_ZERO_AUTHORITATIVE_MATCH/ZM_ALL_ACTIVE_MEMBERSHIPS_FOREIGN,no active membership in authoritative round 3; winner never chosen,2026-06-30 00:20:13.438397,2026-06-30 00:20:13.394348,2026-06-30 00:20:13.394348
EXCLUDED,15018,594,255,26,country,True,3,B_ZERO_AUTHORITATIVE_MATCH/ZM_ALL_ACTIVE_MEMBERSHIPS_FOREIGN,no active membership in authoritative round 3; winner never chosen,2026-07-31 00:04:55.866787,2026-07-31 00:04:53.805014,2026-07-31 00:04:53.805014
EXCLUDED,18274,594,257,27,country,True,3,B_ZERO_AUTHORITATIVE_MATCH/ZM_ALL_ACTIVE_MEMBERSHIPS_FOREIGN,no active membership in authoritative round 3; winner never chosen,2026-09-03 12:08:39.911180,2026-09-03 12:08:37.839238,2026-09-03 12:08:37.839238
EXCLUDED,10426,597,241,4,country,True,3,B_ZERO_AUTHORITATIVE_MATCH/ZM_ALL_ACTIVE_MEMBERSHIPS_FOREIGN,no active membership in authoritative round 3; winner never chosen,2026-05-31 00:03:17.569873,2026-05-31 00:03:17.504839,2026-05-31 00:03:17.504839
EXCLUDED,13227,597,253,21,country,True,3,B_ZERO_AUTHORITATIVE_MATCH/ZM_ALL_ACTIVE_MEMBERSHIPS_FOREIGN,no active membership in authoritative round 3; winner never chosen,2026-06-30 00:20:13.549491,2026-06-30 00:20:13.464732,2026-06-30 00:20:13.464732
EXCLUDED,15032,597,255,26,country,True,3,B_ZERO_AUTHORITATIVE_MATCH/ZM_ALL_ACTIVE_MEMBERSHIPS_FOREIGN,no active membership in authoritative round 3; winner never chosen,2026-07-31 00:05:00.045219,2026-07-31 00:04:53.909783,2026-07-31 00:04:53.909783
EXCLUDED,18288,597,257,27,country,True,3,B_ZERO_AUTHORITATIVE_MATCH/ZM_ALL_ACTIVE_MEMBERSHIPS_FOREIGN,no active membership in authoritative round 3; winner never chosen,2026-09-03 12:08:44.065309,2026-09-03 12:08:37.949829,2026-09-03 12:08:37.949829
EXCLUDED,8834,599,249,1,continent,True,3,B_ZERO_AUTHORITATIVE_MATCH/ZM_MISSING_GENUINE_MEMBERSHIP,no active membership in authoritative round 3; winner never chosen,2026-05-31 01:03:12.833446,2026-05-02 01:35:16.664663,2026-05-31 01:03:12.795024
EXCLUDED,10384,599,252,2,continent,True,3,B_ZERO_AUTHORITATIVE_MATCH/ZM_MISSING_GENUINE_MEMBERSHIP,no active membership in authoritative round 3; winner never chosen,2026-06-30 00:20:13.203966,2026-05-31 00:03:17.101343,2026-06-30 00:20:13.186925
EXCLUDED,10549,599,241,4,country,True,3,B_ZERO_AUTHORITATIVE_MATCH/ZM_ALL_ACTIVE_MEMBERSHIPS_FOREIGN,no active membership in authoritative round 3; winner never chosen,2026-05-31 00:03:19.883859,2026-05-31 00:03:19.846409,2026-05-31 00:03:19.846409
EXCLUDED,13353,599,253,21,country,True,3,B_ZERO_AUTHORITATIVE_MATCH/ZM_ALL_ACTIVE_MEMBERSHIPS_FOREIGN,no active membership in authoritative round 3; winner never chosen,2026-06-30 00:20:16.389579,2026-06-30 00:20:16.343070,2026-06-30 00:20:16.343070
EXCLUDED,15158,599,255,26,country,True,3,B_ZERO_AUTHORITATIVE_MATCH/ZM_ALL_ACTIVE_MEMBERSHIPS_FOREIGN,no active membership in authoritative round 3; winner never chosen,2026-07-31 00:05:03.884701,2026-07-31 00:04:57.835976,2026-07-31 00:04:57.835976
EXCLUDED,18414,599,257,27,country,True,3,B_ZERO_AUTHORITATIVE_MATCH/ZM_ALL_ACTIVE_MEMBERSHIPS_FOREIGN,no active membership in authoritative round 3; winner never chosen,2026-09-03 12:08:49.407814,2026-09-03 12:08:43.329632,2026-09-03 12:08:43.329632
EXCLUDED,9516,599,251,1,global,True,3,B_ZERO_AUTHORITATIVE_MATCH/ZM_MISSING_GENUINE_MEMBERSHIP,no active membership in authoritative round 3; winner never chosen,2026-05-31 00:03:05.064008,2026-05-31 00:03:05.025148,2026-05-31 00:03:05.025148
EXCLUDED,12249,599,256,2,global,True,3,B_ZERO_AUTHORITATIVE_MATCH/ZM_MISSING_GENUINE_MEMBERSHIP,no active membership in authoritative round 3; winner never chosen,2026-06-17 18:26:33.838741,2026-06-17 18:26:33.812259,2026-06-17 18:26:33.812259
EXCLUDED,5512,600,249,1,continent,True,3,B_ZERO_AUTHORITATIVE_MATCH/ZM_MISSING_GENUINE_MEMBERSHIP,no active membership in authoritative round 3; winner never chosen,2026-05-31 01:03:12.732125,2026-05-02 00:27:55.657731,2026-05-31 01:03:12.697320
EXCLUDED,10364,600,252,2,continent,True,3,B_ZERO_AUTHORITATIVE_MATCH/ZM_MISSING_GENUINE_MEMBERSHIP,no active membership in authoritative round 3; winner never chosen,2026-06-30 00:20:13.149339,2026-05-31 00:03:17.012043,2026-06-30 00:20:13.134935
EXCLUDED,10541,600,241,4,country,True,3,B_ZERO_AUTHORITATIVE_MATCH/ZM_ALL_ACTIVE_MEMBERSHIPS_FOREIGN,no active membership in authoritative round 3; winner never chosen,2026-05-31 00:03:19.833914,2026-05-31 00:03:19.795906,2026-05-31 00:03:19.795906
EXCLUDED,13345,600,253,21,country,True,3,B_ZERO_AUTHORITATIVE_MATCH/ZM_ALL_ACTIVE_MEMBERSHIPS_FOREIGN,no active membership in authoritative round 3; winner never chosen,2026-06-30 00:20:16.331518,2026-06-30 00:20:16.287187,2026-06-30 00:20:16.287187
EXCLUDED,15150,600,255,26,country,True,3,B_ZERO_AUTHORITATIVE_MATCH/ZM_ALL_ACTIVE_MEMBERSHIPS_FOREIGN,no active membership in authoritative round 3; winner never chosen,2026-07-31 00:05:03.811309,2026-07-31 00:04:57.768560,2026-07-31 00:04:57.768560
EXCLUDED,18406,600,257,27,country,True,3,B_ZERO_AUTHORITATIVE_MATCH/ZM_ALL_ACTIVE_MEMBERSHIPS_FOREIGN,no active membership in authoritative round 3; winner never chosen,2026-09-03 12:08:49.359756,2026-09-03 12:08:43.258761,2026-09-03 12:08:43.245651
EXCLUDED,9511,600,251,1,global,True,3,B_ZERO_AUTHORITATIVE_MATCH/ZM_MISSING_GENUINE_MEMBERSHIP,no active membership in authoritative round 3; winner never chosen,2026-05-31 00:03:05.006832,2026-05-31 00:03:04.978270,2026-05-31 00:03:04.978270
EXCLUDED,12244,600,256,2,global,True,3,B_ZERO_AUTHORITATIVE_MATCH/ZM_MISSING_GENUINE_MEMBERSHIP,no active membership in authoritative round 3; winner never chosen,2026-06-17 18:26:33.755285,2026-06-17 18:26:33.728493,2026-06-17 18:26:33.728493
EXCLUDED,5513,604,249,1,continent,True,3,B_ZERO_AUTHORITATIVE_MATCH/ZM_MISSING_GENUINE_MEMBERSHIP,no active membership in authoritative round 3; winner never chosen,2026-05-31 01:03:12.931986,2026-05-02 00:27:55.657731,2026-05-31 01:03:12.890887
EXCLUDED,10400,604,252,2,continent,True,3,B_ZERO_AUTHORITATIVE_MATCH/ZM_MISSING_GENUINE_MEMBERSHIP,no active membership in authoritative round 3; winner never chosen,2026-06-30 00:20:13.286523,2026-05-31 00:03:17.202149,2026-06-30 00:20:13.259411
EXCLUDED,10562,604,241,4,country,True,3,B_ZERO_AUTHORITATIVE_MATCH/ZM_ALL_ACTIVE_MEMBERSHIPS_FOREIGN,no active membership in authoritative round 3; winner never chosen,2026-05-31 00:03:19.938773,2026-05-31 00:03:19.894953,2026-05-31 00:03:19.894953
EXCLUDED,13364,604,253,21,country,True,3,B_ZERO_AUTHORITATIVE_MATCH/ZM_ALL_ACTIVE_MEMBERSHIPS_FOREIGN,no active membership in authoritative round 3; winner never chosen,2026-06-30 00:20:16.460954,2026-06-30 00:20:16.402568,2026-06-30 00:20:16.402568
EXCLUDED,15169,604,255,26,country,True,3,B_ZERO_AUTHORITATIVE_MATCH/ZM_ALL_ACTIVE_MEMBERSHIPS_FOREIGN,no active membership in authoritative round 3; winner never chosen,2026-07-31 00:05:07.983300,2026-07-31 00:04:57.915343,2026-07-31 00:04:57.915343
EXCLUDED,18425,604,257,27,country,True,3,B_ZERO_AUTHORITATIVE_MATCH/ZM_ALL_ACTIVE_MEMBERSHIPS_FOREIGN,no active membership in authoritative round 3; winner never chosen,2026-09-03 12:08:46.680314,2026-09-03 12:08:43.443902,2026-09-03 12:08:43.468907
EXCLUDED,9506,604,251,1,global,True,3,B_ZERO_AUTHORITATIVE_MATCH/ZM_MISSING_GENUINE_MEMBERSHIP,no active membership in authoritative round 3; winner never chosen,2026-05-31 00:03:04.963938,2026-05-31 00:03:04.931983,2026-05-31 00:03:04.931983
EXCLUDED,12239,604,256,2,global,True,3,B_ZERO_AUTHORITATIVE_MATCH/ZM_MISSING_GENUINE_MEMBERSHIP,no active membership in authoritative round 3; winner never chosen,2026-06-17 18:26:33.718815,2026-06-17 18:26:33.691850,2026-06-17 18:26:33.691850
EXCLUDED,8430,605,249,1,continent,True,3,B_ZERO_AUTHORITATIVE_MATCH/ZM_MISSING_GENUINE_MEMBERSHIP,no active membership in authoritative round 3; winner never chosen,2026-05-02 01:35:11.437661,2026-05-02 01:35:11.380109,2026-05-02 01:35:11.380109
EXCLUDED,12914,605,252,2,continent,True,3,B_ZERO_AUTHORITATIVE_MATCH/ZM_MISSING_GENUINE_MEMBERSHIP,no active membership in authoritative round 3; winner never chosen,2026-06-30 00:20:07.696531,2026-06-30 00:20:07.643612,2026-06-30 00:20:07.643612
EXCLUDED,10444,605,241,4,country,True,3,B_ZERO_AUTHORITATIVE_MATCH/ZM_ALL_ACTIVE_MEMBERSHIPS_FOREIGN,no active membership in authoritative round 3; winner never chosen,2026-05-31 00:03:17.592156,2026-05-31 00:03:17.504839,2026-05-31 00:03:17.504839
EXCLUDED,13248,605,253,21,country,True,3,B_ZERO_AUTHORITATIVE_MATCH/ZM_ALL_ACTIVE_MEMBERSHIPS_FOREIGN,no active membership in authoritative round 3; winner never chosen,2026-06-30 00:20:13.577267,2026-06-30 00:20:13.464732,2026-06-30 00:20:13.464732
EXCLUDED,15053,605,255,26,country,True,3,B_ZERO_AUTHORITATIVE_MATCH/ZM_ALL_ACTIVE_MEMBERSHIPS_FOREIGN,no active membership in authoritative round 3; winner never chosen,2026-07-31 00:05:21.045219,2026-07-31 00:04:53.909783,2026-07-31 00:04:53.909783
EXCLUDED,18309,605,257,27,country,True,3,B_ZERO_AUTHORITATIVE_MATCH/ZM_ALL_ACTIVE_MEMBERSHIPS_FOREIGN,no active membership in authoritative round 3; winner never chosen,2026-09-03 12:09:05.065309,2026-09-03 12:08:37.949829,2026-09-03 12:08:37.949829
EXCLUDED,10551,607,241,4,country,True,3,B_ZERO_AUTHORITATIVE_MATCH/ZM_ALL_ACTIVE_MEMBERSHIPS_FOREIGN,no active membership in authoritative round 3; winner never chosen,2026-05-31 00:03:19.886082,2026-05-31 00:03:19.846409,2026-05-31 00:03:19.846409
EXCLUDED,13352,607,253,21,country,True,3,B_ZERO_AUTHORITATIVE_MATCH/ZM_ALL_ACTIVE_MEMBERSHIPS_FOREIGN,no active membership in authoritative round 3; winner never chosen,2026-06-30 00:20:16.388031,2026-06-30 00:20:16.343070,2026-06-30 00:20:16.343070
EXCLUDED,15157,607,255,26,country,True,3,B_ZERO_AUTHORITATIVE_MATCH/ZM_ALL_ACTIVE_MEMBERSHIPS_FOREIGN,no active membership in authoritative round 3; winner never chosen,2026-07-31 00:05:02.884701,2026-07-31 00:04:57.835976,2026-07-31 00:04:57.835976
EXCLUDED,18413,607,257,27,country,True,3,B_ZERO_AUTHORITATIVE_MATCH/ZM_ALL_ACTIVE_MEMBERSHIPS_FOREIGN,no active membership in authoritative round 3; winner never chosen,2026-09-03 12:08:48.407814,2026-09-03 12:08:43.329632,2026-09-03 12:08:43.329632
EXCLUDED,9515,607,251,1,global,True,3,B_ZERO_AUTHORITATIVE_MATCH/ZM_MISSING_GENUINE_MEMBERSHIP,no active membership in authoritative round 3; winner never chosen,2026-05-31 00:03:10.033817,2026-05-31 00:03:05.025148,2026-05-31 00:03:09.995584
EXCLUDED,12253,607,256,2,global,True,3,B_ZERO_AUTHORITATIVE_MATCH/ZM_MISSING_GENUINE_MEMBERSHIP,no active membership in authoritative round 3; winner never chosen,2026-06-30 00:20:13.241178,2026-06-17 18:26:33.847450,2026-06-30 00:20:13.186925
EXCLUDED,8826,609,249,1,continent,True,3,B_ZERO_AUTHORITATIVE_MATCH/ZM_MISSING_GENUINE_MEMBERSHIP,no active membership in authoritative round 3; winner never chosen,2026-05-31 01:03:12.730586,2026-05-02 01:35:16.590839,2026-05-31 01:03:12.697320
EXCLUDED,10363,609,252,2,continent,True,3,B_ZERO_AUTHORITATIVE_MATCH/ZM_MISSING_GENUINE_MEMBERSHIP,no active membership in authoritative round 3; winner never chosen,2026-06-30 00:20:13.150397,2026-05-31 00:03:17.012043,2026-06-30 00:20:13.134935
EXCLUDED,10542,609,241,4,country,True,3,B_ZERO_AUTHORITATIVE_MATCH/ZM_ALL_ACTIVE_MEMBERSHIPS_FOREIGN,no active membership in authoritative round 3; winner never chosen,2026-05-31 00:03:19.835196,2026-05-31 00:03:19.795906,2026-05-31 00:03:19.795906
EXCLUDED,13344,609,253,21,country,True,3,B_ZERO_AUTHORITATIVE_MATCH/ZM_ALL_ACTIVE_MEMBERSHIPS_FOREIGN,no active membership in authoritative round 3; winner never chosen,2026-06-30 00:20:16.330208,2026-06-30 00:20:16.287187,2026-06-30 00:20:16.287187
EXCLUDED,15149,609,255,26,country,True,3,B_ZERO_AUTHORITATIVE_MATCH/ZM_ALL_ACTIVE_MEMBERSHIPS_FOREIGN,no active membership in authoritative round 3; winner never chosen,2026-07-31 00:05:02.811309,2026-07-31 00:04:57.768560,2026-07-31 00:04:57.768560
EXCLUDED,18405,609,257,27,country,True,3,B_ZERO_AUTHORITATIVE_MATCH/ZM_ALL_ACTIVE_MEMBERSHIPS_FOREIGN,no active membership in authoritative round 3; winner never chosen,2026-09-03 12:08:48.359756,2026-09-03 12:08:43.258761,2026-09-03 12:08:43.245651
EXCLUDED,9510,609,251,1,global,True,3,B_ZERO_AUTHORITATIVE_MATCH/ZM_MISSING_GENUINE_MEMBERSHIP,no active membership in authoritative round 3; winner never chosen,2026-05-31 00:03:05.005287,2026-05-31 00:03:04.978270,2026-05-31 00:03:04.978270
EXCLUDED,12248,609,256,2,global,True,3,B_ZERO_AUTHORITATIVE_MATCH/ZM_MISSING_GENUINE_MEMBERSHIP,no active membership in authoritative round 3; winner never chosen,2026-06-17 18:26:33.837745,2026-06-17 18:26:33.812259,2026-06-17 18:26:33.812259
EXCLUDED,8844,610,249,1,continent,True,3,B_ZERO_AUTHORITATIVE_MATCH/ZM_MISSING_GENUINE_MEMBERSHIP,no active membership in authoritative round 3; winner never chosen,2026-05-31 01:03:12.930667,2026-05-02 01:35:16.735250,2026-05-31 01:03:12.890887
EXCLUDED,10399,610,252,2,continent,True,3,B_ZERO_AUTHORITATIVE_MATCH/ZM_MISSING_GENUINE_MEMBERSHIP,no active membership in authoritative round 3; winner never chosen,2026-06-30 00:20:13.272824,2026-05-31 00:03:17.202149,2026-06-30 00:20:13.259411
EXCLUDED,10553,610,241,4,country,True,3,B_ZERO_AUTHORITATIVE_MATCH/ZM_ALL_ACTIVE_MEMBERSHIPS_FOREIGN,no active membership in authoritative round 3; winner never chosen,2026-05-31 00:03:19.927384,2026-05-31 00:03:19.894953,2026-05-31 00:03:19.894953
EXCLUDED,13363,610,253,21,country,True,3,B_ZERO_AUTHORITATIVE_MATCH/ZM_ALL_ACTIVE_MEMBERSHIPS_FOREIGN,no active membership in authoritative round 3; winner never chosen,2026-06-30 00:20:16.459616,2026-06-30 00:20:16.402568,2026-06-30 00:20:16.402568
EXCLUDED,15168,610,255,26,country,True,3,B_ZERO_AUTHORITATIVE_MATCH/ZM_ALL_ACTIVE_MEMBERSHIPS_FOREIGN,no active membership in authoritative round 3; winner never chosen,2026-07-31 00:05:06.983300,2026-07-31 00:04:57.915343,2026-07-31 00:04:57.915343
EXCLUDED,9505,610,251,1,global,True,3,B_ZERO_AUTHORITATIVE_MATCH/ZM_MISSING_GENUINE_MEMBERSHIP,no active membership in authoritative round 3; winner never chosen,2026-05-31 00:03:04.962409,2026-05-31 00:03:04.931983,2026-05-31 00:03:04.931983
EXCLUDED,12243,610,256,2,global,True,3,B_ZERO_AUTHORITATIVE_MATCH/ZM_MISSING_GENUINE_MEMBERSHIP,no active membership in authoritative round 3; winner never chosen,2026-06-17 18:26:33.754267,2026-06-17 18:26:33.728493,2026-06-17 18:26:33.728493
EXCLUDED,8431,611,249,1,continent,True,3,B_ZERO_AUTHORITATIVE_MATCH/ZM_MISSING_GENUINE_MEMBERSHIP,no active membership in authoritative round 3; winner never chosen,2026-05-02 01:35:11.438963,2026-05-02 01:35:11.380109,2026-05-02 01:35:11.380109
EXCLUDED,12903,611,252,2,continent,True,3,B_ZERO_AUTHORITATIVE_MATCH/ZM_MISSING_GENUINE_MEMBERSHIP,no active membership in authoritative round 3; winner never chosen,2026-06-30 00:20:07.671363,2026-06-30 00:20:07.643612,2026-06-30 00:20:07.643612
EXCLUDED,10442,611,241,4,country,True,3,B_ZERO_AUTHORITATIVE_MATCH/ZM_ALL_ACTIVE_MEMBERSHIPS_FOREIGN,no active membership in authoritative round 3; winner never chosen,2026-05-31 00:03:17.589413,2026-05-31 00:03:17.504839,2026-05-31 00:03:17.504839
EXCLUDED,13237,611,253,21,country,True,3,B_ZERO_AUTHORITATIVE_MATCH/ZM_ALL_ACTIVE_MEMBERSHIPS_FOREIGN,no active membership in authoritative round 3; winner never chosen,2026-06-30 00:20:13.562770,2026-06-30 00:20:13.464732,2026-06-30 00:20:13.464732
EXCLUDED,15042,611,255,26,country,True,3,B_ZERO_AUTHORITATIVE_MATCH/ZM_ALL_ACTIVE_MEMBERSHIPS_FOREIGN,no active membership in authoritative round 3; winner never chosen,2026-07-31 00:05:10.045219,2026-07-31 00:04:53.909783,2026-07-31 00:04:53.909783
EXCLUDED,18298,611,257,27,country,True,3,B_ZERO_AUTHORITATIVE_MATCH/ZM_ALL_ACTIVE_MEMBERSHIPS_FOREIGN,no active membership in authoritative round 3; winner never chosen,2026-09-03 12:08:54.065309,2026-09-03 12:08:37.949829,2026-09-03 12:08:37.949829
EXCLUDED,10436,614,241,4,country,True,3,B_ZERO_AUTHORITATIVE_MATCH/ZM_ALL_ACTIVE_MEMBERSHIPS_FOREIGN,no active membership in authoritative round 3; winner never chosen,2026-05-31 00:03:17.582161,2026-05-31 00:03:17.504839,2026-05-31 00:03:17.504839
EXCLUDED,13246,614,253,21,country,True,3,B_ZERO_AUTHORITATIVE_MATCH/ZM_ALL_ACTIVE_MEMBERSHIPS_FOREIGN,no active membership in authoritative round 3; winner never chosen,2026-06-30 00:20:13.574748,2026-06-30 00:20:13.464732,2026-06-30 00:20:13.464732
EXCLUDED,15051,614,255,26,country,True,3,B_ZERO_AUTHORITATIVE_MATCH/ZM_ALL_ACTIVE_MEMBERSHIPS_FOREIGN,no active membership in authoritative round 3; winner never chosen,2026-07-31 00:05:19.045219,2026-07-31 00:04:53.909783,2026-07-31 00:04:53.909783
EXCLUDED,18307,614,257,27,country,True,3,B_ZERO_AUTHORITATIVE_MATCH/ZM_ALL_ACTIVE_MEMBERSHIPS_FOREIGN,no active membership in authoritative round 3; winner never chosen,2026-09-03 12:09:03.065309,2026-09-03 12:08:37.949829,2026-09-03 12:08:37.949829
EXCLUDED,10435,618,241,4,country,True,3,B_ZERO_AUTHORITATIVE_MATCH/ZM_ALL_ACTIVE_MEMBERSHIPS_FOREIGN,no active membership in authoritative round 3; winner never chosen,2026-05-31 00:03:17.581085,2026-05-31 00:03:17.504839,2026-05-31 00:03:17.504839
EXCLUDED,13245,618,253,21,country,True,3,B_ZERO_AUTHORITATIVE_MATCH/ZM_ALL_ACTIVE_MEMBERSHIPS_FOREIGN,no active membership in authoritative round 3; winner never chosen,2026-06-30 00:20:13.573315,2026-06-30 00:20:13.464732,2026-06-30 00:20:13.464732
EXCLUDED,15050,618,255,26,country,True,3,B_ZERO_AUTHORITATIVE_MATCH/ZM_ALL_ACTIVE_MEMBERSHIPS_FOREIGN,no active membership in authoritative round 3; winner never chosen,2026-07-31 00:05:18.045219,2026-07-31 00:04:53.909783,2026-07-31 00:04:53.909783
EXCLUDED,18306,618,257,27,country,True,3,B_ZERO_AUTHORITATIVE_MATCH/ZM_ALL_ACTIVE_MEMBERSHIPS_FOREIGN,no active membership in authoritative round 3; winner never chosen,2026-09-03 12:09:02.065309,2026-09-03 12:08:37.949829,2026-09-03 12:08:37.949829
EXCLUDED,10443,619,241,4,country,True,3,B_ZERO_AUTHORITATIVE_MATCH/ZM_ALL_ACTIVE_MEMBERSHIPS_FOREIGN,no active membership in authoritative round 3; winner never chosen,2026-05-31 00:03:17.590715,2026-05-31 00:03:17.504839,2026-05-31 00:03:17.504839
EXCLUDED,13247,619,253,21,country,True,3,B_ZERO_AUTHORITATIVE_MATCH/ZM_ALL_ACTIVE_MEMBERSHIPS_FOREIGN,no active membership in authoritative round 3; winner never chosen,2026-06-30 00:20:13.576106,2026-06-30 00:20:13.464732,2026-06-30 00:20:13.464732
EXCLUDED,15052,619,255,26,country,True,3,B_ZERO_AUTHORITATIVE_MATCH/ZM_ALL_ACTIVE_MEMBERSHIPS_FOREIGN,no active membership in authoritative round 3; winner never chosen,2026-07-31 00:05:20.045219,2026-07-31 00:04:53.909783,2026-07-31 00:04:53.909783
EXCLUDED,18308,619,257,27,country,True,3,B_ZERO_AUTHORITATIVE_MATCH/ZM_ALL_ACTIVE_MEMBERSHIPS_FOREIGN,no active membership in authoritative round 3; winner never chosen,2026-09-03 12:09:04.065309,2026-09-03 12:08:37.949829,2026-09-03 12:08:37.949829
EXCLUDED,10543,624,241,4,country,True,3,B_ZERO_AUTHORITATIVE_MATCH/ZM_ALL_ACTIVE_MEMBERSHIPS_FOREIGN,no active membership in authoritative round 3; winner never chosen,2026-05-31 00:03:19.836434,2026-05-31 00:03:19.795906,2026-05-31 00:03:19.795906
EXCLUDED,13343,624,253,21,country,True,3,B_ZERO_AUTHORITATIVE_MATCH/ZM_ALL_ACTIVE_MEMBERSHIPS_FOREIGN,no active membership in authoritative round 3; winner never chosen,2026-06-30 00:20:16.328859,2026-06-30 00:20:16.287187,2026-06-30 00:20:16.287187
EXCLUDED,15148,624,255,26,country,True,3,B_ZERO_AUTHORITATIVE_MATCH/ZM_ALL_ACTIVE_MEMBERSHIPS_FOREIGN,no active membership in authoritative round 3; winner never chosen,2026-07-31 00:05:01.811309,2026-07-31 00:04:57.768560,2026-07-31 00:04:57.768560
EXCLUDED,18404,624,257,27,country,True,3,B_ZERO_AUTHORITATIVE_MATCH/ZM_ALL_ACTIVE_MEMBERSHIPS_FOREIGN,no active membership in authoritative round 3; winner never chosen,2026-09-03 12:08:47.359756,2026-09-03 12:08:43.258761,2026-09-03 12:08:43.245651
EXCLUDED,9519,624,251,1,global,True,3,B_ZERO_AUTHORITATIVE_MATCH/ZM_MISSING_GENUINE_MEMBERSHIP,no active membership in authoritative round 3; winner never chosen,2026-05-31 00:03:09.942672,2026-05-31 00:03:05.084968,2026-05-31 00:03:09.908483
EXCLUDED,12230,624,256,2,global,True,3,B_ZERO_AUTHORITATIVE_MATCH/ZM_MISSING_GENUINE_MEMBERSHIP,no active membership in authoritative round 3; winner never chosen,2026-06-30 00:20:13.175071,2026-06-17 18:26:33.616272,2026-06-30 00:20:13.134935
EXCLUDED,10563,625,241,4,country,True,3,B_ZERO_AUTHORITATIVE_MATCH/ZM_ALL_ACTIVE_MEMBERSHIPS_FOREIGN,no active membership in authoritative round 3; winner never chosen,2026-05-31 00:03:19.939987,2026-05-31 00:03:19.894953,2026-05-31 00:03:19.894953
EXCLUDED,13362,625,253,21,country,True,3,B_ZERO_AUTHORITATIVE_MATCH/ZM_ALL_ACTIVE_MEMBERSHIPS_FOREIGN,no active membership in authoritative round 3; winner never chosen,2026-06-30 00:20:16.458259,2026-06-30 00:20:16.402568,2026-06-30 00:20:16.402568
EXCLUDED,15167,625,255,26,country,True,3,B_ZERO_AUTHORITATIVE_MATCH/ZM_ALL_ACTIVE_MEMBERSHIPS_FOREIGN,no active membership in authoritative round 3; winner never chosen,2026-07-31 00:05:05.983300,2026-07-31 00:04:57.915343,2026-07-31 00:04:57.915343
EXCLUDED,18423,625,257,27,country,True,3,B_ZERO_AUTHORITATIVE_MATCH/ZM_ALL_ACTIVE_MEMBERSHIPS_FOREIGN,no active membership in authoritative round 3; winner never chosen,2026-09-03 12:08:45.680314,2026-09-03 12:08:43.443902,2026-09-03 12:08:43.468907
EXCLUDED,9514,625,251,1,global,True,3,B_ZERO_AUTHORITATIVE_MATCH/ZM_MISSING_GENUINE_MEMBERSHIP,no active membership in authoritative round 3; winner never chosen,2026-05-31 00:03:10.141131,2026-05-31 00:03:05.025148,2026-05-31 00:03:10.096404
EXCLUDED,13203,625,256,2,global,True,3,B_ZERO_AUTHORITATIVE_MATCH/ZM_MISSING_GENUINE_MEMBERSHIP,no active membership in authoritative round 3; winner never chosen,2026-06-30 00:20:13.318269,2026-06-30 00:20:13.259411,2026-06-30 00:20:13.259411
EXCLUDED,8428,626,249,1,continent,True,3,B_ZERO_AUTHORITATIVE_MATCH/ZM_MISSING_GENUINE_MEMBERSHIP,no active membership in authoritative round 3; winner never chosen,2026-05-31 01:03:06.841580,2026-05-02 01:35:11.380109,2026-05-31 01:03:06.816700
EXCLUDED,9878,626,252,2,continent,True,3,B_ZERO_AUTHORITATIVE_MATCH/ZM_MISSING_GENUINE_MEMBERSHIP,no active membership in authoritative round 3; winner never chosen,2026-06-30 00:20:07.697650,2026-05-31 00:03:10.849709,2026-06-30 00:20:07.643612
EXCLUDED,10440,626,241,4,country,True,3,B_ZERO_AUTHORITATIVE_MATCH/ZM_ALL_ACTIVE_MEMBERSHIPS_FOREIGN,no active membership in authoritative round 3; winner never chosen,2026-05-31 00:03:17.586738,2026-05-31 00:03:17.504839,2026-05-31 00:03:17.504839
EXCLUDED,13235,626,253,21,country,True,3,B_ZERO_AUTHORITATIVE_MATCH/ZM_ALL_ACTIVE_MEMBERSHIPS_FOREIGN,no active membership in authoritative round 3; winner never chosen,2026-06-30 00:20:13.560176,2026-06-30 00:20:13.464732,2026-06-30 00:20:13.464732
EXCLUDED,15040,626,255,26,country,True,3,B_ZERO_AUTHORITATIVE_MATCH/ZM_ALL_ACTIVE_MEMBERSHIPS_FOREIGN,no active membership in authoritative round 3; winner never chosen,2026-07-31 00:05:08.045219,2026-07-31 00:04:53.909783,2026-07-31 00:04:53.909783
EXCLUDED,18296,626,257,27,country,True,3,B_ZERO_AUTHORITATIVE_MATCH/ZM_ALL_ACTIVE_MEMBERSHIPS_FOREIGN,no active membership in authoritative round 3; winner never chosen,2026-09-03 12:08:52.065309,2026-09-03 12:08:37.949829,2026-09-03 12:08:37.949829
EXCLUDED,8414,629,249,1,continent,True,3,B_ZERO_AUTHORITATIVE_MATCH/ZM_MISSING_GENUINE_MEMBERSHIP,no active membership in authoritative round 3; winner never chosen,2026-05-02 01:35:11.335975,2026-05-02 01:35:11.289152,2026-05-02 01:35:11.289152
EXCLUDED,12889,629,252,2,continent,True,3,B_ZERO_AUTHORITATIVE_MATCH/ZM_MISSING_GENUINE_MEMBERSHIP,no active membership in authoritative round 3; winner never chosen,2026-06-30 00:20:07.553485,2026-06-30 00:20:07.538214,2026-06-30 00:20:07.538214
EXCLUDED,10417,629,241,4,country,True,3,B_ZERO_AUTHORITATIVE_MATCH/ZM_ALL_ACTIVE_MEMBERSHIPS_FOREIGN,no active membership in authoritative round 3; winner never chosen,2026-05-31 00:03:17.483840,2026-05-31 00:03:17.441354,2026-05-31 00:03:17.441354
EXCLUDED,13214,629,253,21,country,True,3,B_ZERO_AUTHORITATIVE_MATCH/ZM_ALL_ACTIVE_MEMBERSHIPS_FOREIGN,no active membership in authoritative round 3; winner never chosen,2026-06-30 00:20:13.439998,2026-06-30 00:20:13.394348,2026-06-30 00:20:13.394348
EXCLUDED,15019,629,255,26,country,True,3,B_ZERO_AUTHORITATIVE_MATCH/ZM_ALL_ACTIVE_MEMBERSHIPS_FOREIGN,no active membership in authoritative round 3; winner never chosen,2026-07-31 00:04:56.866787,2026-07-31 00:04:53.805014,2026-07-31 00:04:53.805014
EXCLUDED,18275,629,257,27,country,True,3,B_ZERO_AUTHORITATIVE_MATCH/ZM_ALL_ACTIVE_MEMBERSHIPS_FOREIGN,no active membership in authoritative round 3; winner never chosen,2026-09-03 12:08:40.911180,2026-09-03 12:08:37.839238,2026-09-03 12:08:37.839238
EXCLUDED,10582,630,249,1,continent,True,3,B_ZERO_AUTHORITATIVE_MATCH/ZM_MISSING_GENUINE_MEMBERSHIP,no active membership in authoritative round 3; winner never chosen,2026-05-31 01:03:06.840312,2026-05-31 01:03:06.816700,2026-05-31 01:03:06.816700
EXCLUDED,12895,630,252,2,continent,True,3,B_ZERO_AUTHORITATIVE_MATCH/ZM_MISSING_GENUINE_MEMBERSHIP,no active membership in authoritative round 3; winner never chosen,2026-06-30 00:20:07.658790,2026-06-30 00:20:07.643612,2026-06-30 00:20:07.643612
EXCLUDED,10434,630,241,4,country,True,3,B_ZERO_AUTHORITATIVE_MATCH/ZM_ALL_ACTIVE_MEMBERSHIPS_FOREIGN,no active membership in authoritative round 3; winner never chosen,2026-05-31 00:03:17.579925,2026-05-31 00:03:17.504839,2026-05-31 00:03:17.504839
EXCLUDED,13244,630,253,21,country,True,3,B_ZERO_AUTHORITATIVE_MATCH/ZM_ALL_ACTIVE_MEMBERSHIPS_FOREIGN,no active membership in authoritative round 3; winner never chosen,2026-06-30 00:20:13.571954,2026-06-30 00:20:13.464732,2026-06-30 00:20:13.464732
EXCLUDED,15049,630,255,26,country,True,3,B_ZERO_AUTHORITATIVE_MATCH/ZM_ALL_ACTIVE_MEMBERSHIPS_FOREIGN,no active membership in authoritative round 3; winner never chosen,2026-07-31 00:05:17.045219,2026-07-31 00:04:53.909783,2026-07-31 00:04:53.909783
EXCLUDED,18305,630,257,27,country,True,3,B_ZERO_AUTHORITATIVE_MATCH/ZM_ALL_ACTIVE_MEMBERSHIPS_FOREIGN,no active membership in authoritative round 3; winner never chosen,2026-09-03 12:09:01.065309,2026-09-03 12:08:37.949829,2026-09-03 12:08:37.949829
EXCLUDED,8429,635,249,1,continent,True,3,B_ZERO_AUTHORITATIVE_MATCH/ZM_MISSING_GENUINE_MEMBERSHIP,no active membership in authoritative round 3; winner never chosen,2026-05-31 01:03:06.839126,2026-05-02 01:35:11.380109,2026-05-31 01:03:06.816700
EXCLUDED,9880,635,252,2,continent,True,3,B_ZERO_AUTHORITATIVE_MATCH/ZM_MISSING_GENUINE_MEMBERSHIP,no active membership in authoritative round 3; winner never chosen,2026-06-30 00:20:07.699380,2026-05-31 00:03:10.849709,2026-06-30 00:20:07.643612
EXCLUDED,10441,635,241,4,country,True,3,B_ZERO_AUTHORITATIVE_MATCH/ZM_ALL_ACTIVE_MEMBERSHIPS_FOREIGN,no active membership in authoritative round 3; winner never chosen,2026-05-31 00:03:17.588078,2026-05-31 00:03:17.504839,2026-05-31 00:03:17.504839
EXCLUDED,13236,635,253,21,country,True,3,B_ZERO_AUTHORITATIVE_MATCH/ZM_ALL_ACTIVE_MEMBERSHIPS_FOREIGN,no active membership in authoritative round 3; winner never chosen,2026-06-30 00:20:13.561528,2026-06-30 00:20:13.464732,2026-06-30 00:20:13.464732
EXCLUDED,15041,635,255,26,country,True,3,B_ZERO_AUTHORITATIVE_MATCH/ZM_ALL_ACTIVE_MEMBERSHIPS_FOREIGN,no active membership in authoritative round 3; winner never chosen,2026-07-31 00:05:09.045219,2026-07-31 00:04:53.909783,2026-07-31 00:04:53.909783
EXCLUDED,18297,635,257,27,country,True,3,B_ZERO_AUTHORITATIVE_MATCH/ZM_ALL_ACTIVE_MEMBERSHIPS_FOREIGN,no active membership in authoritative round 3; winner never chosen,2026-09-03 12:08:53.065309,2026-09-03 12:08:37.949829,2026-09-03 12:08:37.949829
EXCLUDED,10587,643,249,1,continent,True,4,B_ZERO_AUTHORITATIVE_MATCH/ZM_MISSING_GENUINE_MEMBERSHIP,no active membership in authoritative round 4; winner never chosen,2026-05-31 01:03:06.847661,2026-05-31 01:03:06.816700,2026-05-31 01:03:06.816700
EXCLUDED,12897,643,252,2,continent,True,4,B_ZERO_AUTHORITATIVE_MATCH/ZM_MISSING_GENUINE_MEMBERSHIP,no active membership in authoritative round 4; winner never chosen,2026-06-30 00:20:07.661825,2026-06-30 00:20:07.643612,2026-06-30 00:20:07.643612
EXCLUDED,956,666,8,4,city,True,4,C_MULTIPLE_AUTHORITATIVE_MATCH/DUPLICATE_SEASON_STRUCTURE_SAME_ROUND,multiple active rows in authoritative round 4: no single invalid row deterministically identifiable,2026-05-01 00:04:17.036697,2026-04-04 19:00:56.824700,2026-05-01 00:04:17.019614
EXCLUDED,4418,666,240,4,city,True,4,C_MULTIPLE_AUTHORITATIVE_MATCH/DUPLICATE_SEASON_STRUCTURE_SAME_ROUND,multiple active rows in authoritative round 4: no single invalid row deterministically identifiable,2026-05-01 00:04:14.268887,2026-05-01 00:04:14.246387,2026-05-01 00:04:14.246387
EXCLUDED,10943,666,250,21,city,True,4,C_MULTIPLE_AUTHORITATIVE_MATCH/DUPLICATE_SEASON_STRUCTURE_SAME_ROUND,multiple active rows in authoritative round 4: no single invalid row deterministically identifiable,2026-06-01 00:04:22.916097,2026-06-01 00:04:22.892354,2026-06-01 00:04:22.892354
EXCLUDED,13428,666,258,26,city,True,4,C_MULTIPLE_AUTHORITATIVE_MATCH/DUPLICATE_SEASON_STRUCTURE_SAME_ROUND,multiple active rows in authoritative round 4: no single invalid row deterministically identifiable,2026-07-01 00:05:08.552349,2026-07-01 00:05:08.532278,2026-07-01 00:05:08.532278
EXCLUDED,15212,666,263,27,city,True,4,C_MULTIPLE_AUTHORITATIVE_MATCH/DUPLICATE_SEASON_STRUCTURE_SAME_ROUND,multiple active rows in authoritative round 4: no single invalid row deterministically identifiable,2026-08-01 00:05:11.969560,2026-08-01 00:05:11.943836,2026-08-01 00:05:11.943836
EXCLUDED,17207,666,267,28,city,True,4,C_MULTIPLE_AUTHORITATIVE_MATCH/DUPLICATE_SEASON_STRUCTURE_SAME_ROUND,multiple active rows in authoritative round 4: no single invalid row deterministically identifiable,2026-09-03 12:08:17.392943,2026-09-03 12:08:17.355580,2026-09-03 12:08:17.355580
EXCLUDED,8424,666,245,1,regional,True,4,B_ZERO_AUTHORITATIVE_MATCH/ZM_MISSING_GENUINE_MEMBERSHIP,no active membership in authoritative round 4; winner never chosen,2026-05-02 01:35:11.406697,2026-05-02 01:35:11.380109,2026-05-02 01:35:11.380109
EXCLUDED,9869,666,247,2,regional,True,4,B_ZERO_AUTHORITATIVE_MATCH/ZM_MISSING_GENUINE_MEMBERSHIP,no active membership in authoritative round 4; winner never chosen,2026-05-31 00:03:10.880061,2026-05-31 00:03:10.849709,2026-05-31 00:03:10.849709
EXCLUDED,963,673,8,4,city,True,4,C_MULTIPLE_AUTHORITATIVE_MATCH/DUPLICATE_SEASON_STRUCTURE_SAME_ROUND,multiple active rows in authoritative round 4: no single invalid row deterministically identifiable,2026-05-01 00:04:17.027597,2026-04-11 21:56:46.316411,2026-05-01 00:04:17.019614
EXCLUDED,3805,673,2,1,city,True,4,C_MULTIPLE_AUTHORITATIVE_MATCH/DUPLICATE_SEASON_STRUCTURE_SAME_ROUND,multiple active rows in authoritative round 4: no single invalid row deterministically identifiable,2026-04-27 14:37:37.470102,2026-04-27 14:37:37.459622,2026-04-27 14:37:37.459622
EXCLUDED,3884,673,5,2,city,True,4,C_MULTIPLE_AUTHORITATIVE_MATCH/DUPLICATE_SEASON_STRUCTURE_SAME_ROUND,multiple active rows in authoritative round 4: no single invalid row deterministically identifiable,2026-04-27 14:37:37.888650,2026-04-27 14:37:37.878824,2026-04-27 14:37:37.878824
EXCLUDED,4402,673,240,4,city,True,4,C_MULTIPLE_AUTHORITATIVE_MATCH/DUPLICATE_SEASON_STRUCTURE_SAME_ROUND,multiple active rows in authoritative round 4: no single invalid row deterministically identifiable,2026-05-01 00:04:14.257042,2026-05-01 00:04:14.246387,2026-05-01 00:04:14.246387
EXCLUDED,10928,673,250,21,city,True,4,C_MULTIPLE_AUTHORITATIVE_MATCH/DUPLICATE_SEASON_STRUCTURE_SAME_ROUND,multiple active rows in authoritative round 4: no single invalid row deterministically identifiable,2026-06-01 00:04:22.906199,2026-06-01 00:04:22.892354,2026-06-01 00:04:22.892354
EXCLUDED,13413,673,258,26,city,True,4,C_MULTIPLE_AUTHORITATIVE_MATCH/DUPLICATE_SEASON_STRUCTURE_SAME_ROUND,multiple active rows in authoritative round 4: no single invalid row deterministically identifiable,2026-07-01 00:05:08.543565,2026-07-01 00:05:08.532278,2026-07-01 00:05:08.532278
EXCLUDED,15197,673,263,27,city,True,4,C_MULTIPLE_AUTHORITATIVE_MATCH/DUPLICATE_SEASON_STRUCTURE_SAME_ROUND,multiple active rows in authoritative round 4: no single invalid row deterministically identifiable,2026-08-01 00:05:11.959159,2026-08-01 00:05:11.943836,2026-08-01 00:05:11.943836
EXCLUDED,17191,673,267,28,city,True,4,C_MULTIPLE_AUTHORITATIVE_MATCH/DUPLICATE_SEASON_STRUCTURE_SAME_ROUND,multiple active rows in authoritative round 4: no single invalid row deterministically identifiable,2026-09-03 12:08:17.375243,2026-09-03 12:08:17.355580,2026-09-03 12:08:17.355580
EXCLUDED,8421,673,245,1,regional,True,4,B_ZERO_AUTHORITATIVE_MATCH/ZM_MISSING_GENUINE_MEMBERSHIP,no active membership in authoritative round 4; winner never chosen,2026-05-02 01:48:58.587390,2026-05-02 01:35:11.380109,2026-05-02 01:48:58.468536
EXCLUDED,9867,673,247,2,regional,True,4,B_ZERO_AUTHORITATIVE_MATCH/ZM_MISSING_GENUINE_MEMBERSHIP,no active membership in authoritative round 4; winner never chosen,2026-05-31 00:03:10.865455,2026-05-31 00:03:10.849709,2026-05-31 00:03:10.849709
EXCLUDED,17108,772,254,3,continent,True,4,B_ZERO_AUTHORITATIVE_MATCH/ZM_ALL_ACTIVE_MEMBERSHIPS_FOREIGN,no active membership in authoritative round 4; winner never chosen,2026-09-03 13:04:30.431509,2026-08-01 02:39:18.967432,2026-09-03 13:04:29.558222
EXCLUDED,18259,772,265,21,continent,True,4,B_ZERO_AUTHORITATIVE_MATCH/ZM_ALL_ACTIVE_MEMBERSHIPS_FOREIGN,no active membership in authoritative round 4; winner never chosen,2026-09-03 13:04:23.715359,2026-09-03 12:08:37.269438,2026-09-03 13:04:07.238422
EXCLUDED,3408,785,8,4,city,True,4,C_MULTIPLE_AUTHORITATIVE_MATCH/DUPLICATE_SEASON_STRUCTURE_SAME_ROUND,multiple active rows in authoritative round 4: no single invalid row deterministically identifiable,2026-05-01 00:04:17.034505,2026-04-22 01:08:48.866962,2026-05-01 00:04:17.019614
EXCLUDED,3811,785,2,1,city,True,4,C_MULTIPLE_AUTHORITATIVE_MATCH/DUPLICATE_SEASON_STRUCTURE_SAME_ROUND,multiple active rows in authoritative round 4: no single invalid row deterministically identifiable,2026-04-27 14:37:37.474261,2026-04-27 14:37:37.459622,2026-04-27 14:37:37.459622
EXCLUDED,3896,785,5,2,city,True,4,C_MULTIPLE_AUTHORITATIVE_MATCH/DUPLICATE_SEASON_STRUCTURE_SAME_ROUND,multiple active rows in authoritative round 4: no single invalid row deterministically identifiable,2026-04-27 14:37:37.896830,2026-04-27 14:37:37.878824,2026-04-27 14:37:37.878824
EXCLUDED,4414,785,240,4,city,True,4,C_MULTIPLE_AUTHORITATIVE_MATCH/DUPLICATE_SEASON_STRUCTURE_SAME_ROUND,multiple active rows in authoritative round 4: no single invalid row deterministically identifiable,2026-05-01 00:04:14.266324,2026-05-01 00:04:14.246387,2026-05-01 00:04:14.246387
EXCLUDED,10946,785,250,21,city,True,4,C_MULTIPLE_AUTHORITATIVE_MATCH/DUPLICATE_SEASON_STRUCTURE_SAME_ROUND,multiple active rows in authoritative round 4: no single invalid row deterministically identifiable,2026-06-01 00:04:22.918192,2026-06-01 00:04:22.892354,2026-06-01 00:04:22.892354
EXCLUDED,13431,785,258,26,city,True,4,C_MULTIPLE_AUTHORITATIVE_MATCH/DUPLICATE_SEASON_STRUCTURE_SAME_ROUND,multiple active rows in authoritative round 4: no single invalid row deterministically identifiable,2026-07-01 00:05:08.554235,2026-07-01 00:05:08.532278,2026-07-01 00:05:08.532278
EXCLUDED,15215,785,263,27,city,True,4,C_MULTIPLE_AUTHORITATIVE_MATCH/DUPLICATE_SEASON_STRUCTURE_SAME_ROUND,multiple active rows in authoritative round 4: no single invalid row deterministically identifiable,2026-08-01 00:05:11.971917,2026-08-01 00:05:11.943836,2026-08-01 00:05:11.943836
EXCLUDED,17210,785,267,28,city,True,4,C_MULTIPLE_AUTHORITATIVE_MATCH/DUPLICATE_SEASON_STRUCTURE_SAME_ROUND,multiple active rows in authoritative round 4: no single invalid row deterministically identifiable,2026-09-03 12:08:17.396916,2026-09-03 12:08:17.355580,2026-09-03 12:08:17.355580
EXCLUDED,8423,785,245,1,regional,True,4,B_ZERO_AUTHORITATIVE_MATCH/ZM_MISSING_GENUINE_MEMBERSHIP,no active membership in authoritative round 4; winner never chosen,2026-05-02 01:48:58.588496,2026-05-02 01:35:11.380109,2026-05-02 01:48:58.468536
EXCLUDED,9872,785,247,2,regional,True,4,B_ZERO_AUTHORITATIVE_MATCH/ZM_MISSING_GENUINE_MEMBERSHIP,no active membership in authoritative round 4; winner never chosen,2026-05-31 00:03:10.886596,2026-05-31 00:03:10.849709,2026-05-31 00:03:10.849709
EXCLUDED,17104,788,254,3,continent,True,4,B_ZERO_AUTHORITATIVE_MATCH/ZM_ALL_ACTIVE_MEMBERSHIPS_FOREIGN,no active membership in authoritative round 4; winner never chosen,2026-09-03 13:04:30.289522,2026-08-01 02:39:18.967432,2026-09-03 13:04:29.558222
EXCLUDED,18255,788,265,21,continent,True,4,B_ZERO_AUTHORITATIVE_MATCH/ZM_ALL_ACTIVE_MEMBERSHIPS_FOREIGN,no active membership in authoritative round 4; winner never chosen,2026-09-03 13:04:23.598542,2026-09-03 12:08:37.269438,2026-09-03 13:04:07.238422
EXCLUDED,17106,825,254,3,continent,True,4,B_ZERO_AUTHORITATIVE_MATCH/ZM_ALL_ACTIVE_MEMBERSHIPS_FOREIGN,no active membership in authoritative round 4; winner never chosen,2026-09-03 13:04:30.312261,2026-08-01 02:39:18.967432,2026-09-03 13:04:29.558222
EXCLUDED,18257,825,265,21,continent,True,4,B_ZERO_AUTHORITATIVE_MATCH/ZM_ALL_ACTIVE_MEMBERSHIPS_FOREIGN,no active membership in authoritative round 4; winner never chosen,2026-09-03 13:04:23.616746,2026-09-03 12:08:37.269438,2026-09-03 13:04:07.238422
EXCLUDED,17107,828,254,3,continent,True,4,B_ZERO_AUTHORITATIVE_MATCH/ZM_ALL_ACTIVE_MEMBERSHIPS_FOREIGN,no active membership in authoritative round 4; winner never chosen,2026-09-03 13:04:30.317355,2026-08-01 02:39:18.967432,2026-09-03 13:04:29.558222
EXCLUDED,18258,828,265,21,continent,True,4,B_ZERO_AUTHORITATIVE_MATCH/ZM_ALL_ACTIVE_MEMBERSHIPS_FOREIGN,no active membership in authoritative round 4; winner never chosen,2026-09-03 13:04:23.619366,2026-09-03 12:08:37.269438,2026-09-03 13:04:07.238422
EXCLUDED,17105,833,254,3,continent,True,4,B_ZERO_AUTHORITATIVE_MATCH/ZM_ALL_ACTIVE_MEMBERSHIPS_FOREIGN,no active membership in authoritative round 4; winner never chosen,2026-09-03 13:04:30.291612,2026-08-01 02:39:18.967432,2026-09-03 13:04:29.558222
EXCLUDED,18253,833,265,21,continent,True,4,B_ZERO_AUTHORITATIVE_MATCH/ZM_ALL_ACTIVE_MEMBERSHIPS_FOREIGN,no active membership in authoritative round 4; winner never chosen,2026-09-03 13:04:23.602039,2026-09-03 12:08:37.269438,2026-09-03 13:04:07.238422
EXCLUDED,10586,835,249,1,continent,True,4,B_ZERO_AUTHORITATIVE_MATCH/ZM_MISSING_GENUINE_MEMBERSHIP,no active membership in authoritative round 4; winner never chosen,2026-05-31 01:03:06.846466,2026-05-31 01:03:06.816700,2026-05-31 01:03:06.816700
EXCLUDED,12900,835,252,2,continent,True,4,B_ZERO_AUTHORITATIVE_MATCH/ZM_MISSING_GENUINE_MEMBERSHIP,no active membership in authoritative round 4; winner never chosen,2026-06-30 00:20:07.665450,2026-06-30 00:20:07.643612,2026-06-30 00:20:07.643612
EXCLUDED,8407,843,249,1,continent,True,4,B_ZERO_AUTHORITATIVE_MATCH/ZM_MISSING_GENUINE_MEMBERSHIP,no active membership in authoritative round 4; winner never chosen,2026-05-31 01:03:06.712818,2026-05-02 01:35:11.289152,2026-05-31 01:03:06.675025
EXCLUDED,9850,843,252,2,continent,True,4,B_ZERO_AUTHORITATIVE_MATCH/ZM_MISSING_GENUINE_MEMBERSHIP,no active membership in authoritative round 4; winner never chosen,2026-06-30 00:20:07.560889,2026-05-31 00:03:10.721837,2026-06-30 00:20:07.538214
EXCLUDED,9882,848,252,2,continent,True,4,B_ZERO_AUTHORITATIVE_MATCH/ZM_MISSING_GENUINE_MEMBERSHIP,no active membership in authoritative round 4; winner never chosen,2026-06-30 00:20:07.690715,2026-05-31 00:03:10.849709,2026-06-30 00:20:07.643612
EXCLUDED,10581,848,249,1,continent,True,4,B_ZERO_AUTHORITATIVE_MATCH/ZM_MISSING_GENUINE_MEMBERSHIP,no active membership in authoritative round 4; winner never chosen,2026-05-31 01:03:06.837895,2026-05-31 01:03:06.816700,2026-05-31 01:03:06.816700
EXCLUDED,8408,853,249,1,continent,True,4,B_ZERO_AUTHORITATIVE_MATCH/ZM_MISSING_GENUINE_MEMBERSHIP,no active membership in authoritative round 4; winner never chosen,2026-05-31 01:03:06.711485,2026-05-02 01:35:11.289152,2026-05-31 01:03:06.675025
EXCLUDED,9849,853,252,2,continent,True,4,B_ZERO_AUTHORITATIVE_MATCH/ZM_MISSING_GENUINE_MEMBERSHIP,no active membership in authoritative round 4; winner never chosen,2026-06-30 00:20:07.564798,2026-05-31 00:03:10.721837,2026-06-30 00:20:07.538214
EXCLUDED,3491,862,8,4,city,True,4,C_MULTIPLE_AUTHORITATIVE_MATCH/DUPLICATE_SEASON_STRUCTURE_SAME_ROUND,multiple active rows in authoritative round 4: no single invalid row deterministically identifiable,2026-05-01 00:04:17.007468,2026-04-24 16:38:03.730266,2026-05-01 00:04:17.000626
EXCLUDED,3793,862,2,1,city,True,4,C_MULTIPLE_AUTHORITATIVE_MATCH/DUPLICATE_SEASON_STRUCTURE_SAME_ROUND,multiple active rows in authoritative round 4: no single invalid row deterministically identifiable,2026-04-27 14:37:37.442960,2026-04-27 14:37:37.426913,2026-04-27 14:37:37.426913
EXCLUDED,3872,862,5,2,city,True,4,C_MULTIPLE_AUTHORITATIVE_MATCH/DUPLICATE_SEASON_STRUCTURE_SAME_ROUND,multiple active rows in authoritative round 4: no single invalid row deterministically identifiable,2026-04-27 14:37:37.866319,2026-04-27 14:37:37.850371,2026-04-27 14:37:37.850371
EXCLUDED,4390,862,240,4,city,True,4,C_MULTIPLE_AUTHORITATIVE_MATCH/DUPLICATE_SEASON_STRUCTURE_SAME_ROUND,multiple active rows in authoritative round 4: no single invalid row deterministically identifiable,2026-05-01 00:04:14.233125,2026-05-01 00:04:14.225102,2026-05-01 00:04:14.225102
EXCLUDED,10907,862,250,21,city,True,4,C_MULTIPLE_AUTHORITATIVE_MATCH/DUPLICATE_SEASON_STRUCTURE_SAME_ROUND,multiple active rows in authoritative round 4: no single invalid row deterministically identifiable,2026-06-01 00:04:22.837602,2026-06-01 00:04:22.825183,2026-06-01 00:04:22.825183
EXCLUDED,13401,862,258,26,city,True,4,C_MULTIPLE_AUTHORITATIVE_MATCH/DUPLICATE_SEASON_STRUCTURE_SAME_ROUND,multiple active rows in authoritative round 4: no single invalid row deterministically identifiable,2026-07-01 00:05:08.519047,2026-07-01 00:05:08.504220,2026-07-01 00:05:08.504220
EXCLUDED,15185,862,263,27,city,True,4,C_MULTIPLE_AUTHORITATIVE_MATCH/DUPLICATE_SEASON_STRUCTURE_SAME_ROUND,multiple active rows in authoritative round 4: no single invalid row deterministically identifiable,2026-08-01 00:05:11.924091,2026-08-01 00:05:11.910417,2026-08-01 00:05:11.910417
EXCLUDED,17178,862,267,28,city,True,4,C_MULTIPLE_AUTHORITATIVE_MATCH/DUPLICATE_SEASON_STRUCTURE_SAME_ROUND,multiple active rows in authoritative round 4: no single invalid row deterministically identifiable,2026-09-03 12:08:17.299465,2026-09-03 12:08:17.282014,2026-09-03 12:08:17.282014
EXCLUDED,8409,862,249,1,continent,True,4,B_ZERO_AUTHORITATIVE_MATCH/ZM_MISSING_GENUINE_MEMBERSHIP,no active membership in authoritative round 4; winner never chosen,2026-05-31 01:03:06.710111,2026-05-02 01:35:11.289152,2026-05-31 01:03:06.675025
EXCLUDED,9848,862,252,2,continent,True,4,B_ZERO_AUTHORITATIVE_MATCH/ZM_MISSING_GENUINE_MEMBERSHIP,no active membership in authoritative round 4; winner never chosen,2026-06-30 00:20:07.557028,2026-05-31 00:03:10.721837,2026-06-30 00:20:07.538214
EXCLUDED,9881,865,252,2,continent,True,4,B_ZERO_AUTHORITATIVE_MATCH/ZM_MISSING_GENUINE_MEMBERSHIP,no active membership in authoritative round 4; winner never chosen,2026-06-30 00:20:07.660861,2026-05-31 00:03:10.849709,2026-06-30 00:20:07.643612
EXCLUDED,10580,865,249,1,continent,True,4,B_ZERO_AUTHORITATIVE_MATCH/ZM_MISSING_GENUINE_MEMBERSHIP,no active membership in authoritative round 4; winner never chosen,2026-05-31 01:03:06.836637,2026-05-31 01:03:06.816700,2026-05-31 01:03:06.816700
EXCLUDED,9342,888,251,1,global,True,4,B_ZERO_AUTHORITATIVE_MATCH/ZM_MISSING_GENUINE_MEMBERSHIP,no active membership in authoritative round 4; winner never chosen,2026-05-31 00:03:09.941430,2026-05-31 00:03:03.702216,2026-05-31 00:03:09.908483
EXCLUDED,12218,888,256,2,global,True,4,B_ZERO_AUTHORITATIVE_MATCH/ZM_MISSING_GENUINE_MEMBERSHIP,no active membership in authoritative round 4; winner never chosen,2026-06-30 00:20:13.173125,2026-06-17 18:26:33.528154,2026-06-30 00:20:13.134935
EXCLUDED,9334,889,251,1,global,True,4,B_ZERO_AUTHORITATIVE_MATCH/ZM_MISSING_GENUINE_MEMBERSHIP,no active membership in authoritative round 4; winner never chosen,2026-05-31 00:03:10.031569,2026-05-31 00:03:03.655168,2026-05-31 00:03:09.995584
EXCLUDED,12213,889,256,2,global,True,4,B_ZERO_AUTHORITATIVE_MATCH/ZM_MISSING_GENUINE_MEMBERSHIP,no active membership in authoritative round 4; winner never chosen,2026-06-30 00:20:13.239513,2026-06-17 18:26:33.478707,2026-06-30 00:20:13.186925
EXCLUDED,9299,890,251,1,global,True,4,B_ZERO_AUTHORITATIVE_MATCH/ZM_MISSING_GENUINE_MEMBERSHIP,no active membership in authoritative round 4; winner never chosen,2026-05-31 00:03:10.139969,2026-05-31 00:03:03.477775,2026-05-31 00:03:10.096404
EXCLUDED,12208,890,256,2,global,True,4,B_ZERO_AUTHORITATIVE_MATCH/ZM_MISSING_GENUINE_MEMBERSHIP,no active membership in authoritative round 4; winner never chosen,2026-06-30 00:20:13.316877,2026-06-17 18:26:33.433310,2026-06-30 00:20:13.259411
EXCLUDED,9333,895,251,1,global,True,4,B_ZERO_AUTHORITATIVE_MATCH/ZM_MISSING_GENUINE_MEMBERSHIP,no active membership in authoritative round 4; winner never chosen,2026-05-31 00:03:10.138648,2026-05-31 00:03:03.655168,2026-05-31 00:03:10.096404
EXCLUDED,12217,895,256,2,global,True,4,B_ZERO_AUTHORITATIVE_MATCH/ZM_MISSING_GENUINE_MEMBERSHIP,no active membership in authoritative round 4; winner never chosen,2026-06-30 00:20:13.315592,2026-06-17 18:26:33.528154,2026-06-30 00:20:13.259411
EXCLUDED,9770,896,251,1,global,True,4,B_ZERO_AUTHORITATIVE_MATCH/ZM_MISSING_GENUINE_MEMBERSHIP,no active membership in authoritative round 4; winner never chosen,2026-05-31 00:03:10.030005,2026-05-31 00:03:09.995584,2026-05-31 00:03:09.995584
EXCLUDED,12212,896,256,2,global,True,4,B_ZERO_AUTHORITATIVE_MATCH/ZM_MISSING_GENUINE_MEMBERSHIP,no active membership in authoritative round 4; winner never chosen,2026-06-30 00:20:13.237852,2026-06-17 18:26:33.478707,2026-06-30 00:20:13.186925
EXCLUDED,9298,897,251,1,global,True,4,B_ZERO_AUTHORITATIVE_MATCH/ZM_MISSING_GENUINE_MEMBERSHIP,no active membership in authoritative round 4; winner never chosen,2026-05-31 00:03:09.940066,2026-05-31 00:03:03.477775,2026-05-31 00:03:09.908483
EXCLUDED,12207,897,256,2,global,True,4,B_ZERO_AUTHORITATIVE_MATCH/ZM_MISSING_GENUINE_MEMBERSHIP,no active membership in authoritative round 4; winner never chosen,2026-06-30 00:20:13.171824,2026-06-17 18:26:33.433310,2026-06-30 00:20:13.134935
EXCLUDED,9244,898,249,1,continent,True,4,B_ZERO_AUTHORITATIVE_MATCH/ZM_MISSING_GENUINE_MEMBERSHIP,no active membership in authoritative round 4; winner never chosen,2026-05-31 01:03:06.620708,2026-05-31 00:03:02.890937,2026-05-31 01:03:06.581810
EXCLUDED,9836,898,252,2,continent,True,4,B_ZERO_AUTHORITATIVE_MATCH/ZM_MISSING_GENUINE_MEMBERSHIP,no active membership in authoritative round 4; winner never chosen,2026-06-30 00:20:07.430701,2026-05-31 00:03:10.645478,2026-06-30 00:20:07.241405
EXCLUDED,9738,899,249,1,continent,True,4,B_ZERO_AUTHORITATIVE_MATCH/ZM_MISSING_GENUINE_MEMBERSHIP,no active membership in authoritative round 4; winner never chosen,2026-05-31 01:03:12.639611,2026-05-31 00:03:09.821993,2026-05-31 01:03:12.595512
EXCLUDED,10348,899,252,2,continent,True,4,B_ZERO_AUTHORITATIVE_MATCH/ZM_MISSING_GENUINE_MEMBERSHIP,no active membership in authoritative round 4; winner never chosen,2026-06-30 00:20:13.097670,2026-05-31 00:03:16.912360,2026-06-30 00:20:13.086791
EXCLUDED,9246,900,249,1,continent,True,4,B_ZERO_AUTHORITATIVE_MATCH/ZM_MISSING_GENUINE_MEMBERSHIP,no active membership in authoritative round 4; winner never chosen,2026-05-31 01:03:06.619398,2026-05-31 00:03:02.890937,2026-05-31 01:03:06.581810
EXCLUDED,9835,900,252,2,continent,True,4,B_ZERO_AUTHORITATIVE_MATCH/ZM_MISSING_GENUINE_MEMBERSHIP,no active membership in authoritative round 4; winner never chosen,2026-06-30 00:20:07.432625,2026-05-31 00:03:10.645478,2026-06-30 00:20:07.241405
EXCLUDED,9748,901,251,1,global,True,4,B_ZERO_AUTHORITATIVE_MATCH/ZM_MISSING_GENUINE_MEMBERSHIP,no active membership in authoritative round 4; winner never chosen,2026-05-31 00:03:09.857110,2026-05-31 00:03:09.821993,2026-05-31 00:03:09.821993
EXCLUDED,12187,901,256,2,global,True,4,B_ZERO_AUTHORITATIVE_MATCH/ZM_MISSING_GENUINE_MEMBERSHIP,no active membership in authoritative round 4; winner never chosen,2026-06-30 00:20:13.124253,2026-06-17 18:26:33.191624,2026-06-30 00:20:13.086791
EXCLUDED,9747,902,251,1,global,True,4,B_ZERO_AUTHORITATIVE_MATCH/ZM_MISSING_GENUINE_MEMBERSHIP,no active membership in authoritative round 4; winner never chosen,2026-05-31 00:03:09.855902,2026-05-31 00:03:09.821993,2026-05-31 00:03:09.821993
EXCLUDED,12200,902,256,2,global,True,4,B_ZERO_AUTHORITATIVE_MATCH/ZM_MISSING_GENUINE_MEMBERSHIP,no active membership in authoritative round 4; winner never chosen,2026-06-30 00:20:13.123047,2026-06-17 18:26:33.311273,2026-06-30 00:20:13.086791
EXCLUDED,9247,903,249,1,continent,True,4,B_ZERO_AUTHORITATIVE_MATCH/ZM_MISSING_GENUINE_MEMBERSHIP,no active membership in authoritative round 4; winner never chosen,2026-05-31 01:03:06.626243,2026-05-31 00:03:02.890937,2026-05-31 01:03:06.581810
EXCLUDED,9840,903,252,2,continent,True,4,B_ZERO_AUTHORITATIVE_MATCH/ZM_MISSING_GENUINE_MEMBERSHIP,no active membership in authoritative round 4; winner never chosen,2026-06-30 00:20:07.425311,2026-05-31 00:03:10.645478,2026-06-30 00:20:07.241405
EXCLUDED,9243,909,249,1,continent,True,4,B_ZERO_AUTHORITATIVE_MATCH/ZM_MISSING_GENUINE_MEMBERSHIP,no active membership in authoritative round 4; winner never chosen,2026-05-31 01:03:06.624954,2026-05-31 00:03:02.890937,2026-05-31 01:03:06.581810
EXCLUDED,9839,909,252,2,continent,True,4,B_ZERO_AUTHORITATIVE_MATCH/ZM_MISSING_GENUINE_MEMBERSHIP,no active membership in authoritative round 4; winner never chosen,2026-06-30 00:20:07.428139,2026-05-31 00:03:10.645478,2026-06-30 00:20:07.241405
EXCLUDED,9746,912,251,1,global,True,4,B_ZERO_AUTHORITATIVE_MATCH/ZM_MISSING_GENUINE_MEMBERSHIP,no active membership in authoritative round 4; winner never chosen,2026-05-31 00:03:09.854580,2026-05-31 00:03:09.821993,2026-05-31 00:03:09.821993
EXCLUDED,12124,912,256,2,global,True,4,B_ZERO_AUTHORITATIVE_MATCH/ZM_MISSING_GENUINE_MEMBERSHIP,no active membership in authoritative round 4; winner never chosen,2026-06-30 00:20:13.121922,2026-06-17 18:26:32.945733,2026-06-30 00:20:13.086791
EXCLUDED,16296,913,265,21,continent,True,4,B_ZERO_AUTHORITATIVE_MATCH/ZM_ALL_ACTIVE_MEMBERSHIPS_FOREIGN,no active membership in authoritative round 4; winner never chosen,2026-09-03 13:04:23.607392,2026-08-01 02:38:51.255529,2026-09-03 13:04:07.238422
EXCLUDED,17078,913,254,3,continent,True,4,B_ZERO_AUTHORITATIVE_MATCH/ZM_ALL_ACTIVE_MEMBERSHIPS_FOREIGN,no active membership in authoritative round 4; winner never chosen,2026-09-03 13:04:30.296716,2026-08-01 02:39:12.039342,2026-09-03 13:04:29.558222
EXCLUDED,10585,916,249,1,continent,True,4,B_ZERO_AUTHORITATIVE_MATCH/ZM_MISSING_GENUINE_MEMBERSHIP,no active membership in authoritative round 4; winner never chosen,2026-05-31 01:03:06.845134,2026-05-31 01:03:06.816700,2026-05-31 01:03:06.816700
EXCLUDED,12898,916,252,2,continent,True,4,B_ZERO_AUTHORITATIVE_MATCH/ZM_MISSING_GENUINE_MEMBERSHIP,no active membership in authoritative round 4; winner never chosen,2026-06-30 00:20:07.662844,2026-06-30 00:20:07.643612,2026-06-30 00:20:07.643612
EXCLUDED,9245,922,249,1,continent,True,4,B_ZERO_AUTHORITATIVE_MATCH/ZM_MISSING_GENUINE_MEMBERSHIP,no active membership in authoritative round 4; winner never chosen,2026-05-31 01:03:06.623603,2026-05-31 00:03:02.890937,2026-05-31 01:03:06.581810
EXCLUDED,9838,922,252,2,continent,True,4,B_ZERO_AUTHORITATIVE_MATCH/ZM_MISSING_GENUINE_MEMBERSHIP,no active membership in authoritative round 4; winner never chosen,2026-06-30 00:20:07.429429,2026-05-31 00:03:10.645478,2026-06-30 00:20:07.241405
EXCLUDED,9745,923,251,1,global,True,4,B_ZERO_AUTHORITATIVE_MATCH/ZM_MISSING_GENUINE_MEMBERSHIP,no active membership in authoritative round 4; winner never chosen,2026-05-31 00:03:09.853331,2026-05-31 00:03:09.821993,2026-05-31 00:03:09.821993
EXCLUDED,12198,923,256,2,global,True,4,B_ZERO_AUTHORITATIVE_MATCH/ZM_MISSING_GENUINE_MEMBERSHIP,no active membership in authoritative round 4; winner never chosen,2026-06-30 00:20:13.120610,2026-06-17 18:26:33.311273,2026-06-30 00:20:13.086791
EXCLUDED,8417,924,249,1,continent,True,4,B_ZERO_AUTHORITATIVE_MATCH/ZM_MISSING_GENUINE_MEMBERSHIP,no active membership in authoritative round 4; winner never chosen,2026-05-31 01:03:06.726502,2026-05-02 01:35:11.324731,2026-05-31 01:03:06.675025
EXCLUDED,9847,924,252,2,continent,True,4,B_ZERO_AUTHORITATIVE_MATCH/ZM_MISSING_GENUINE_MEMBERSHIP,no active membership in authoritative round 4; winner never chosen,2026-06-30 00:20:07.561931,2026-05-31 00:03:10.721837,2026-06-30 00:20:07.538214
EXCLUDED,9293,925,251,1,global,True,4,B_ZERO_AUTHORITATIVE_MATCH/ZM_MISSING_GENUINE_MEMBERSHIP,no active membership in authoritative round 4; winner never chosen,2026-05-31 00:03:09.938800,2026-05-31 00:03:03.414378,2026-05-31 00:03:09.908483
EXCLUDED,12184,925,256,2,global,True,4,B_ZERO_AUTHORITATIVE_MATCH/ZM_MISSING_GENUINE_MEMBERSHIP,no active membership in authoritative round 4; winner never chosen,2026-06-30 00:20:13.170398,2026-06-17 18:26:33.191624,2026-06-30 00:20:13.134935
EXCLUDED,9782,926,251,1,global,True,4,B_ZERO_AUTHORITATIVE_MATCH/ZM_MISSING_GENUINE_MEMBERSHIP,no active membership in authoritative round 4; winner never chosen,2026-05-31 00:03:10.137206,2026-05-31 00:03:10.096404,2026-05-31 00:03:10.096404
EXCLUDED,13202,926,256,2,global,True,4,B_ZERO_AUTHORITATIVE_MATCH/ZM_MISSING_GENUINE_MEMBERSHIP,no active membership in authoritative round 4; winner never chosen,2026-06-30 00:20:13.314098,2026-06-30 00:20:13.259411,2026-06-30 00:20:13.259411
EXCLUDED,7391,926,247,2,regional,True,4,B_ZERO_AUTHORITATIVE_MATCH/ZM_MISSING_GENUINE_MEMBERSHIP,no active membership in authoritative round 4; winner never chosen,2026-05-02 01:00:36.958057,2026-05-02 01:00:36.915334,2026-05-02 01:00:36.915334
EXCLUDED,8280,926,245,1,regional,True,4,B_ZERO_AUTHORITATIVE_MATCH/ZM_MISSING_GENUINE_MEMBERSHIP,no active membership in authoritative round 4; winner never chosen,2026-05-02 01:49:00.944058,2026-05-02 01:00:43.361300,2026-05-02 01:49:00.910730
EXCLUDED,9288,927,251,1,global,True,4,B_ZERO_AUTHORITATIVE_MATCH/ZM_MISSING_GENUINE_MEMBERSHIP,no active membership in authoritative round 4; winner never chosen,2026-05-31 00:03:10.028655,2026-05-31 00:03:03.353397,2026-05-31 00:03:09.995584
EXCLUDED,12123,927,256,2,global,True,4,B_ZERO_AUTHORITATIVE_MATCH/ZM_MISSING_GENUINE_MEMBERSHIP,no active membership in authoritative round 4; winner never chosen,2026-06-30 00:20:13.235557,2026-06-17 18:26:32.945733,2026-06-30 00:20:13.186925
EXCLUDED,16312,928,265,21,continent,True,4,B_ZERO_AUTHORITATIVE_MATCH/ZM_ALL_ACTIVE_MEMBERSHIPS_FOREIGN,no active membership in authoritative round 4; winner never chosen,2026-09-03 13:04:23.840597,2026-08-01 02:38:51.453624,2026-09-03 13:04:07.238422
EXCLUDED,17094,928,254,3,continent,True,4,B_ZERO_AUTHORITATIVE_MATCH/ZM_ALL_ACTIVE_MEMBERSHIPS_FOREIGN,no active membership in authoritative round 4; winner never chosen,2026-09-03 13:04:30.676750,2026-08-01 02:39:14.120081,2026-09-03 13:04:29.558222
EXCLUDED,16308,929,265,21,continent,True,4,B_ZERO_AUTHORITATIVE_MATCH/ZM_ALL_ACTIVE_MEMBERSHIPS_FOREIGN,no active membership in authoritative round 4; winner never chosen,2026-09-03 13:04:23.839374,2026-08-01 02:38:51.453624,2026-09-03 13:04:07.238422
EXCLUDED,17090,929,254,3,continent,True,4,B_ZERO_AUTHORITATIVE_MATCH/ZM_ALL_ACTIVE_MEMBERSHIPS_FOREIGN,no active membership in authoritative round 4; winner never chosen,2026-09-03 13:04:30.672480,2026-08-01 02:39:14.120081,2026-09-03 13:04:29.558222
EXCLUDED,16307,931,265,21,continent,True,4,B_ZERO_AUTHORITATIVE_MATCH/ZM_ALL_ACTIVE_MEMBERSHIPS_FOREIGN,no active membership in authoritative round 4; winner never chosen,2026-09-03 13:04:23.828522,2026-08-01 02:38:51.453624,2026-09-03 13:04:07.238422
EXCLUDED,17089,931,254,3,continent,True,4,B_ZERO_AUTHORITATIVE_MATCH/ZM_ALL_ACTIVE_MEMBERSHIPS_FOREIGN,no active membership in authoritative round 4; winner never chosen,2026-09-03 13:04:30.659413,2026-08-01 02:39:14.120081,2026-09-03 13:04:29.558222
EXCLUDED,16311,934,265,21,continent,True,4,B_ZERO_AUTHORITATIVE_MATCH/ZM_ALL_ACTIVE_MEMBERSHIPS_FOREIGN,no active membership in authoritative round 4; winner never chosen,2026-09-03 13:04:23.832542,2026-08-01 02:38:51.453624,2026-09-03 13:04:07.238422
EXCLUDED,17093,934,254,3,continent,True,4,B_ZERO_AUTHORITATIVE_MATCH/ZM_ALL_ACTIVE_MEMBERSHIPS_FOREIGN,no active membership in authoritative round 4; winner never chosen,2026-09-03 13:04:30.660926,2026-08-01 02:39:14.120081,2026-09-03 13:04:29.558222
EXCLUDED,9292,937,251,1,global,True,4,B_ZERO_AUTHORITATIVE_MATCH/ZM_MISSING_GENUINE_MEMBERSHIP,no active membership in authoritative round 4; winner never chosen,2026-05-31 00:03:10.027164,2026-05-31 00:03:03.414378,2026-05-31 00:03:09.995584
EXCLUDED,12221,937,256,2,global,True,4,B_ZERO_AUTHORITATIVE_MATCH/ZM_MISSING_GENUINE_MEMBERSHIP,no active membership in authoritative round 4; winner never chosen,2026-06-30 00:20:13.234167,2026-06-17 18:26:33.571555,2026-06-30 00:20:13.186925
EXCLUDED,9286,938,251,1,global,True,4,B_ZERO_AUTHORITATIVE_MATCH/ZM_MISSING_GENUINE_MEMBERSHIP,no active membership in authoritative round 4; winner never chosen,2026-05-31 00:03:09.937544,2026-05-31 00:03:03.353397,2026-05-31 00:03:09.908483
EXCLUDED,12216,938,256,2,global,True,4,B_ZERO_AUTHORITATIVE_MATCH/ZM_MISSING_GENUINE_MEMBERSHIP,no active membership in authoritative round 4; winner never chosen,2026-06-30 00:20:13.169110,2026-06-17 18:26:33.528154,2026-06-30 00:20:13.134935
EXCLUDED,9781,939,251,1,global,True,4,B_ZERO_AUTHORITATIVE_MATCH/ZM_MISSING_GENUINE_MEMBERSHIP,no active membership in authoritative round 4; winner never chosen,2026-05-31 00:03:10.135747,2026-05-31 00:03:10.096404,2026-05-31 00:03:10.096404
EXCLUDED,12211,939,256,2,global,True,4,B_ZERO_AUTHORITATIVE_MATCH/ZM_MISSING_GENUINE_MEMBERSHIP,no active membership in authoritative round 4; winner never chosen,2026-06-30 00:20:13.312678,2026-06-17 18:26:33.478707,2026-06-30 00:20:13.259411
EXCLUDED,10584,943,249,1,continent,True,4,B_ZERO_AUTHORITATIVE_MATCH/ZM_MISSING_GENUINE_MEMBERSHIP,no active membership in authoritative round 4; winner never chosen,2026-05-31 01:03:06.843963,2026-05-31 01:03:06.816700,2026-05-31 01:03:06.816700
EXCLUDED,12912,943,252,2,continent,True,4,B_ZERO_AUTHORITATIVE_MATCH/ZM_MISSING_GENUINE_MEMBERSHIP,no active membership in authoritative round 4; winner never chosen,2026-06-30 00:20:07.691716,2026-06-30 00:20:07.643612,2026-06-30 00:20:07.643612
EXCLUDED,9242,950,249,1,continent,True,4,B_ZERO_AUTHORITATIVE_MATCH/ZM_MISSING_GENUINE_MEMBERSHIP,no active membership in authoritative round 4; winner never chosen,2026-05-31 01:03:06.622117,2026-05-31 00:03:02.890937,2026-05-31 01:03:06.581810
EXCLUDED,9837,950,252,2,continent,True,4,B_ZERO_AUTHORITATIVE_MATCH/ZM_MISSING_GENUINE_MEMBERSHIP,no active membership in authoritative round 4; winner never chosen,2026-06-30 00:20:07.426809,2026-05-31 00:03:10.645478,2026-06-30 00:20:07.241405
EXCLUDED,8418,951,249,1,continent,True,4,B_ZERO_AUTHORITATIVE_MATCH/ZM_MISSING_GENUINE_MEMBERSHIP,no active membership in authoritative round 4; winner never chosen,2026-05-31 01:03:06.723497,2026-05-02 01:35:11.324731,2026-05-31 01:03:06.675025
EXCLUDED,9846,951,252,2,continent,True,4,B_ZERO_AUTHORITATIVE_MATCH/ZM_MISSING_GENUINE_MEMBERSHIP,no active membership in authoritative round 4; winner never chosen,2026-06-30 00:20:07.559598,2026-05-31 00:03:10.721837,2026-06-30 00:20:07.538214
EXCLUDED,9256,951,251,1,global,True,4,B_ZERO_AUTHORITATIVE_MATCH/ZM_MISSING_GENUINE_MEMBERSHIP,no active membership in authoritative round 4; winner never chosen,2026-05-31 00:03:03.107567,2026-05-31 00:03:02.983930,2026-05-31 00:03:03.049892
EXCLUDED,12115,951,256,2,global,True,4,B_ZERO_AUTHORITATIVE_MATCH/ZM_MISSING_GENUINE_MEMBERSHIP,no active membership in authoritative round 4; winner never chosen,2026-06-17 18:26:32.873276,2026-06-17 18:26:32.828107,2026-06-17 18:26:32.828107
EXCLUDED,9744,952,251,1,global,True,4,B_ZERO_AUTHORITATIVE_MATCH/ZM_MISSING_GENUINE_MEMBERSHIP,no active membership in authoritative round 4; winner never chosen,2026-05-31 00:03:09.851985,2026-05-31 00:03:09.821993,2026-05-31 00:03:09.821993
EXCLUDED,12095,952,256,2,global,True,4,B_ZERO_AUTHORITATIVE_MATCH/ZM_MISSING_GENUINE_MEMBERSHIP,no active membership in authoritative round 4; winner never chosen,2026-06-30 00:20:13.119435,2026-06-17 18:26:32.712630,2026-06-30 00:20:13.086791
EXCLUDED,16310,953,265,21,continent,True,4,B_ZERO_AUTHORITATIVE_MATCH/ZM_ALL_ACTIVE_MEMBERSHIPS_FOREIGN,no active membership in authoritative round 4; winner never chosen,2026-09-03 13:04:23.835457,2026-08-01 02:38:51.453624,2026-09-03 13:04:07.238422
EXCLUDED,17092,953,254,3,continent,True,4,B_ZERO_AUTHORITATIVE_MATCH/ZM_ALL_ACTIVE_MEMBERSHIPS_FOREIGN,no active membership in authoritative round 4; winner never chosen,2026-09-03 13:04:30.666597,2026-08-01 02:39:14.120081,2026-09-03 13:04:29.558222
EXCLUDED,14559,1116,261,4,continent,True,26,B_ZERO_AUTHORITATIVE_MATCH/ZM_MISSING_GENUINE_MEMBERSHIP,no active membership in authoritative round 26; winner never chosen,2026-09-03 13:04:27.736338,2026-07-01 00:05:25.848432,2026-09-03 13:04:07.238422
EXCLUDED,18251,1116,265,21,continent,True,26,B_ZERO_AUTHORITATIVE_MATCH/ZM_MISSING_GENUINE_MEMBERSHIP,no active membership in authoritative round 26; winner never chosen,2026-09-03 13:04:23.332608,2026-09-03 12:08:37.269438,2026-09-03 13:04:07.238422
EXCLUDED,14562,1120,261,4,continent,True,26,B_ZERO_AUTHORITATIVE_MATCH/ZM_MISSING_GENUINE_MEMBERSHIP,no active membership in authoritative round 26; winner never chosen,2026-09-03 13:04:27.781056,2026-07-01 00:05:25.881867,2026-09-03 13:04:07.238422
EXCLUDED,18252,1120,265,21,continent,True,26,B_ZERO_AUTHORITATIVE_MATCH/ZM_MISSING_GENUINE_MEMBERSHIP,no active membership in authoritative round 26; winner never chosen,2026-09-03 13:04:23.396830,2026-09-03 12:08:37.269438,2026-09-03 13:04:07.238422
EXCLUDED,14435,1137,261,4,continent,True,26,B_ZERO_AUTHORITATIVE_MATCH/ZM_MISSING_GENUINE_MEMBERSHIP,no active membership in authoritative round 26; winner never chosen,2026-09-03 13:04:25.829222,2026-07-01 00:05:24.116518,2026-09-03 13:04:07.238422
EXCLUDED,18200,1137,265,21,continent,True,26,B_ZERO_AUTHORITATIVE_MATCH/ZM_MISSING_GENUINE_MEMBERSHIP,no active membership in authoritative round 26; winner never chosen,2026-09-03 13:04:19.595875,2026-09-03 12:08:34.629293,2026-09-03 13:04:07.238422
EXCLUDED,16979,1184,265,21,continent,True,27,B_ZERO_AUTHORITATIVE_MATCH/ZM_LEGACY_ROUND_SEMANTIC_CONFLICT,no active membership in authoritative round 27; winner never chosen,2026-09-03 13:04:23.914065,2026-08-01 02:38:45.756086,2026-09-03 13:04:07.238422
EXCLUDED,17097,1184,261,4,continent,True,27,B_ZERO_AUTHORITATIVE_MATCH/ZM_LEGACY_ROUND_SEMANTIC_CONFLICT,no active membership in authoritative round 27; winner never chosen,2026-09-03 13:04:27.847416,2026-08-01 02:39:08.571632,2026-09-03 13:04:07.238422
EXCLUDED,17102,1184,254,3,continent,True,27,B_ZERO_AUTHORITATIVE_MATCH/ZM_LEGACY_ROUND_SEMANTIC_CONFLICT,no active membership in authoritative round 27; winner never chosen,2026-09-03 13:04:30.909622,2026-08-01 02:39:14.515347,2026-09-03 13:04:29.558222
EXCLUDED,16978,1189,265,21,continent,True,27,B_ZERO_AUTHORITATIVE_MATCH/ZM_LEGACY_ROUND_SEMANTIC_CONFLICT,no active membership in authoritative round 27; winner never chosen,2026-09-03 13:04:23.915491,2026-08-01 02:38:45.756086,2026-09-03 13:04:07.238422
EXCLUDED,17096,1189,261,4,continent,True,27,B_ZERO_AUTHORITATIVE_MATCH/ZM_LEGACY_ROUND_SEMANTIC_CONFLICT,no active membership in authoritative round 27; winner never chosen,2026-09-03 13:04:27.848687,2026-08-01 02:39:08.571632,2026-09-03 13:04:07.238422
EXCLUDED,17101,1189,254,3,continent,True,27,B_ZERO_AUTHORITATIVE_MATCH/ZM_LEGACY_ROUND_SEMANTIC_CONFLICT,no active membership in authoritative round 27; winner never chosen,2026-09-03 13:04:30.914375,2026-08-01 02:39:14.515347,2026-09-03 13:04:29.558222
EXCLUDED,16977,1202,265,21,continent,True,27,B_ZERO_AUTHORITATIVE_MATCH/ZM_LEGACY_ROUND_SEMANTIC_CONFLICT,no active membership in authoritative round 27; winner never chosen,2026-09-03 13:04:23.918075,2026-08-01 02:38:45.756086,2026-09-03 13:04:07.238422
EXCLUDED,17095,1202,261,4,continent,True,27,B_ZERO_AUTHORITATIVE_MATCH/ZM_LEGACY_ROUND_SEMANTIC_CONFLICT,no active membership in authoritative round 27; winner never chosen,2026-09-03 13:04:27.851438,2026-08-01 02:39:08.571632,2026-09-03 13:04:07.238422
EXCLUDED,17100,1202,254,3,continent,True,27,B_ZERO_AUTHORITATIVE_MATCH/ZM_LEGACY_ROUND_SEMANTIC_CONFLICT,no active membership in authoritative round 27; winner never chosen,2026-09-03 13:04:30.922677,2026-08-01 02:39:14.515347,2026-09-03 13:04:29.558222
EXCLUDED,15710,1206,261,4,continent,True,27,B_ZERO_AUTHORITATIVE_MATCH/ZM_LEGACY_ROUND_SEMANTIC_CONFLICT,no active membership in authoritative round 27; winner never chosen,2026-09-03 13:04:25.825404,2026-08-01 02:38:41.867542,2026-09-03 13:04:07.238422
EXCLUDED,16165,1206,265,21,continent,True,27,B_ZERO_AUTHORITATIVE_MATCH/ZM_LEGACY_ROUND_SEMANTIC_CONFLICT,no active membership in authoritative round 27; winner never chosen,2026-09-03 13:04:19.587375,2026-08-01 02:38:47.729607,2026-09-03 13:04:07.238422
EXCLUDED,15773,1207,261,4,continent,True,27,B_ZERO_AUTHORITATIVE_MATCH/ZM_LEGACY_ROUND_SEMANTIC_CONFLICT,no active membership in authoritative round 27; winner never chosen,2026-09-03 13:04:27.784827,2026-08-01 02:38:44.009535,2026-09-03 13:04:07.238422
EXCLUDED,16286,1207,265,21,continent,True,27,B_ZERO_AUTHORITATIVE_MATCH/ZM_LEGACY_ROUND_SEMANTIC_CONFLICT,no active membership in authoritative round 27; winner never chosen,2026-09-03 13:04:23.401211,2026-08-01 02:38:51.154217,2026-09-03 13:04:07.238422
EXCLUDED,15772,1208,261,4,continent,True,27,B_ZERO_AUTHORITATIVE_MATCH/ZM_LEGACY_ROUND_SEMANTIC_CONFLICT,no active membership in authoritative round 27; winner never chosen,2026-09-03 13:04:27.732180,2026-08-01 02:38:44.009535,2026-09-03 13:04:07.238422
EXCLUDED,16283,1208,265,21,continent,True,27,B_ZERO_AUTHORITATIVE_MATCH/ZM_LEGACY_ROUND_SEMANTIC_CONFLICT,no active membership in authoritative round 27; winner never chosen,2026-09-03 13:04:23.325426,2026-08-01 02:38:51.101467,2026-09-03 13:04:07.238422
EXCLUDED,17118,1221,254,3,continent,True,28,B_ZERO_AUTHORITATIVE_MATCH/ZM_LEGACY_ROUND_SEMANTIC_CONFLICT,no active membership in authoritative round 28; winner never chosen,2026-09-03 13:04:30.439625,2026-08-15 16:01:31.251304,2026-09-03 13:04:29.558222
EXCLUDED,18260,1221,265,21,continent,True,28,B_ZERO_AUTHORITATIVE_MATCH/ZM_LEGACY_ROUND_SEMANTIC_CONFLICT,no active membership in authoritative round 28; winner never chosen,2026-09-03 13:04:23.725104,2026-09-03 12:08:37.269438,2026-09-03 13:04:07.238422
EXCLUDED,17126,1222,254,3,continent,True,28,B_ZERO_AUTHORITATIVE_MATCH/ZM_LEGACY_ROUND_SEMANTIC_CONFLICT,no active membership in authoritative round 28; winner never chosen,2026-09-03 13:04:30.294633,2026-08-15 17:01:43.941797,2026-09-03 13:04:29.558222
EXCLUDED,18256,1222,265,21,continent,True,28,B_ZERO_AUTHORITATIVE_MATCH/ZM_LEGACY_ROUND_SEMANTIC_CONFLICT,no active membership in authoritative round 28; winner never chosen,2026-09-03 13:04:23.605131,2026-09-03 12:08:37.269438,2026-09-03 13:04:07.238422
EXCLUDED,17137,1235,261,4,continent,True,28,B_ZERO_AUTHORITATIVE_MATCH/ZM_LEGACY_ROUND_SEMANTIC_CONFLICT,no active membership in authoritative round 28; winner never chosen,2026-09-03 13:04:27.850072,2026-08-18 15:11:40.987706,2026-09-03 13:04:07.238422
EXCLUDED,17138,1235,254,3,continent,True,28,B_ZERO_AUTHORITATIVE_MATCH/ZM_LEGACY_ROUND_SEMANTIC_CONFLICT,no active membership in authoritative round 28; winner never chosen,2026-09-03 13:04:30.917804,2026-08-18 15:11:47.548671,2026-09-03 13:04:29.558222
EXCLUDED,18264,1235,265,21,continent,True,28,B_ZERO_AUTHORITATIVE_MATCH/ZM_LEGACY_ROUND_SEMANTIC_CONFLICT,no active membership in authoritative round 28; winner never chosen,2026-09-03 13:04:23.916833,2026-09-03 12:08:37.568833,2026-09-03 13:04:07.238422
